UNOME,QTDE
SILVA,5853
SANTOS,3179
OLIVEIRA,2272
SOUZA,1771
LIMA,1245
COSTA,1203
PEREIRA,935
FERREIRA,901
ARAUJO,837
CARVALHO,770
NASCIMENTO,734
RODRIGUES,696
ALMEIDA,686
SOUSA,680
RIBEIRO,596
GOMES,595
ALVES,542
MARTINS,476
BARBOSA,456
ROCHA,435
MELO,433
ANDRADE,398
VIEIRA,393
FREITAS,387
SOARES,376
LOPES,369
GONCALVES,353
FERNANDES,346
DIAS,325
CASTRO,307
BARROS,302
REIS,299
CRUZ,299
SANTANA,292
MOREIRA,290
PINTO,285
MACHADO,284
NUNES,284
RAMOS,279
CUNHA,276
TEIXEIRA,255
PINHEIRO,249
CARDOSO,243
MEDEIROS,239
MENDES,239
BRITO,234
MORAES,231
SILVEIRA,229
MOURA,229
MARQUES,221
CAMPOS,218
COELHO,216
GUIMARAES,212
JESUS,212
MIRANDA,210
AZEVEDO,204
LEITE,201
ROSA,200
MONTEIRO,198
MORAIS,190
BEZERRA,189
FONSECA,188
MENEZES,184
BORGES,179
BATISTA,177
NOGUEIRA,174
FARIAS,167
NEVES,163
VASCONCELOS,161
CORREA,160
TAVARES,156
MATOS,153
MAGALHAES,151
ALBUQUERQUE,148
CAVALCANTE,145
FARIA,144
MACEDO,139
SIQUEIRA,138
AMORIM,138
DUARTE,137
AMARAL,136
MAIA,135
AGUIAR,133
BRAGA,131
MELLO,129
PAULA,128
ABREU,127
FIGUEIREDO,127
QUEIROZ,127
GARCIA,126
CONCEICAO,123
PIRES,122
MENDONCA,121
VIANA,121
CARNEIRO,118
BARRETO,116
FRANCA,115
SA,115
MOTA,114
XAVIER,112
CABRAL,111
DANTAS,109
PAIVA,108
TORRES,104
MACIEL,102
SAMPAIO,102
LEAL,102
CHAVES,100
CORDEIRO,96
FREIRE,96
CORREIA,96
BASTOS,96
COUTINHO,94
BRANDAO,94
ASSIS,93
CAVALCANTI,91
LEMOS,83
LUZ,82
SALES,82
CARMO,81
CHAGAS,81
GUEDES,80
ALENCAR,75
PEIXOTO,73
PACHECO,73
DINIZ,72
LACERDA,70
MESQUITA,70
MATTOS,68
PASSOS,65
ARRUDA,65
PRADO,64
PIMENTEL,64
LINS,64
CAMARGO,63
MARINHO,63
ANJOS,62
LEAO,62
REZENDE,62
PESSOA,61
PONTES,59
SIMOES,59
SANTIAGO,58
PORTO,57
DUTRA,57
GALVAO,56
MUNIZ,56
FRANCO,56
LIRA,56
AQUINO,55
RANGEL,55
FURTADO,52
PINHO,50
FEITOSA,50
COUTO,50
ALCANTARA,49
TRINDADE,48
LOBO,47
VALE,47
MOTTA,47
GAMA,46
LOURENCO,46
REGO,45
SENA,45
CERQUEIRA,45
NOBREGA,43
VIANNA,43
ANTUNES,43
FONTES,42
RAMALHO,41
FLORES,41
FERRAZ,41
CAETANO,41
LISBOA,40
HOLANDA,40
VIDAL,40
ARAGAO,40
SARAIVA,40
GUERRA,40
RABELO,40
PAZ,39
CALDAS,39
BRASIL,38
VELOSO,38
VARGAS,38
DAMASCENO,38
VAZ,37
PERES,37
SERRA,37
BRANCO,37
RESENDE,37
TELES,37
BITTENCOURT,36
VASCONCELLOS,35
FELIX,35
BARROSO,35
FALCAO,34
BANDEIRA,34
AVILA,34
FAGUNDES,34
BOTELHO,34
ASSUNCAO,34
DOMINGUES,34
PENHA,32
VALENTE,32
MENESES,32
ESTEVES,31
CAMARA,31
LUCENA,31
NOBRE,31
BARBOZA,30
BAPTISTA,30
LOUREIRO,30
SANTO,29
ANNA,29
LESSA,29
GOES,29
FRANCISCO,29
LEITAO,28
VERAS,28
LINHARES,28
NOVAES,28
PAIXAO,28
PIMENTA,28
BOMFIM,28
TOLEDO,28
LUCAS,27
EVANGELISTA,27
CESAR,27
FIGUEIRA,27
VEIGA,27
GOULART,27
BORBA,26
LOBATO,26
FRAGA,26
PEDROSA,26
SOUTO,26
PAES,26
ALVARENGA,26
GOUVEIA,25
SALDANHA,25
ROSARIO,25
NETTO,25
BRAZ,25
RIOS,24
GONZAGA,24
BUENO,24
DOMINGOS,24
MEIRA,24
ANA,24
BISPO,24
PADILHA,24
VILELA,23
PEDROSO,23
CAMPELO,23
SARMENTO,23
PAULO,23
ALEXANDRE,23
VENTURA,23
BERNARDES,23
QUADROS,22
PORTELA,22
MORENO,22
SALGADO,22
JORGE,22
BERNARDO,22
MARINS,21
SALLES,21
COIMBRA,21
BRUM,21
GOIS,21
BENTO,21
PARENTE,20
SANCHES,20
ARANTES,20
CANDIDO,20
BARCELLOS,20
PANTOJA,20
CALDEIRA,20
LUIZ,20
DOURADO,19
NERY,19
VALLE,19
FELIPE,19
FIALHO,19
BARCELOS,19
AFONSO,19
BONFIM,19
BESSA,19
GOUVEA,19
MATIAS,19
PENA,18
CARDOZO,18
MARIA,18
MOURAO,18
LAGO,18
NORONHA,18
CUSTODIO,18
MONTE,18
NOVAIS,18
HENRIQUE,17
SODRE,17
MEIRELES,17
MULLER,17
MARANHAO,17
CASTILHO,17
LUNA,17
SCHNEIDER,17
ARANHA,17
SOBRAL,17
GODINHO,17
WANDERLEY,17
ANTONIO,16
MATA,16
FERRO,16
ABRANTES,16
FAUSTINO,16
MADEIRA,16
LAGE,16
FONTOURA,16
GONDIM,16
MARIANO,16
FLORENCIO,15
GADELHA,15
AIRES,15
PRATES,15
SIMAO,15
AMARO,15
ROSSI,15
RAPOSO,15
ELIAS,15
ROLIM,15
BECKER,15
HENRIQUES,15
MIGUEL,14
GONTIJO,14
FORTES,14
TERRA,14
FERRARI,14
DAVID,14
SALVADOR,14
MONTENEGRO,14
TELLES,14
GODOY,14
JOSE,14
PAULINO,14
GONZALEZ,14
SEIXAS,14
SERPA,14
VICENTE,13
SERAFIM,13
NEIVA,13
MASCARENHAS,13
GIRAO,13
TOMAZ,13
GIL,13
MARTINEZ,13
HORA,13
AZEREDO,13
SABINO,13
DELGADO,13
PENNA,13
TEODORO,13
CORTES,13
BELO,13
UCHOA,13
AVELINO,12
FIRMINO,12
BRITTO,12
GURGEL,12
FRAZAO,12
GUSMAO,12
VALENTIM,12
VELLOSO,12
CALAZANS,12
REBOUCAS,12
ATAIDE,12
BENEVIDES,12
GASPAR,12
NEGREIROS,12
MALAQUIAS,12
PEDRO,12
MUNHOZ,12
CLEMENTE,12
LARA,12
FONTENELE,12
BERNARDINO,12
MESSIAS,12
ASSUMPCAO,12
MARCELINO,12
CORTEZ,12
BITENCOURT,12
FIGUEREDO,11
BOAS,11
SILVERIO,11
RUAS,11
PESSANHA,11
REBELO,11
ALVAREZ,11
BASILIO,11
MODESTO,11
GALDINO,11
BELLO,11
FILGUEIRA,11
GABRIEL,11
VIEGAS,11
PEREZ,11
DIOGO,11
LAGES,11
JARDIM,11
CARLOS,11
HORTA,11
CALIXTO,11
MEIRELLES,11
ADRIANO,11
ESPINDOLA,10
DORNELLES,10
SEABRA,10
BRUNO,10
SCHMIDT,10
CANTO,10
ANGELO,10
GAIA,10
OSORIO,10
QUINTANILHA,10
VALENCA,10
PADUA,10
EDUARDO,10
AYRES,10
CAMILO,10
WEBER,10
ANSELMO,10
PRATA,10
GUILHERME,10
FROTA,10
RUFINO,10
DEUS,10
FEITOZA,10
VENANCIO,10
BASSO,10
THOMAZ,10
NEPOMUCENO,10
QUARESMA,10
ESTRELA,10
COLARES,10
RIBAS,10
LIMEIRA,10
ROMEIRO,9
CANTANHEDE,9
VASQUES,9
PRIMO,9
VITAL,9
PRAZERES,9
PALMA,9
GARCEZ,9
NETA,9
JUNQUEIRA,9
ROMERO,9
PATRIOTA,9
BRAGANCA,9
BELTRAO,9
KLEIN,9
QUIRINO,9
FERNANDEZ,9
NERI,9
PORTUGAL,9
TRAJANO,9
BATALHA,9
CINTRA,9
ZEFERINO,9
SENNA,9
MARCAL,9
LAVOR,9
CEZAR,9
SEVERO,9
LINO,9
MORALES,9
MEDINA,9
MALTA,9
LUSTOSA,9
DANIEL,9
CASSIANO,9
MAXIMO,9
MARRA,9
MAURICIO,9
ALBERTO,9
LOUZADA,9
SIMAS,9
LANDIM,9
VITORINO,9
XIMENES,8
AUGUSTO,8
SABOIA,8
ALVIM,8
SEVERINO,8
BALBINO,8
CUTRIM,8
VITOR,8
REGIS,8
ROBERTO,8
REBELLO,8
PAVAO,8
SATO,8
BIANCHI,8
JERONIMO,8
GALINDO,8
SCHMITT,8
LYRA,8
RITA,8
MARCONDES,8
CAMELO,8
AMBROSIO,8
LEANDRO,8
PONTE,8
FILHA,8
ROMAO,8
NONATO,8
SALOMAO,8
COTRIM,8
BONIFACIO,8
PICANCO,8
NAVES,8
RICARDO,8
GOMIDE,8
AVELAR,8
SACRAMENTO,8
CRESPO,8
SIMON,8
MAFRA,8
LOIOLA,8
BARBIERI,8
ALVARES,8
BESERRA,8
FILGUEIRAS,8
CONDE,8
ADAO,8
PALMEIRA,7
BENTES,7
RUSSO,7
GUERREIRO,7
CARRIJO,7
MONTES,7
HOFFMANN,7
LEMES,7
QUEIROS,7
CARREIRO,7
SORIANO,7
FRAGOSO,7
SMITH,7
BARROZO,7
GUALBERTO,7
VALADARES,7
GUTIERREZ,7
SILVESTRE,7
LIBORIO,7
BARREIRA,7
BIANCO,7
BARATA,7
FONTANA,7
VITORIA,7
TENORIO,7
NAVARRO,7
ROQUE,7
LONGO,7
FELICIANO,7
FLOR,7
RAIMUNDO,7
ANDRE,7
SOBREIRA,7
FEIJO,7
RODRIGUEZ,7
SEREJO,7
LUCIO,7
BAIA,7
VINHAS,7
ACOSTA,7
ORTEGA,7
TOME,7
GERALDO,7
FLORENTINO,7
MATEUS,7
BACELAR,7
MATHIAS,7
PEQUENO,7
BRAUN,7
CIRILO,7
VALERIO,7
SANDES,7
HONORATO,7
RORIZ,7
HONORIO,7
SANCHEZ,6
CAIXETA,6
OMENA,6
AMANCIO,6
REAL,6
ZAGO,6
NOLASCO,6
FLORIANO,6
FIDELIS,6
JUCA,6
PALHETA,6
MACENA,6
MACIEIRA,6
AMERICO,6
JORDAO,6
CASAGRANDE,6
SAITO,6
BULHOES,6
JACQUES,6
RABELLO,6
WERNECK,6
MADRUGA,6
CARVALHAES,6
NOVA,6
LYRIO,6
MILITAO,6
MAEDA,6
BEVILAQUA,6
CRISPIM,6
BRASILEIRO,6
FACANHA,6
ROSSO,6
COLOMBO,6
NEGRAO,6
FROSSARD,6
DRUMOND,6
DORIA,6
MANHAES,6
CANUTO,6
GARCES,6
PERDIGAO,6
MAMEDE,6
MARIZ,6
GREGORIO,6
AGUILAR,6
TINOCO,6
ESCOBAR,6
AFFONSO,6
KRUGER,6
VILHENA,6
TREVISAN,6
SCHMITZ,6
PECANHA,6
ROZA,6
CELESTINO,6
PINA,6
CLAUDINO,6
MERCES,6
RUIZ,6
PATROCINIO,6
NICOLAU,6
FORTUNATO,6
NICACIO,6
PITA,6
VICTOR,6
SEGUNDO,6
LEME,6
CURADO,6
GENTIL,5
FIUZA,5
BENEDITO,5
MARIANI,5
BENETTI,5
MATSUMOTO,5
LOURES,5
PORTELLA,5
RAFAEL,5
COHEN,5
ADORNO,5
RAMIRES,5
LUCCA,5
MATTA,5
MIRA,5
GODOI,5
MINEIRO,5
POMPEU,5
CACERES,5
TOSTA,5
GARRIDO,5
PAIM,5
INACIO,5
GOMEZ,5
BERTO,5
GRANJA,5
ANASTACIO,5
AMADO,5
BRILHANTE,5
PEDREIRA,5
VALADAO,5
MADUREIRA,5
HERNANDEZ,5
SIEBRA,5
PATRICIO,5
ALONSO,5
FROES,5
HERCULANO,5
SARGES,5
BERRIEL,5
FONTENELLE,5
HARTMANN,5
PASIANI,5
ALTOE,5
CESARIO,5
PEGO,5
PAIS,5
MEDRADO,5
CAVALHEIRO,5
MILHOMEM,5
AGRA,5
PESTANA,5
TAVEIRA,5
BOECHAT,5
GRANDE,5
FORMIGA,5
SANTIN,5
BOAVENTURA,5
PERIN,5
PALHARES,5
SCHERER,5
MANSO,5
MANGUEIRA,5
MILANI,5
ORNELAS,5
PACIFICO,5
MOITA,5
MOUSINHO,5
CARVALHAL,5
VENTURINI,5
ESMERALDO,5
DUAILIBE,5
LELIS,5
BAHIA,5
NOLETO,5
RICHTER,5
CAMILLO,5
VILLAR,5
JULIAO,5
VILLELA,5
CALIL,5
DOREA,5
JUSTO,5
ATHAYDE,5
DORNELES,5
ESTEVAO,5
FELIPPE,5
JUSTINO,5
SOEIRO,5
AVELLAR,5
JOAQUIM,5
JANUARIO,5
MORETTI,5
ROSAS,5
ARCANJO,5
DIAZ,5
DIONISIO,5
ESPOSITO,5
VERDE,5
ITO,5
LINDOSO,5
SUZUKI,5
VILACA,5
AROUCA,5
LAMARAO,5
ARRAES,5
DURAES,5
NATIVIDADE,5
VELHO,5
ROMUALDO,5
VERISSIMO,5
JACINTO,5
FABRICIO,5
NARDI,5
CESTARI,4
TANAKA,4
BRESSAN,4
PEDROZO,4
SPINELLI,4
MORO,4
CEZARIO,4
PRESTES,4
NAZARETH,4
GROSSI,4
MORGADO,4
FRIAS,4
PEDROZA,4
VULCAO,4
LEONCIO,4
RIBAMAR,4
SARTORI,4
LENZI,4
CYPRIANO,4
SUZART,4
ARRAIS,4
HADDAD,4
CURY,4
ALMADA,4
ZANATTA,4
FRANCESCHINI,4
SATURNINO,4
CAMPELLO,4
PUGAS,4
CURI,4
MALUF,4
FREDERICO,4
BICALHO,4
LEE,4
CRISTO,4
BALTAZAR,4
GUILHERMINO,4
ALECRIM,4
ZANINI,4
COSME,4
GRECO,4
PENTEADO,4
LADISLAU,4
BONA,4
ENCARNACAO,4
EMERENCIANO,4
MAYRINK,4
MURTA,4
ROMANO,4
GONCALO,4
GOMIDES,4
SENRA,4
VIRGENS,4
GAVA,4
ABRAO,4
TRAVASSOS,4
MARTIN,4
ROOS,4
AYROSA,4
GERMANO,4
CIRQUEIRA,4
LAMEIRA,4
MOUTINHO,4
TORQUATO,4
GIMENEZ,4
LAMOUNIER,4
CID,4
KUNZ,4
PONCIANO,4
EULALIO,4
TRIGUEIRO,4
BRAUNA,4
MARCELO,4
SETUBAL,4
VILAR,4
VILARIM,4
RITTER,4
BRANT,4
VOLOTAO,4
MARCOLINO,4
MORORO,4
SERRAO,4
POVOA,4
PORFIRIO,4
CARLINI,4
GRACIANO,4
TOBIAS,4
GRACA,4
GALLO,4
MARIN,4
PORTES,4
MARINO,4
MOSER,4
SCHREIBER,4
CONRADO,4
MEYER,4
THEODORO,4
BERGER,4
AMARANTE,4
HERZOG,4
VALERIANO,4
BEM,4
CAMARGOS,4
CARUSO,4
BELISARIO,4
VARELLA,4
MONTELES,4
FONTELES,4
ORTIZ,4
O,4
ANDRADA,4
KADRI,4
RECH,4
CALADO,4
AMAZONAS,4
ANUNCIACAO,4
CASSEMIRO,4
IGLESIAS,4
DAMASO,4
ARCOVERDE,4
SANTORO,4
SALGUEIRO,4
CALEGARI,4
FOGACA,4
APARECIDO,4
SANSON,4
FIRME,4
HURTADO,4
MILANEZ,4
DAMASCENA,4
BERGMANN,4
UZEDA,4
DAHER,4
NOBLAT,4
MOLINA,4
DAVI,4
PARREIRA,4
APOLINARIO,4
JANNUZZI,4
WESTPHAL,4
YAMASHITA,4
CALHEIROS,4
SARDINHA,4
MOL,4
BARONI,4
JATOBA,4
BARRA,4
LOBAO,4
FELICIO,4
BARREIRO,4
PASCHOAL,4
SIMONATO,4
MAIOR,4
BENIGNO,4
PASCOAL,4
JAQUES,4
BELCHIOR,4
MAIER,4
BENDER,4
CASTANON,4
CECILIO,4
DRUMMOND,3
FIORI,3
CANELLAS,3
REGINA,3
CONDURU,3
BURMANN,3
BUSS,3
TODESCHINI,3
ERSE,3
GALIZA,3
ROXO,3
SANTANNA,3
FISCHER,3
PORTILHO,3
ESPINDULA,3
CANTUARIA,3
CANGUSSU,3
CONTI,3
TARGINO,3
DIOGENES,3
DAMASIO,3
CIRNE,3
ROSENDO,3
CARACAS,3
CASTANHEIRA,3
PIROLA,3
RAULINO,3
PIO,3
RAYMUNDO,3
BORRALHO,3
CIRINO,3
TANURE,3
CASTELO,3
ROSADO,3
RAZERA,3
FERRI,3
CAHET,3
CARBONERA,3
GHISI,3
SALVIO,3
CARDEAL,3
GENEROSO,3
ROLDAO,3
CATAO,3
FELISBERTO,3
ROMAN,3
SALIM,3
COLLARES,3
FIGUEROA,3
CASSIMIRO,3
CATARINO,3
SCHWARZ,3
SIMPLICIO,3
EIRAS,3
DUQUE,3
TOLENTINO,3
PLACIDO,3
SANDRI,3
ELEUTERIO,3
COAN,3
GEHLEN,3
CASTILLO,3
ESPINOLA,3
SOLON,3
SIMONETTI,3
DONATO,3
CASTELLO,3
DOMINICI,3
PUERARI,3
CARNAUBA,3
CARTAXO,3
SABATINI,3
CRUVINEL,3
CROSSETTI,3
CERVO,3
REY,3
SCARANO,3
SORIA,3
FABRIS,3
FRIGO,3
BRIGIDA,3
RUA,3
PROCOPIO,3
TEDESCO,3
DIEB,3
FRANKLIN,3
FOGOS,3
QUINTANA,3
FORTUNA,3
QUEVEDO,3
SOTO,3
FRADE,3
DIONIZIO,3
FORTALEZA,3
TERCEIRO,3
RICARTE,3
FARACO,3
DOMINGUEZ,3
SILVANO,3
QUINTAO,3
REYES,3
CEOLIN,3
CURTO,3
FAJARDO,3
CAMBRAIA,3
CAMPETTI,3
CAMARAO,3
BRETAS,3
SERRANO,3
FAVERO,3
FUTURO,3
TAVORA,3
DEWES,3
PRAES,3
FAVARO,3
CANCADO,3
CANCELLA,3
EUGENIO,3
CORNELIO,3
FAVACHO,3
BRUNET,3
REINALDO,3
CORIOLANO,3
TONINI,3
DELMONDES,3
TIMOTEO,3
FLAUSINO,3
ESTEVAM,3
SUCUPIRA,3
SABOYA,3
SPINDOLA,3
FURLAN,3
FROSI,3
RENOVATO,3
TABORDA,3
FABIANO,3
RIPARDO,3
TIBURCIO,3
FUJIMOTO,3
CRAVO,3
CHACON,3
FAVA,3
CALVO,3
CANAL,3
EVARISTO,3
COURY,3
COURA,3
DORNELAS,3
CHAIN,3
BRAVO,3
SUAREZ,3
MASSENA,3
GUTERRES,3
PEDROTTI,3
BARACHO,3
ARGENTA,3
ZANETTI,3
NERIS,3
MANCINI,3
URBANO,3
KIMURA,3
URQUIZA,3
BERTOLINI,3
ARENA,3
MALLMANN,3
MALHEIROS,3
WEINTRAUB,3
PARANHOS,3
LIMOEIRO,3
MERIGUETE,3
WEISS,3
LIMONGI,3
MESCOUTO,3
HERMANN,3
ZAMPROGNO,3
HERMES,3
HERRERA,3
ZAMPIERI,3
MONCAO,3
HIRATA,3
PAMPLONA,3
ALELUIA,3
MANDARINO,3
PATRAO,3
LEONARDO,3
MARAMALDO,3
GUIDA,3
ALANO,3
GUIDI,3
ALARCAO,3
PEDRAS,3
MORATELLI,3
VILARINHO,3
WANZELER,3
LEON,3
ARNAUT,3
MELONIO,3
WATANABE,3
ARGOLO,3
MANSUR,3
KOBAYASHI,3
BALTAR,3
ULHOA,3
ALBINO,3
ALBRECHT,3
PAVAN,3
ALCOFORADO,3
BHERING,3
NAZARIO,3
BEZERRIL,3
ALEIXO,3
KASPER,3
PALMIERI,3
HOFF,3
BAUER,3
LUTZ,3
MOITINHO,3
ANDREATTA,3
NUNEZ,3
JOIA,3
LUIS,3
ISMAEL,3
JOAO,3
LUCINDO,3
ONOFRE,3
ONO,3
LUCIANO,3
OLMEDO,3
YAMAGUCHI,3
OLIVER,3
ANGELIM,3
JACINTHO,3
JACO,3
BAY,3
MIOTTO,3
JACOB,3
WOLFF,3
JACOBS,3
JACOME,3
LOUZEIRO,3
LORENZO,3
INOJOSA,3
NOVO,3
NINA,3
BELTRAME,3
VALES,3
LIRIO,3
PAGOTO,3
MICHALSKI,3
MAGNO,3
BARRADAS,3
AMADOR,3
MICHELS,3
VANDERLEI,3
PACE,3
ZACARIAS,3
MADEIRO,3
NORA,3
ANCHIETA,3
BARROCA,3
ARAKAKI,3
WERNER,3
MOLL,3
JULIO,3
IGREJA,3
LOBOSCO,3
VARANDAS,3
LOCATELLI,3
ILHA,3
YAMAMOTO,3
LOCKS,3
AROUCHE,3
JAIME,3
BALEN,3
TRISTAO,3
ACIOLI,3
MUNDIM,3
MAYER,3
LAURINDO,3
LAMAS,3
VINAGRE,3
BOHRER,3
LAVRA,3
GODEIRO,3
MAZIERO,3
LAPA,3
BOGEA,3
BOFF,3
BAIMA,3
ZIMMERMANN,3
ZIMMER,3
MORETTO,3
NACIF,3
BOEIRA,3
LANNES,3
BONOTTO,3
MAURITY,3
TRENTIN,3
VIRTUOSO,3
GOSMANN,3
MORTE,3
PIANCO,3
GONSALVES,3
PIAIA,3
VOGT,3
VIZZOTTO,3
MARRIEL,3
BOM,3
MARREIROS,3
BOLZAN,3
MARANGONI,3
BAGOLIN,3
VIRGINIO,3
LAFAYETTE,3
MURAKAMI,3
LARANJEIRA,3
ABRAHAO,3
LARANJA,3
KUSTER,3
TOSTES,3
BACELLAR,3
GONZALES,3
BORDIGNON,3
VILLACA,3
MARTINIANO,3
VITORIO,3
GIRARDI,3
MELGACO,3
LEIPNITZ,3
WALTER,3
GIORDANO,3
TUPINAMBA,3
MELHORANCA,3
PERRONI,3
BIZZO,3
KREUTZ,3
ABDALLA,3
PENEDO,3
KREMER,3
AZAMBUJA,3
BIONDO,3
MARCHI,3
ZETOLES,3
KUIAVA,3
ASSAF,3
TROMBINI,3
AGOSTINI,3
AGOSTINHO,3
LANNA,3
GLORIA,3
MAREGA,3
MOULIN,3
BALBE,3
PEGAS,3
MOIZINHO,2
MOCO,2
ROSSATO,2
MOLINARI,2
LORENTZ,2
ROVARIS,2
LANG,2
LORENA,2
MOCELLIN,2
DOTTO,2
DOWSLEY,2
LOMBA,2
DRUZIAN,2
LONTRA,2
LANGE,2
SALLENAVE,2
LOMBARDI,2
LATINI,2
LOLLI,2
MOHR,2
LOFRANO,2
LONDERO,2
DELFINO,2
DUO,2
LAPOLLI,2
MOISES,2
DUMONT,2
LODI,2
SALONE,2
ROSSETTI,2
DUNLEY,2
DELBONI,2
SAID,2
DEMARTINI,2
LEOPOLDO,2
LEY,2
RUBIM,2
LEDA,2
MORES,2
MONTEZUMA,2
RUBIN,2
DIEFENBACH,2
LEGNANI,2
MORELLI,2
RUBINSTEIN,2
LESKE,2
DILL,2
SALVIANO,2
LAU,2
LEOPOLDINO,2
LEONI,2
LEONE,2
LEIRIA,2
LELLIS,2
DOMICIANO,2
RUDAKOFF,2
DOCKHORN,2
DIVINO,2
MORBECK,2
MORBACH,2
DITTER,2
DONINI,2
SABENCA,2
LIBERAL,2
LIBERATO,2
SALAZAR,2
SAKIYAMA,2
DENIUR,2
LAURENTINO,2
SAKAMOTO,2
LAURIA,2
DEOCLECIO,2
DEOLINDO,2
LISA,2
DEON,2
LAURIANO,2
DEROSSI,2
ROZADO,2
DESCHAMPS,2
DESIDERIO,2
DETANICO,2
LIPPI,2
LAVORATO,2
MONNERAT,2
LAZARO,2
LAZZAROTTO,2
MONSORES,2
MONTALVAO,2
LICHT,2
MONTEL,2
PILLAR,2
MILANEZI,2
LOSS,2
MARCHINI,2
CORAZZA,2
COQUEIRO,2
MEIER,2
MARCON,2
MARCOS,2
COPETTI,2
COPATI,2
MECENAS,2
MAZZONI,2
CONSTANTINO,2
MARIOTTI,2
CONSTANCIO,2
SCHRAMM,2
MAZZEI,2
MAZO,2
SCHROEDER,2
SCHUCK,2
CORBELLINI,2
CORDOVIL,2
COLPINI,2
SCHLEDER,2
MELQUIADES,2
SCHEFER,2
COTTA,2
MARACAJA,2
SCHEIDT,2
MELMAN,2
CORVELO,2
SCHERRER,2
MARANGON,2
SCHETTINO,2
CORSINO,2
CORRADI,2
MARCELLO,2
MARCHESE,2
CORONEL,2
MARCHETI,2
MARCHETTI,2
SCHULTZ,2
MAROCCOLO,2
MENEGAZZO,2
CLEMENTINO,2
SECO,2
CLAUS,2
CLAUDIO,2
MARTINES,2
CLARO,2
CLARK,2
SEDLACEK,2
CISNE,2
CISCOTTO,2
CIROLINI,2
MATSUBARA,2
MARTON,2
MATOLA,2
CIRIACO,2
CIPRIANO,2
MATHEUS,2
MASO,2
MARTINELLI,2
CLETO,2
SCHUMANN,2
SECCHI,2
SCHUTZ,2
MARREIRA,2
SCHWARZBOLD,2
COLETTO,2
MARREIRO,2
COL,2
SCOFANO,2
MARRONI,2
SCOPEL,2
SCORALICK,2
MARTEL,2
MARTELL,2
SCOTELANO,2
COCO,2
SCOTTON,2
MATURANA,2
MATTE,2
MANZAN,2
COZENDEY,2
LOUREDO,2
LUSA,2
MILLAN,2
SANTAREM,2
MILHOMENS,2
DAMACENO,2
MILFONT,2
DAMACENA,2
MILET,2
DALTRO,2
MILANO,2
DALRI,2
DALMOLIN,2
MASSON,2
MACIAS,2
DALCIN,2
MADEIROS,2
MAGANHA,2
DAIBERT,2
MINAMI,2
SANTANDER,2
SARDELA,2
LUPORINI,2
LOURENCAO,2
LOYOLA,2
LOZANO,2
SANDER,2
LUCIA,2
DANZIATO,2
LUCIANI,2
SANDRINI,2
LUCINARI,2
DANIN,2
LUDTKE,2
DANESE,2
DAMKE,2
SANMARTIN,2
LUDVIG,2
DAMBROS,2
LUNDGREN,2
MICHELIN,2
MICHAEL,2
MANOEL,2
MALLET,2
MERGULHAO,2
CUPERTINO,2
MERCADANTE,2
SAVIOLI,2
MEOTTI,2
MANCIO,2
SCALCO,2
CRISTOVAO,2
CRISTINO,2
MANDELLI,2
MENON,2
MANESCHY,2
CRESCENCIO,2
CREPALDI,2
MANGABEIRA,2
CREMASCO,2
MENEGUELLI,2
MALTEZ,2
MALIZIA,2
MICELI,2
CURTY,2
MAIO,2
MAIOLI,2
MIATELO,2
DAFLON,2
METZKER,2
SARINHO,2
MESTER,2
CZEPIELEWSKI,2
SARRI,2
MALAGUTTI,2
SASAKI,2
CZAIKOWSKI,2
MALDONADO,2
MALERBA,2
CURVO,2
CURVINA,2
CURVELLO,2
LANES,2
RODOLFO,2
ROSITO,2
PEIXE,2
PUPPIN,2
FRANKE,2
FRANCK,2
PAULON,2
PY,2
PAULETTO,2
HADAD,2
PAUFERRO,2
HAK,2
HALLAL,2
QUELHAS,2
PASTORIZA,2
HANSEN,2
QUERINO,2
PASTORE,2
PASSAMANI,2
PASSAGEM,2
HASHIMOTO,2
PARRIAO,2
PUPO,2
PULINO,2
PUGLIESE,2
PEDRA,2
FROIS,2
GUERIOS,2
PROENCA,2
PROFETA,2
FRITSCHE,2
FRINHANI,2
GUIDO,2
FRIEDRICH,2
PECORA,2
GUSTAVO,2
FREITAG,2
PAZZINI,2
GUIZZARDI,2
PAZETTO,2
PRUDENCIO,2
GULARTE,2
GURJAO,2
GUSMAN,2
FORSTER,2
FORNARI,2
PARRELA,2
FLAESCHEN,2
HOLLANDA,2
PALHEIRO,2
PALAU,2
HORAS,2
PALACIO,2
HORNINK,2
PAGLIA,2
PAGANOTTI,2
FLACH,2
PALOMO,2
PADOVAN,2
HUGUENIN,2
PACHA,2
FIRMO,2
RAIOL,2
FIRMEZA,2
OZORIO,2
IBIAPINA,2
RABONI,2
PALUDO,2
PARNES,2
PARANAIBA,2
HECKTHEUER,2
HEDLER,2
PARIZOTTO,2
QUINTANS,2
HEIZER,2
PAREDES,2
QUINTINO,2
FONTINELE,2
PARANAGUA,2
RABBANI,2
PARAISO,2
HERINGER,2
PARA,2
FONTANIVE,2
PANTALEAO,2
PANCERI,2
PAMPONET,2
FOLETTO,2
GUEIROS,2
GUBERT,2
LANDIN,2
GUAZINA,2
GAYOSO,2
GOIDANICH,2
GOLDENSTEIN,2
GAUDIO,2
GASPARETTO,2
PIAZ,2
PIASSABUSSU,2
POLICARPO,2
PIANTAVINHA,2
POMBO,2
GORDO,2
PONCE,2
GORLA,2
PONCIO,2
PONTUAL,2
GANEM,2
GANDRA,2
GOSS,2
GOSSLER,2
PIVETTA,2
GAZOLA,2
GAZOLLA,2
GHIGGI,2
GIACOMETTI,2
PILOTTO,2
GIACOMELLI,2
GIASSON,2
GIBSON,2
PIGNATTI,2
GIGLIO,2
PIGNATON,2
PIERETTI,2
GOEDERT,2
GITAHY,2
GLAESER,2
PIEDADE,2
GOBATTO,2
GOBETTI,2
PITALUGA,2
PITANGA,2
GOEBEL,2
GOTELIPE,2
PETRY,2
PETRUS,2
GRUBERIO,2
GRIJO,2
GRILLI,2
GABAS,2
GRILLO,2
GRIMALDI,2
PERALTA,2
PEPE,2
PRASERES,2
PENALVA,2
GABRIELLI,2
PRAXEDES,2
GUADAGNIN,2
SEIDEL,2
PELLEGRINI,2
PRESSATO,2
GUARANHO,2
GUARNIER,2
FUCK,2
PERFEITO,2
PERINI,2
GALUCIO,2
GALHARDO,2
GOULARTE,2
PETRONILHO,2
GOVEIA,2
PETRIS,2
PETRI,2
GRABOIS,2
GRACAS,2
GALLI,2
GALENO,2
POZZOBON,2
GRACIOLI,2
POUBEL,2
PETERSEN,2
POVOAS,2
POZZEBON,2
PEROSA,2
GRATAO,2
PEROBELLI,2
IBIAPINO,2
IBRAHIM,2
IERVOLINO,2
RAMIREZ,2
NAZARE,2
NAZAR,2
EUZEBIO,2
NATALINO,2
KOEHLER,2
NATAL,2
NASSERALA,2
NASSER,2
KOGA,2
KOHLER,2
NARDOTO,2
NAPOLI,2
ESTEPHANIO,2
ESQUERRE,2
RIZZO,2
NAPOLEAO,2
KOURY,2
KOUZAK,2
KOVACS,2
NAZARENO,2
RISCADO,2
EZEQUIEL,2
NEUMANN,2
KELLER,2
FALEIROS,2
RICCI,2
FALCON,2
KELLY,2
KERN,2
KEUSEN,2
NEY,2
NETO,2
NECKEL,2
NESPOLI,2
FADEL,2
RIELLA,2
RIGO,2
FACCO,2
NERES,2
RIMES,2
NEDER,2
NAKAMURA,2
ROCCA,2
ROCCO,2
MUCHIUTTI,2
ELER,2
ROMEU,2
ROMIO,2
EIRADO,2
RONDON,2
EGITO,2
LAIA,2
LAMEGO,2
ROSAL,2
LADEIA,2
ROSALES,2
ROSALINO,2
ROSAR,2
LANA,2
MOUZER,2
LANDAHL,2
ROSENO,2
ROSIM,2
LADEIRA,2
LACANA,2
KUBOTA,2
ROJAS,2
KUHN,2
ROCKENBACH,2
ERNESTO,2
GIACOMINI,2
ERICEIRA,2
KUMMEL,2
NADAI,2
ENES,2
KUNZLER,2
MURAD,2
ENDLICH,2
MUSSOI,2
MUSSI,2
EMIDIO,2
EMERICK,2
ELLER,2
LABOISSIERE,2
ROMARIZ,2
NICOLETTI,2
NICOLI,2
KAWANO,2
ITAPARICA,2
FERRER,2
ORLANDO,2
ORLANDI,2
ISRAEL,2
RE,2
ISSA,2
FERRARO,2
FERRAO,2
OLMOS,2
ISAIAS,2
IZIDORO,2
JABUR,2
FERIGUETTI,2
FENSTERSEIFER,2
FENERICH,2
JACOBI,2
REDONDO,2
FELISMINO,2
ORNELLAS,2
ISABEL,2
OLIVA,2
IMPROISE,2
RAMIRO,2
FIONTINA,2
RAMON,2
IGNACIO,2
OTERO,2
II,2
IKEDA,2
OSTERNO,2
OSHIRO,2
ISAAC,2
RAUBER,2
ORTIS,2
INOUE,2
RAUEN,2
ORSI,2
ORRICO,2
ORPHAO,2
RAVAGNANI,2
JACOMINI,2
JAEGER,2
KATZ,2
NOMAN,2
JUENGE,2
JULIANELLI,2
RENTE,2
REQUIAO,2
NOUGA,2
NOTTAR,2
JUNKES,2
RETAMOSO,2
NOGUEZ,2
JOVENTINO,2
FARAGO,2
NOE,2
KAMPF,2
FANTONI,2
NIWA,2
NITA,2
FANTE,2
NISHIMURA,2
JR,2
JOSEPH,2
OLIMPIO,2
FEIO,2
REGINATTO,2
JALES,2
JAMBEIRO,2
JANEIRO,2
JANSEN,2
OKAMOTO,2
FELGUEIRAS,2
JEREMIAS,2
REICHERT,2
NUERNBERG,2
JEZUS,2
JOB,2
FE,2
REINO,2
FAXINA,2
JOHN,2
FAVERI,2
REMIGIO,2
PELLEGRINO,2
LAMY,2
DURANS,2
BOZI,2
VELASCO,2
BRANCHER,2
SPADA,2
WERNZ,2
ARABE,2
APRIGIO,2
APARICIO,2
VEGA,2
CARRICO,2
WIESE,2
CARRILHO,2
WILL,2
ANUDA,2
BRABO,2
TOEBE,2
WERMELINGER,2
ANTONELLO,2
VAZQUEZ,2
VASSALLO,2
VASQUEZ,2
WINTER,2
BELARMINO,2
BOULHOSA,2
VASCO,2
BOUDENS,2
CASAES,2
CAIADO,2
BELEM,2
SONEGO,2
TOJAL,2
ARALDI,2
SPAGNOL,2
ANTERO,2
SPRICIGO,2
BAYER,2
BREDA,2
CARGNIN,2
AREAS,2
STABILE,2
BRAZIL,2
BRAZAO,2
VENCESLAU,2
TIEPPO,2
BRAVIN,2
VENCATO,2
BRAVIM,2
TIETZ,2
ARDENGHI,2
BEATTO,2
WERLE,2
CARLO,2
TILLMANN,2
BECHELANY,2
TIMM,2
BRANDT,2
BECK,2
CARMES,2
BECKENKAMP,2
VELLASCO,2
BECKMAN,2
WELTER,2
SPERANDIO,2
ARARUNA,2
BEDE,2
BOTTINO,2
ANTAS,2
BREDARIOL,2
BENITES,2
AMORETTI,2
BORTOLI,2
AMORAS,2
BENEDETTI,2
AMOEDO,2
YOSHIDA,2
SIMONI,2
SIMONASSI,2
BORSATO,2
BENEVENUTO,2
CAVASSANI,2
AMBROZEVICIUS,2
BENFICA,2
VALINO,2
VALGAS,2
BORTOLINI,2
CAYRES,2
TONIN,2
CECILIA,2
SILOS,2
CEIA,2
BERALDO,2
BERBERT,2
ZAIRE,2
BORGATO,2
TORMEN,2
BERG,2
CELLA,2
CENDON,2
BERGAMO,2
SIRQUEIRA,2
VALVERDE,2
SOMBRA,2
VANZELER,2
BELIZARIO,2
SOLER,2
ANISIO,2
BELLE,2
BELLI,2
VARELA,2
BOTAO,2
WOLF,2
BOSZCZOWSKI,2
BELLINTANI,2
CASSEB,2
VARANDA,2
ANGELIS,2
CASTANHA,2
CASTANHO,2
SIVIERO,2
BELTRAMI,2
BOSCO,2
ANDRETTA,2
ANDRES,2
CASTELAN,2
TOMASI,2
CASTELLANELLI,2
ANDREATA,2
BOSAIPO,2
BEMERGUY,2
YAMADA,2
ANDERSON,2
YAMAGUTI,2
CATALDI,2
STAIGER,2
ARGUELLO,2
ALT,2
BARCA,2
CAMACHO,2
VICTORINO,2
BARBALHO,2
BARBARA,2
TAAM,2
CAMARINHA,2
BINI,2
VINCENT,2
CAMATA,2
BURIL,2
BARBIO,2
BURGOS,2
SYLVESTRE,2
BAIAO,2
CAMPANA,2
TABOSA,2
SUZANO,2
CAMPANINI,2
VIAL,2
VIOL,2
BAETA,2
VIOTTI,2
BADU,2
BARDELLA,2
BADARO,2
BACURAU,2
VETTORE,2
TEMOTEO,2
CAMUEZA,2
BARONE,2
VICTORIO,2
CALVET,2
BACHMANN,2
BALDO,2
BALTHAZAR,2
CAIXEIRO,2
BALMANT,2
CAJUEIRO,2
VILARINDO,2
CALABRIA,2
BALIEIRO,2
VILARINS,2
VIGAS,2
TANNUS,2
CABREIRA,2
BALDUINO,2
VIELMO,2
TAKENAKA,2
BALDISSERA,2
BALBI,2
CABEZAS,2
TARACHUCKY,2
CALIMAN,2
CALISTO,2
BALDIN,2
TAKAHASHI,2
TAKAGI,2
BALDEZ,2
CALMON,2
VILLANOVA,2
VIDEIRA,2
BARAO,2
BALBINOT,2
BARATTO,2
SUGUIURA,2
VESCOVI,2
ARIMATEA,2
VERA,2
BASSANI,2
BASTO,2
BATH,2
ASSATO,2
VERCOSA,2
THIMOTEO,2
THIMOTHEO,2
CAPOBIANGO,2
CAPONE,2
STEINMETZ,2
CAPP,2
STEINMACHER,2
ASCENCAO,2
BATTI,2
ARY,2
BROCHADO,2
BRINGEL,2
BAU,2
BRIGIDO,2
AROUCHA,2
THOME,2
BRIDI,2
THORPE,2
STAVISKI,2
BAUMANN,2
ARNAUD,2
ARMANDO,2
TIAGO,2
CARDENAS,2
BAUMGRATZ,2
VEREDIANO,2
CAON,2
SUDRE,2
VERSIANI,2
BARQUETTE,2
BUAS,2
VITORIANO,2
BARREIROS,2
CANDEIAS,2
AYALA,2
AVO,2
BARRETTO,2
STURMER,2
TERNES,2
TERRAZAS,2
CANEDO,2
CANELA,2
AVANCINI,2
VIVAS,2
THE,2
VIVEIROS,2
AURELIO,2
STRAPAZZON,2
TESCH,2
BARTH,2
VERLY,2
VOGAS,2
BRONDANI,2
BARTZ,2
VOLPATO,2
VOLPE,2
ATANAZIO,2
VERGARA,2
STOCCHERO,2
VAL,2
CAGNI,2
ALSINA,2
CHRISTOFOLO,2
BERNARDI,2
ZATTONI,2
ABELHA,2
ZANETTE,2
VACCARELLI,2
AKEGAWA,2
ZANON,2
ZUIN,2
ADACHI,2
TRES,2
SGANZERLA,2
BIU,2
ZANONI,2
ABOUD,2
BICHARA,2
TOURINHO,2
TUCCI,2
TOTO,2
ZIOLI,2
ALFAIA,2
SERGIO,2
TOSATTI,2
BOHM,2
TOSCANO,2
BERTONCELLO,2
BERNAL,2
CESARO,2
ALEXANDRINO,2
BERTON,2
CHRISTO,2
SELVA,2
BERNARDELLI,2
BIANCHINI,2
SENE,2
TROVAO,2
CEZARINO,2
BLANCO,2
ZAPPA,2
CHINELATO,2
SHIMIZU,2
SHIMADA,2
ALBERTON,2
BONATES,2
ALBERTINI,2
ALBANO,2
TRAVAGLIA,2
TRAPP,2
BIASOLI,2
ALBERNAZ,2
BERTHOLDO,2
ZARAGOZA,2
BONATO,2
ACCIOLY,2
CHAMMA,2
UTZIG,2
SGORLA,2
ABRAMOVICI,2
BEZERRO,2
SERAFINI,2
CHIARELLO,2
ZARPELON,2
BONATTO,2
TRZECIAK,2
ZAPATA,2
ZARDO,2
BIAGI,2
BIZERRA,2
BERTAGNA,2
BIATO,2
AIHARA,2
BOLDRINI,2
CICERO,2
ABBOUD,2
ADERALDO,2
TORT,2
TORRINHA,2
ABBADE,2
AFONSECA,2
CHERMONT,2
ALMENDRA,2
CHERMAN,2
CHEDID,2
ZENI,2
CERETTA,2
TURQUE,2
CEREJA,2
CIDADE,2
ABADE,2
CHELOTTI,2
CERDEIRA,2
BONOMO,2
CHIKUSA,2
SHOCKNESS,2
ABDALA,2
VAGO,2
AGUIRRE,2
BERTONI,2
PATRIARCA,1
NOLASSO,1
PATURY,1
PAUMGARTTEN,1
PATO,1
NOVELLO,1
PATOILO,1
PATOLEA,1
PAULOZZI,1
VERVLOET,1
UNTURA,1
VERGILIO,1
OBERDIEK,1
ULIANI,1
PATZLAFF,1
PATTO,1
UNGERICHT,1
OBARA,1
NOMERIANO,1
ULISSES,1
PAULITSCH,1
VERSUTI,1
NONNENMACHER,1
ULKOWSKI,1
UNIAS,1
OBESO,1
PAULINELLI,1
OCAMPOS,1
PATARRAZ,1
OCHIUTO,1
NOCE,1
NOCKO,1
NODARI,1
ULIAN,1
NOGARA,1
OCHIRO,1
PAVANI,1
ULIANA,1
NOGUERA,1
VERZELETTI,1
OBICI,1
NOGUERES,1
PATEO,1
VENUTO,1
PATERNO,1
PATIAS,1
NOGUES,1
VERZOLA,1
NOJOSA,1
VERGAMINI,1
OBANA,1
VERBISCK,1
NOVAK,1
VEROLA,1
NOTARI,1
NOVAS,1
NOTARO,1
NOTAROBERTO,1
ULTRA,1
NUCCI,1
NOVODWORSKI,1
NOVOCHADLO,1
VERDINI,1
UNES,1
UMPIERRE,1
UMBELINO,1
UNGARETTI,1
PATRONO,1
UMEDA,1
VERNER,1
NOVIS,1
VERGA,1
VERMELHO,1
PAUL,1
VERLEUN,1
NOVION,1
NOVINTE,1
VERGINIO,1
VERDI,1
NOSE,1
NORAT,1
NUTO,1
OBADIA,1
NORBERTO,1
NORFINI,1
NOVELINO,1
PAULAGAMA,1
NORJOSA,1
VERGETTI,1
PATRINIERE,1
ULRICHSEN,1
NOVENA,1
NOVATO,1
NORMANDO,1
VERDERIO,1
VERDADE,1
VERRI,1
VERONES,1
VERDADEIRO,1
NORNBERG,1
NORO,1
VERONA,1
NOVILLO,1
PATZOLD,1
VERDEAL,1
NORTE,1
PATTUSSI,1
PAVLACK,1
PAVARINO,1
NESPOLO,1
NEMETALA,1
NEMER,1
UBIRAJARA,1
NEME,1
UBERTI,1
NELSON,1
UBARANA,1
UBALDO,1
UANUS,1
NEIVAS,1
TWORKOWSKI,1
PEDRON,1
VIDOR,1
NEIS,1
VIDOTE,1
NEMOTO,1
NENTZINSKY,1
NEO,1
UCHIKAWA,1
UECKER,1
PEDI,1
VIDA,1
NERO,1
UCHOAS,1
UCHIYAMA,1
NERINO,1
NEORIO,1
VIDELA,1
PEDRADA,1
VIDIGAL,1
PEDRAO,1
NEPOTE,1
VIDIO,1
NEIA,1
NEHME,1
NEGRY,1
VIGLIONI,1
TUSCO,1
VIGATA,1
NAZAL,1
TUROLA,1
TURNES,1
NAYLOR,1
PEETERS,1
VIEZZER,1
TURGEON,1
NAVEGA,1
TURELLA,1
NAVARRETE,1
NAVARINI,1
VIGNATTI,1
VIGAR,1
NAZARI,1
NEGRIZOLI,1
NEDIR,1
NEGRINI,1
NEGRI,1
TUXEN,1
NEGREDO,1
VIER,1
NEFFA,1
VIERA,1
VIESTEL,1
TUTYIA,1
NEDEFF,1
NECO,1
TUTTMAN,1
NECKER,1
VIESI,1
PEDERNEIRAS,1
PECORARO,1
VESPASIANO,1
NESTAL,1
NISHIKAWA,1
VEZU,1
NILTINHO,1
UEZU,1
NILO,1
UEZ,1
NIITSUMA,1
NIGAM,1
NIEROTKA,1
NIERO,1
PAZES,1
PAZETO,1
NIENOW,1
NIEMEIJER,1
NIELSEN,1
NISHIKIDO,1
UOIENO,1
NISHIMORI,1
VESTENA,1
VESSIO,1
NOBILE,1
NOAL,1
UJIKAWA,1
NIZZO,1
VESSONI,1
NITTO,1
UGGIONI,1
NITSCHKE,1
NITAO,1
VETTER,1
NISTAL,1
NISIMURA,1
NISHIOKA,1
NIELLA,1
NIEIRO,1
UETA,1
NGUYEN,1
PECLAT,1
NICKEL,1
NICIANI,1
NICCHIO,1
VICENZI,1
VICTER,1
NEYRA,1
NICODEMO,1
UEDA,1
NEVARES,1
VICTORA,1
NEUBAUER,1
VICTORIANO,1
PECORARI,1
VICENTINI,1
VICALVI,1
NIEDERAUER,1
NICOLICH,1
NIECHEL,1
VIALI,1
NIDECK,1
NICOLINI,1
UEMURA,1
NICOLIN,1
VIANEL,1
UEMA,1
NICOLE,1
VIARD,1
PAZINATO,1
UEMATSU,1
NICOLAY,1
PEARCE,1
PASTRO,1
VENEZIANI,1
OCHOA,1
PARADAS,1
OZEKI,1
OYAMA,1
OYAFUSO,1
OVIDES,1
OVANDO,1
OUTERELO,1
PARABOCZ,1
OURO,1
VABO,1
VANOLLI,1
OURIQUES,1
VANTI,1
PARACHIN,1
OURIQUE,1
OUEDRAOGO,1
VANJURA,1
OZGA,1
VANINI,1
PAPAIZ,1
PADRONES,1
PADRE,1
PADOVANI,1
VALTAO,1
PACO,1
VALVIESSE,1
VAN,1
PACATUBA,1
PAPARANA,1
VANAZZI,1
PAPASEIT,1
PAPI,1
PACHE,1
VANDERLEY,1
OTUBO,1
OTTONI,1
VAROTTO,1
OTTO,1
OSTI,1
VARASCHIN,1
PARAGUAI,1
PARAGUAY,1
VARASQUIM,1
OSOWSKI,1
UYEDA,1
UTTA,1
OSMAR,1
OSMAN,1
ORVIEDO,1
ORTONCELLI,1
ORTOLANI,1
VARGES,1
VARIANO,1
OSTRITZ,1
UZIEL,1
OSTWALD,1
VANZILLOTTA,1
OTTIS,1
OTTAIANO,1
VANZELOTTI,1
OTHECHAR,1
VANZETTO,1
OTHARAN,1
PARADELA,1
PARAGINSKI,1
OTAVIANO,1
VARAO,1
PARAENSE,1
OTANI,1
OTA,1
OSUNA,1
PAPACENA,1
PANZOLINI,1
VACCARI,1
VALOIS,1
PALMERIM,1
PANDOLFO,1
VALDUGA,1
PANEGASSI,1
VALENCIA,1
PALM,1
PANIZ,1
PALLA,1
VALENTINI,1
PALITOL,1
PANKO,1
VALER,1
VALERA,1
VALERINI,1
PALHAO,1
VALDRIGHI,1
PALMIER,1
VALDEVINO,1
PANCOTTO,1
PAN,1
VAINFAS,1
VALAMATOS,1
PALUMA,1
PANCIERA,1
VALCARENGHI,1
PALUCH,1
PALMISCIANO,1
PALOSCHI,1
PALOS,1
PANDILHA,1
PALOMINO,1
PALOMBO,1
PANDINI,1
PALHA,1
PALGROSSI,1
PANOEIRO,1
VALLIER,1
PAIAO,1
PAGY,1
PAGOTTO,1
PANTE,1
VALLER,1
PAGNONCELLI,1
PAGATINI,1
PAIRE,1
VACCARO,1
PANZA,1
PAGANO,1
PAGANI,1
VALLVE,1
PAEL,1
VALLEJO,1
VALLADARES,1
PALFINGER,1
VALIATI,1
PALERMO,1
PALAZOLLI,1
VALERO,1
PANSANI,1
PANSINI,1
PALACKY,1
VALIM,1
PANTANO,1
PALACIOS,1
VALIN,1
VAINE,1
VALLADAO,1
PANTALIAO,1
PAISANI,1
VARJAO,1
UTSCH,1
OCHS,1
VENDRAMIN,1
VENANZONI,1
PASCHOALINO,1
PASCO,1
PASCOA,1
URDANGARIN,1
OLCZEWSKI,1
OLCHA,1
PASCUAL,1
PASE,1
OLAVO,1
OLAVIO,1
VENDEIRO,1
OKUMOTO,1
OKUMA,1
VENDRAMEL,1
PASCHOALIN,1
OLEARE,1
OLEGARIO,1
OLIONI,1
OLIVAL,1
PARRA,1
PARRAS,1
URRUTIA,1
VELOZO,1
URRA,1
OLINTO,1
PARUSHEV,1
PARRO,1
VELTEN,1
VELUDO,1
PARSZUTO,1
OLGADOR,1
OLEGINI,1
URCULANO,1
OKITA,1
ORTINS,1
OKAZAKI,1
OFFREDI,1
OERTEL,1
ODORICO,1
PASSERI,1
ODONE,1
VENTURIM,1
PASSETTI,1
ODON,1
PASSIGATTI,1
URBAN,1
ODILON,1
PASTANA,1
URANY,1
VENTURINE,1
UPASE,1
URBANETTO,1
OGA,1
OGANDO,1
PASQUOTTO,1
PASKULIN,1
PASQUALETTI,1
OKANO,1
PASQUALIN,1
OKAMURA,1
VENERO,1
URBIETA,1
OGURO,1
PANASIEWICZ,1
OHLWEILER,1
VENTORIM,1
URBANETZ,1
OHANA,1
OH,1
OLIVAS,1
PAROS,1
PAROLA,1
VELLAME,1
ORMOND,1
ORMAY,1
ORLEAN,1
VAZZOLER,1
VEBER,1
ORGAMBIDE,1
PARGA,1
ORELLANA,1
VECCHI,1
ORDONEZ,1
PARGAS,1
ORAIR,1
VECCHIA,1
PARINTINTIN,1
VECCHIO,1
ORMONDE,1
VASSALO,1
USZACKI,1
VARSAMIS,1
ORTIGARA,1
UTIYKE,1
ORTHA,1
ORTH,1
ORTEGAL,1
ORRU,1
PARAPAR,1
PARDO,1
PARASKI,1
OROZCO,1
OROSCO,1
ORO,1
PARDINHO,1
PARDINI,1
OPITZ,1
VECHIA,1
VEDI,1
VELASQUES,1
PARKER,1
VEIMROBER,1
PARMA,1
URUGA,1
OLIVO,1
URTIGA,1
URSI,1
VEGINI,1
OLIVEIRAS,1
VELASQUEZ,1
VELAZQUEZ,1
VELICHKOVICH,1
PARODIA,1
OLIVE,1
URZEDA,1
OLSCHEWSKI,1
USHIROBIRA,1
OMAIRI,1
VEDOY,1
VEECK,1
PARIS,1
ONERIO,1
ONEL,1
ONCAY,1
OLZOG,1
PARIZ,1
OLYNTHO,1
OLVERA,1
OLTRAMARI,1
PARISE,1
OLSSON,1
OLSEN,1
VARRICHIO,1
MUZY,1
NAVAI,1
MIBIELLI,1
MICHELON,1
MICHELLUZZI,1
MICHELLI,1
ZAGHETTO,1
MICHELI,1
ZAGOTO,1
MICHELETTE,1
MICHELATO,1
MICHELAN,1
ZAHAIKEVITCH,1
MICHALCZUK,1
ZAIDMAN,1
MICHAILIDIS,1
ZALIS,1
MICHA,1
ZALTRAO,1
MICCAS,1
ZALUAR,1
ZAMBA,1
ZAGANELLI,1
MICHNIK,1
ZAGAGLIA,1
MIGUEIS,1
MILAGRES,1
MILAGRE,1
MIGUENS,1
ZABEL,1
ZABIELA,1
ZABOETZKI,1
ZABOT,1
ZACARIOTTO,1
MIGLORANCIA,1
ZAFFALON,1
MIGLIORINI,1
ZACCARO,1
MIGLIARDI,1
MIGITA,1
MIERES,1
MIDORIKAWA,1
MIDDLETON,1
ZACHOW,1
MICALI,1
ZAMBE,1
ZANELLA,1
ZAMBENEDETTI,1
MERIGUI,1
ZANATA,1
ZANCANARO,1
MERIDA,1
ZANCHETTIN,1
ZANCHI,1
ZANDAVALLI,1
ZANDOMENICO,1
ZANDOMENIGHI,1
MERGAR,1
ZANDONAI,1
MEREGE,1
MEREB,1
MERCURI,1
ZANELA,1
MERCALDO,1
MERCADO,1
ZANELATO,1
MERABET,1
MERINI,1
MERINO,1
ZANARDO,1
ZAMBERLAN,1
MIASATO,1
MIARI,1
MIANA,1
MEZZOMO,1
MEZRAHI,1
MEZECH,1
MEZAVILLA,1
MEZACASA,1
ZAMBONIN,1
MERLY,1
MESSAGI,1
ZAMIN,1
MESSAGE,1
MESSA,1
ZAMPIER,1
ZAMPIRON,1
ZANA,1
MERMIRIS,1
MILAN,1
MILANELLO,1
YURTSEVER,1
YUNG,1
WOLGAMOTT,1
MIRANDOLA,1
WOLHER,1
WOLLMANN,1
MIRAGLIA,1
WOLNEY,1
WOLNIEWICZ,1
MIQUELITO,1
WONDRACEK,1
MIODOWNIK,1
WOORTMANN,1
WOSGRAU,1
MINUZZI,1
MINTEGUI,1
WRIGHT,1
WU,1
MINSKI,1
WULHYNEK,1
MINOSSO,1
MIRON,1
MISCHIATTI,1
MISHMISH,1
MITRE,1
MIYAKODA,1
MIYAHIRA,1
WITSCHORECK,1
MITTEROFHE,1
WITT,1
MITTERHOFER,1
MITSUNAGA,1
WITTMANN,1
MITRAUD,1
WOICOLESCO,1
MITKIEWICZ,1
MITEL,1
WOEHL,1
MISZKOVSKI,1
MISURINI,1
MISSIUNAS,1
MISSIAS,1
MISSIAGGIA,1
MINILLO,1
WUNDHEILER,1
WUNSCH,1
MILENA,1
MILKI,1
YAMANAKA,1
MILITANI,1
YANAI,1
YASSINE,1
YAWANAWA,1
YIP,1
YOKOYAMA,1
MILECK,1
MILLA,1
MILBRADT,1
MILARE,1
YONAMINE,1
MILANIO,1
YONG,1
YOUNG,1
YOUSSEF,1
YULE,1
MILL,1
MILLEO,1
MINI,1
MINEO,1
MINHOTO,1
MINHAQUI,1
MINGRONE,1
MINGHETTI,1
XANTHAKOS,1
MINGARDI,1
MING,1
MINERVINI,1
MINELLO,1
YAGODNIK,1
XIKOTA,1
XIMENDES,1
MINE,1
MINCHIO,1
YACOVENCO,1
MINATTO,1
YACUBIAN,1
MINASI,1
MERA,1
MENUCCI,1
MIYASAKI,1
ZUBICUETA,1
ZOGHBI,1
MAXIMA,1
MAX,1
MAVIGNIER,1
ZOLET,1
MAUX,1
ZOLOTAR,1
ZOQUI,1
ZORZAN,1
ZORZELA,1
ZORZI,1
ZOTELI,1
MAUES,1
MAUERWERK,1
MAUER,1
MAUA,1
MATUSZAK,1
MATURINO,1
ZSOGON,1
ZOCA,1
MAXTA,1
ZISER,1
MAZZILLO,1
ZIDDE,1
ZIELINSKY,1
ZIESEMER,1
MAZZOCCO,1
ZILE,1
MAZZO,1
ZILLMER,1
ZIMBRES,1
MAZZEU,1
MAYWORM,1
ZIMERMANN,1
ZINADER,1
MAZURKIEVICZ,1
ZINELLI,1
ZIOLKOSKI,1
MAZALI,1
MAZAGAO,1
MAZACOTTE,1
ZUBCOV,1
MATUMOTO,1
MENONI,1
MATTOSO,1
MATINADA,1
MATIELLO,1
MATHIES,1
ZUZARTE,1
ZWICK,1
MATEU,1
MATEI,1
MATASSOLI,1
MATARUCO,1
MATARELLI,1
MATACHON,1
ZYCH,1
MASUDA,1
MASTRODOMENICO,1
MASTRANGELO,1
MASTELLA,1
MASSUDA,1
MASSOTTI,1
MASSONI,1
MATIOLI,1
MATION,1
MATIOTTI,1
ZUGLIANI,1
MATTOSINHO,1
ZUCK,1
MATTIELLO,1
ZUFFI,1
MATTAR,1
MATTANA,1
ZUFFO,1
ZUGAIB,1
MATSUUCHI,1
ZUZA,1
MATSUSHITA,1
MATSUMURA,1
ZUNEDA,1
ZUNIGA,1
MATOZO,1
MATOSO,1
ZUPPANI,1
ZUVANOV,1
MAZZUCCHELLI,1
ZICA,1
MAZZUCO,1
MCCALLUM,1
MENEGATTI,1
MENEGATHI,1
MENEGASSO,1
MENEGASSI,1
MENDOZA,1
ZAPPE,1
MENDEZ,1
MENDANHA,1
MENDA,1
MEMBRIVE,1
ZARATE,1
MELOTTI,1
ZARDINI,1
ZARRAGA,1
ZARZAR,1
MELLER,1
ZATONI,1
ZATTAR,1
ZATTI,1
ZAPPAROLI,1
MENEGHATTI,1
MENEGHEL,1
ZANOTELLI,1
ZANELLATO,1
ZANGELMI,1
ZANIN,1
MENKE,1
MENINO,1
MENINI,1
MENICUCCI,1
MENGALI,1
ZANOTTI,1
MENEGHINI,1
MENEZ,1
ZANUNCIO,1
MENEGUETTI,1
ZANUZZO,1
ZAO,1
MENEGUCI,1
MENEGOTTO,1
MENEGON,1
MELLADO,1
MELIS,1
MELINK,1
ZERLOTINE,1
MEHLER,1
MEGNA,1
MEGALE,1
MEGA,1
ZENEVICZ,1
MEDRANO,1
ZEPON,1
ZERBINATTI,1
ZEVE,1
MEIMES,1
MEDICE,1
ZGODA,1
MEDEIRO,1
ZHYDENKO,1
MEDAGLIA,1
ZIBETTI,1
MECELIS,1
MCNAMARA,1
ZEN,1
MEINERZ,1
MELIGA,1
ZAVALA,1
MELHADO,1
MELGUEIRO,1
MELCHIORS,1
MELCHIOR,1
MELCHIONNA,1
ZAVA,1
MELATO,1
MELAHI,1
ZAWALSKI,1
ZEM,1
ZECA,1
MEIRINO,1
ZECHINATTO,1
ZEDE,1
MEIRELIS,1
ZEDES,1
ZELAYA,1
ZELLA,1
MIYAMOTO,1
MIYASATO,1
VILALVA,1
MROZINSKI,1
VISENTINI,1
MULINARI,1
MULIN,1
VISGUEIRO,1
MULATO,1
MULATINHO,1
VISQUETTI,1
MULATI,1
VITA,1
MUHSSEN,1
MUGGIATI,1
MUCURY,1
MUCIO,1
MUCIDA,1
VITALINO,1
VITEK,1
MUCHENSKI,1
VITI,1
MUAZE,1
MUNCH,1
MUNCK,1
MUND,1
MUNSIGNATTI,1
MURATT,1
MURATORI,1
MURALIKRISHNA,1
VINHA,1
VINISKI,1
MURADAS,1
VINKE,1
MUNZLINGER,1
MUNOZ,1
VISCONTI,1
VIOLETTI,1
VIOTT,1
VIRGILIO,1
MUNHAK,1
VIRGOLINO,1
MUNEIRO,1
MUNDOCO,1
VIRGULINO,1
MRUE,1
MOZZER,1
VOLANTE,1
VITO,1
VIZIOLI,1
MOSTER,1
MOSTAJO,1
MOSTAFA,1
MOSTACATO,1
MOSSRI,1
MOSSO,1
MOSIMANN,1
VIZOTTO,1
MOSELLI,1
MOSCOSO,1
MOSCHINI,1
MOSCAVITCH,1
MOSCARDINI,1
MOSANER,1
VLNIESKA,1
MORUZZI,1
VOGEL,1
MORTARI,1
VIVIANI,1
VIVIANE,1
MOTOMIYA,1
VITTORAZZE,1
MOZZATO,1
MOYSES,1
VITOLA,1
VITORETTI,1
MOUSSALLEM,1
VITORINI,1
VITTI,1
VITTORASSI,1
MOURTHE,1
VIVIAN,1
MOURE,1
VITTORI,1
VITULLO,1
VIVACQUA,1
VIVAN,1
MOUCO,1
MOTTOLA,1
MOTTER,1
MURCA,1
MURICY,1
MURILA,1
MURITIBA,1
NAPOLITANO,1
VILHALVA,1
NANNI,1
NANA,1
NAMETALA,1
NAMEM,1
NAME,1
NALIO,1
NALIN,1
NALESSO,1
NALEPA,1
NALDI,1
VILHAMOR,1
NAKAUTH,1
NAKATA,1
NAKASHIMA,1
NAKAO,1
NAKANO,1
NAKAHORI,1
NAPPO,1
NARA,1
NARCISO,1
NASCENTE,1
NATILI,1
NATI,1
NATHAN,1
NATALIZI,1
VILAMAIOR,1
VILANOVA,1
VILARES,1
NASR,1
NASARETH,1
VILDOSO,1
VILARONGA,1
NARVAES,1
NARLOCH,1
NARINO,1
NARDULLI,1
NARDUCCI,1
VILASBOAS,1
NARDINO,1
NAKAHARA,1
NAKAGUMA,1
NAKAGAWA,1
MUSTACCHI,1
VILLAVERDE,1
VILLAVICENCIO,1
VILVERT,1
NACHBIN,1
NACHABE,1
MUZZI,1
MUSTRANGE,1
MUSTAFA,1
MUSSLINER,1
NADAIS,1
VINCLER,1
MUSSATO,1
MUSSALEM,1
MUSOLINO,1
MUSIAL,1
MURTINHO,1
VINECKY,1
MURO,1
VILLARINHO,1
NADALETTO,1
NAJMAN,1
NAGEL,1
VILLA,1
NAIFF,1
NAIDON,1
NAHU,1
NAHES,1
NAHABEDIAN,1
NAGY,1
NAGIB,1
NAGATA,1
VILLARIM,1
NAGANO,1
VILLARDO,1
NAGAMINE,1
NAGAHAMA,1
NAEGELE,1
NADOLNY,1
NADER,1
NADALIN,1
MORRISSON,1
MOROMIZATO,1
MIYASHIRO,1
WESTRUPP,1
MONERAT,1
MONDINI,1
MONDAINI,1
WENDHAUSEN,1
MONASTERIO,1
MONARCHA,1
WENNA,1
MOMM,1
MOMBACH,1
WERLANG,1
WERLICH,1
MOLON,1
MOLNAR,1
MOLLER,1
MOLLARD,1
MOLITERNO,1
WESSLING,1
MOLIN,1
MOLEDO,1
WELLISCH,1
MONETTO,1
MONFARDINI,1
MONTAL,1
MONTANO,1
MONTANI,1
MONTANHEIRO,1
MONTANHA,1
MONTANDON,1
MONTANARI,1
WEIMAR,1
MONTALEONE,1
WEINGAERTNER,1
MONGE,1
WEININGER,1
WEIPRECHT,1
WEIZENMANN,1
MONSANTO,1
MONROE,1
MONREAL,1
WEKSLER,1
MONIZ,1
WESTMANN,1
WETTERLING,1
VOLKMER,1
MOLA,1
MODOLO,1
WILOT,1
WIMMER,1
WINCH,1
MODES,1
MODENEZI,1
WINCKLER,1
MOCHEL,1
WIONCZAK,1
MOCELIN,1
WIPPEL,1
WISNIESKI,1
MIZUSHIMA,1
MIZUNO,1
MIZRATTI,1
MIZOGUCHI,1
WITECK,1
MIYAZAWA,1
MIYATA,1
MODRIJAN,1
WILLRICH,1
MODULO,1
MOI,1
WICHERS,1
MOKDSE,1
WICIUK,1
WIELE,1
WIENSKOSKI,1
MOITTA,1
WIETHAN,1
WIGGERS,1
WILDBERGER,1
MOELLER,1
MOHSEN,1
WILLE,1
MOGAMI,1
MOFATTO,1
WILLIAMS,1
WILLIANSON,1
MOESCH,1
MOELLMANN,1
MONTARROYOS,1
WEILER,1
WEIK,1
WEIDLICH,1
MORESCO,1
WAJSENZON,1
MORESCHI,1
MORERA,1
WAKED,1
WAKIYAMA,1
WAKULICZ,1
MORENA,1
MORELLO,1
WALBORN,1
MORELL,1
WALCACER,1
MORELATO,1
WALDRICH,1
WALKER,1
MOREGOLA,1
MOREAU,1
MORE,1
WALLER,1
MORET,1
MORETHSON,1
WAIK,1
MORILHAS,1
VOLPATTO,1
MORITA,1
MORIOKA,1
MORINI,1
MORIMOTO,1
VOLPIN,1
VONSNIEVSKI,1
VOSMIRKO,1
MORIL,1
WAIDEMAM,1
VOSS,1
MORGAN,1
VUADEN,1
VUELTA,1
MORGADES,1
VULCANIS,1
WACHHOLZ,1
WACHOWICZ,1
WALMSLEY,1
WALTENBERG,1
WALTZ,1
WEAVER,1
MORADEI,1
MOORE,1
MONTURIL,1
MONTORIL,1
MONTILLO,1
MONTIJO,1
WAZLAWOSKY,1
MONTEZE,1
WEBA,1
WAY,1
MONTERAZO,1
WEBBER,1
MONTEMAGGIORE,1
MONTELLI,1
WECHI,1
WECKMULLER,1
WEIBERG,1
WEIDE,1
MORADO,1
MORAGA,1
WANDERER,1
MORANDINI,1
WANDERLEI,1
MORATORI,1
MORATO,1
WANDERMUREM,1
MORASCO,1
WANGAN,1
MORANO,1
MORANDO,1
WASCONCELOS,1
WAVZINSKI,1
WASILEWSKI,1
WATANUKI,1
MORANDI,1
WATSON,1
WATZKO,1
WAUKE,1
MORALECO,1
MORAL,1
PEGHIM,1
SEIDENKRANZ,1
PEGORARO,1
RUBINO,1
SPERANCA,1
SPERLING,1
RUBIK,1
RUBIA,1
RUBERT,1
RUBEL,1
SPESANI,1
RUBARTH,1
RUBACK,1
SPESSATTO,1
SPINDLER,1
ROZZINI,1
SPINOSA,1
ROZNOWSKI,1
ROZARIO,1
SPITZ,1
SPOLIDORIO,1
SPOLLE,1
SPONCHIADO,1
RUBINI,1
SPEDO,1
ROX,1
SPECHT,1
RUMOR,1
SOTTOCORNOLA,1
RUIVO,1
RUGGI,1
SOUBHIA,1
SOUDER,1
SPACEK,1
RUFFATTO,1
RUFATO,1
RUELA,1
RUEDA,1
RUDORFF,1
RUDOLPH,1
SPAGNHOL,1
RUCKERT,1
RUCHEL,1
SPARANO,1
SPARREMBERGER,1
SPARVOLI,1
SPOTORNO,1
SPOZITO,1
RUPPENTHAL,1
ROSSINI,1
ROSSETTO,1
STAHLSCHMIDT,1
ROSSETO,1
STALLIVIERE,1
ROSSETI,1
STALLIVIERI,1
ROSSE,1
ROSSATTO,1
STAMATTO,1
STAMM,1
STANCHER,1
STANGER,1
ROSSAS,1
ROSOLEN,1
ROSINDO,1
STANZANI,1
ROSENTHAL,1
STANZIONE,1
STAPELFELDT,1
STAHL,1
STADLEWSKI,1
ROWEDER,1
ROSSTER,1
ROVERI,1
SPRIOLI,1
SQUEFF,1
ROVAI,1
ROUXINOL,1
ROUSSEAU,1
ROUBACH,1
ROTONDI,1
ROTONDARO,1
ROTINI,1
SQUIRES,1
STAATS,1
STABENOW,1
ROTHER,1
ROTH,1
ROTELLA,1
ROSTY,1
ROSTIROLLA,1
ROSTIROLA,1
RUNCO,1
RUSCH,1
TURECK,1
SALABERT,1
SAKUGAWA,1
SAKOWSKI,1
SAKARELA,1
SAKANO,1
SOLIDONIO,1
SOLINO,1
SOLLA,1
SOLODOV,1
SOLOUKI,1
SAKAI,1
SOMACAL,1
SAIS,1
SAGGIORO,1
SAGGIORATTO,1
SAGARRA,1
SAFT,1
SAFRA,1
SAEZ,1
SOMBRIO,1
SALABERRY,1
SALAS,1
SADER,1
SOLE,1
SALLA,1
SALINO,1
SALINEIRO,1
SALINA,1
SOBRINHO,1
SOBROSA,1
SOCCOL,1
SALHA,1
SOETH,1
SOHSTEN,1
SOL,1
SALERNO,1
SALERMO,1
SALEME,1
SALEM,1
SALDIA,1
SOLAIRA,1
SALCEDO,1
SOLANO,1
SOMENZARI,1
SADE,1
RUSCHEL,1
SAAVEDRA,1
SAADI,1
SORRENTINO,1
SAAB,1
SORRILLA,1
S,1
RZEZINSKI,1
RYPL,1
RYBANDT,1
SOSINHO,1
RUTZ,1
RUTKOSKI,1
SOTE,1
RUSSELL,1
RUSIN,1
RUSHANSKY,1
SOTELI,1
SOTERO,1
SOTT,1
RUSCHMANN,1
SOROMINE,1
SABADINI,1
SONG,1
SORIO,1
SAD,1
SACILOTTO,1
SACILOTO,1
SONKAJARVI,1
SACHSIDA,1
SACHS,1
SACENTI,1
SONODA,1
SACEANU,1
SACCO,1
SACCAB,1
SONZA,1
SABOR,1
SOPCHAKI,1
SOPELETE,1
SOPRANE,1
SORBILLE,1
SORGINE,1
SABBA,1
STAPENHORST,1
ROSEMBERG,1
ROSE,1
RISTOW,1
SUCENA,1
RISSO,1
SUCRO,1
RISSINO,1
SUDA,1
RISS,1
SUGIMOTO,1
RIQUELME,1
SUGIYAMA,1
SUGUINO,1
RIOTINTO,1
SUHETT,1
RIOJA,1
RIO,1
RINALDI,1
RIMOLO,1
SUJONO,1
SULIS,1
RILHO,1
SUBTIL,1
SUBRINHO,1
RIJO,1
RITO,1
ROBALO,1
ROBALINHO,1
ROBAINA,1
STREMEL,1
STRONZAKE,1
STUDART,1
ROBAERT,1
STUMM,1
RIZZINI,1
RIZZI,1
RIVOIRE,1
STUQUI,1
STYBEL,1
SUARES,1
RIVIECCIO,1
RIVELO,1
RIVAS,1
SUASSUNA,1
RITTA,1
SULTANI,1
RIGUEIRA,1
ROSCOCHE,1
RICHARD,1
RICHA,1
RICCOBENE,1
SUSKI,1
RICCIARDI,1
SUTIL,1
RICAS,1
SUZARTE,1
SUZUMURA,1
RIBOVSKI,1
RIBOLI,1
SVAITER,1
SVERSUT,1
REZNIK,1
REZIO,1
SWIDERSKI,1
REYS,1
SZABO,1
REYNAUD,1
SZATMARI,1
SURDINE,1
SUPPO,1
RIGOTTI,1
SUNI,1
RIGODANZO,1
RIGOBELLO,1
SULZBACH,1
SULZBACHER,1
RIGITANO,1
RIGATTI,1
RIGAO,1
RIESGO,1
RIERA,1
SUMIYA,1
RIEHM,1
RIEFFEL,1
RIEDO,1
RIEDNER,1
SUNDIN,1
RIEDI,1
RIEDERER,1
RICORDI,1
RICOBOM,1
ROBBA,1
ROBERS,1
ROBERTI,1
RONCATO,1
STEIM,1
STEIN,1
STEKEL,1
ROMEO,1
STELMASZCZYK,1
STENDER,1
ROMARO,1
STENSJO,1
ROMARIS,1
STEPHAN,1
STERVINOU,1
STERZA,1
ROMANIUK,1
ROMANINI,1
ROMANELLI,1
ROMANCINI,1
STEUERNAGEL,1
ROMAGNOLI,1
ROMA,1
ROMULO,1
RONCONI,1
STREGLIO,1
RONDINA,1
ROSCANI,1
STARMAC,1
STAUDT,1
STAVALE,1
STECCA,1
STECKELBERG,1
STEFANINI,1
ROSADA,1
STEFANO,1
STEFANUTTI,1
RORATO,1
STEFANUTTO,1
ROQUETTE,1
ROQUETE,1
STEFENON,1
ROPPA,1
STEFENS,1
STEFFENS,1
STEIER,1
ROLO,1
STEWART,1
STIEGELMAIER,1
STIEGEMEIER,1
STOINSKI,1
STOLAR,1
RODRIGERI,1
RODOPOULOS,1
STOLL,1
STORANI,1
RODAS,1
STORCH,1
RODARTE,1
STORTI,1
ROCIO,1
STRADIOTTO,1
ROCINSKI,1
ROCILDO,1
ROCHO,1
STRASSBURGER,1
STRATZ,1
ROBSON,1
STREG,1
STOFFEL,1
ROEBER,1
ROECKER,1
ROLAND,1
ROLLEMBERG,1
ROLLA,1
ROLIN,1
ROLDO,1
STIEGLITZ,1
STIEGLIZ,1
STILBEN,1
ROLDAN,1
STOFEL,1
ROEHE,1
ROJAHN,1
ROIFE,1
ROHRS,1
ROHLFS,1
ROHLEDER,1
ROHDE,1
ROGUS,1
ROEHRS,1
SALLABERRY,1
SALLAS,1
SOBOTA,1
SCHNURR,1
SCHNEIDERS,1
SERRADO,1
SERRAGLIO,1
SERRAIPA,1
SCHMITKE,1
SERRALHEIRO,1
SCHMITH,1
SERRAN,1
SCHMID,1
SERRES,1
SCHMALZ,1
SCHLOSSER,1
SCHLOEGL,1
SERRIDGE,1
SCHLINDWEIN,1
SERTOLI,1
SCHLICHTING,1
SCHLEICHER,1
SETE,1
SCHNELLRATH,1
SCHOEN,1
SETRAGNI,1
SCHOLZ,1
SCHROLL,1
SERIKAWA,1
SCHRODER,1
SERIQUE,1
SCHROCK,1
SERMAN,1
SCHREINER,1
SERMANN,1
SERMOUD,1
SCHRAM,1
SCHRAIBER,1
SCHOTTS,1
SCHOTTEN,1
SERQUEIRA,1
SCHOSSIG,1
SCHOR,1
SCHONS,1
SERRACENI,1
SCHOMMER,1
SETIMI,1
SCHITTINI,1
SCHAUER,1
SHAKIR,1
SCHENATZ,1
SCHEMES,1
SHARIF,1
SCHELP,1
SCHELLER,1
SHERRILL,1
SCHELESKY,1
SHIBAYAMA,1
SCHEIDEMANTEL,1
SCHEID,1
SCHEIBEL,1
SCHEFFER,1
SHIBAZAKI,1
SHIGUEMOTO,1
SCHEFFEL,1
SHIH,1
SHIKASHO,1
SCHEEREN,1
SCHEER,1
SCHENEIDER,1
SCHENKMAN,1
SETTE,1
SCHEPPA,1
SCHIRMER,1
SETTI,1
SCHIPMANN,1
SCHIOZER,1
SEUFITELLIS,1
SEVILHANO,1
SCHINCARIOL,1
SEVILLA,1
SFOGLIA,1
SCHILD,1
SCHIEL,1
SCHIAVUZZO,1
SCHIAVONI,1
SCHIAVON,1
SGARABOTO,1
SGARBI,1
SCHETTINI,1
SCHERRE,1
SGUAREZI,1
SCHUARTZ,1
SCHUCH,1
SERIBELI,1
SEEFELDER,1
SELLI,1
SEDIYAMA,1
SEDICIAS,1
SEDDON,1
SEDAN,1
SECUNHO,1
SELLOS,1
SELVAS,1
SEMENSATO,1
SECORUN,1
SEMER,1
SECKLER,1
SECCHIN,1
SEMI,1
SEMPIONATO,1
SEMPLE,1
SENCADES,1
SEBATA,1
SEBASTIAO,1
SEDON,1
SEERIG,1
SCHUELER,1
SEFER,1
SEICEIRA,1
SEIBEL,1
SEITENFUS,1
SEIA,1
SEHNEM,1
SEHN,1
SEGGES,1
SEITZ,1
SEGER,1
SEGANTINI,1
SEGALIN,1
SEKINO,1
SEGALA,1
SELAYZIM,1
SELEME,1
SELHORST,1
SELLE,1
SEGAL,1
SELLETI,1
SEAL,1
SENGER,1
SCUETT,1
SCREMIN,1
SCHWEDER,1
SCHWARZER,1
SEQUEIROS,1
SERAPHIM,1
SCHWARTZ,1
SCHWALBE,1
SCHWAGER,1
SCHWAAB,1
SCHVAB,1
SERAPHIN,1
SCHUTTE,1
SERAPHINI,1
SCHUSTER,1
SCHUNKE,1
SERAPIAO,1
SERENO,1
SCHULZE,1
SCHUH,1
SCHUERTZ,1
SCHWEICKARDT,1
SCHWENDLER,1
SEQUEIRA,1
SENNE,1
SCOVINO,1
SENHOR,1
SCOTT,1
SCOTELARO,1
SENHORIN,1
SENISE,1
SCORZATO,1
SCORZA,1
SENNHOLTZ,1
SCHWERZ,1
SENS,1
SCOLARI,1
SCOLA,1
SCOFIELD,1
SENSI,1
SENTI,1
SCIAMMARELLA,1
SCHWINDEN,1
SHIKIDA,1
SCHARDOSIN,1
SOBOSLAI,1
SANTIL,1
SANTI,1
SANTELO,1
SIMIL,1
SANTAYANA,1
SIMIONI,1
SIMOMURA,1
SANTAROSA,1
SIMONE,1
SIMPSON,1
SINAY,1
SINDORF,1
SINESIO,1
SINEZIO,1
SINHOROTO,1
SINICIO,1
SINIMBU,1
SIRIANO,1
SANSEVERO,1
SANSAO,1
SANTICIOLI,1
SANTILIANO,1
SANOWICZ,1
SIMIEMA,1
SARDELLA,1
SILVER,1
SILVINO,1
SARDEIRO,1
SILVIO,1
SARAMAGO,1
SIMABUKU,1
SARACOL,1
SAPUCAIA,1
SAPATEIRO,1
SANZ,1
SIMEAO,1
SANTOR,1
SANTOLIN,1
SIMI,1
SIMIAO,1
SANTIS,1
SANTINI,1
SANTINELLI,1
SANSANA,1
SANO,1
SCHARDONG,1
SAMBUICHI,1
SALVIATI,1
SO,1
SOAVE,1
SALVI,1
SALVATTI,1
SALVARO,1
SALVARANI,1
SOAVINSKI,1
SALVADO,1
SALUM,1
SALUDJIAN,1
SALU,1
SALTON,1
SALORTE,1
SALOMON,1
SOBEL,1
SALMAN,1
SALLUM,1
SALLER,1
SALVINO,1
SNTOS,1
SIRIDO,1
SAMPAYO,1
SANITA,1
SANFINS,1
SISCAR,1
SANFELICE,1
SISTE,1
SANDY,1
SISTHERENN,1
SITTA,1
SKIENDZIEL,1
SANDRES,1
SKOLAUDE,1
SANDERSON,1
SLAVINSKI,1
SANCTOS,1
SANCHOTENE,1
SLEIFER,1
SLOMP,1
SANABIO,1
SAMPER,1
SARETTA,1
SIGORA,1
SARI,1
SCARPELLI,1
SCARDELAI,1
SHIRAI,1
SCARANELLO,1
SCARABELLI,1
SCANTBELRUY,1
SHIRATORI,1
SHIROMA,1
SCANDIUCCI,1
SCANDAR,1
SCANAVACCA,1
SHISHIDO,1
SCALON,1
SCALIA,1
SCALEZI,1
SCALDAFERRI,1
SHIZUNO,1
SCAGLIONI,1
SHORT,1
SHUBERT,1
SCARIOT,1
SCARPIN,1
SIGNORINI,1
SCARTON,1
SCHAPLA,1
SHIMOSHIRO,1
SCHALCHER,1
SCHAIDHAVER,1
SCHAFFKA,1
SCHAFFER,1
SCHAEFFER,1
SCHACHTER,1
SHINDO,1
SCHAAN,1
SCHAAB,1
SCCOTT,1
SCAVONE,1
SCAVASSA,1
SHINKAWA,1
SHINZATO,1
SCATTOLIN,1
SHIOYA,1
SCATOLINI,1
SCAFURA,1
SCAFATI,1
SBRUZZI,1
SBROGLIA,1
SIDOU,1
SIDRIM,1
SASSON,1
SIEGEL,1
SASSO,1
SASSI,1
SASSET,1
SIEL,1
SASSE,1
SASSAKI,1
SASS,1
SIEMINKOSKI,1
SIERVI,1
SIEWERT,1
SARTOR,1
SIGNES,1
SIGNORETTI,1
SARRAF,1
SARMET,1
SATEL,1
SIDI,1
SICRE,1
SAVADOVSKY,1
SAYEGH,1
SAYAO,1
SAVOLDI,1
SIAS,1
SAVINI,1
SAVI,1
SAVEGNAGO,1
SAVASTANO,1
SIBALDES,1
SATHLER,1
SAUZEM,1
SAUTHIER,1
SAURIN,1
SAUERESSIG,1
SICA,1
SICCHAR,1
SATIRO,1
SICILIANO,1
SZCZERBACKI,1
SZKUDLAREK,1
REVOREDO,1
PISSIOLI,1
PISMEL,1
TOMELIN,1
PISANI,1
PIROVANI,1
TOMICH,1
TOMIMURA,1
PIRAS,1
PIOVEZAN,1
PIOVESAN,1
PIONTKOSKI,1
PIOLI,1
TOMIO,1
PINZON,1
PINZANI,1
TONATTO,1
PINTER,1
PINOL,1
TONDOLO,1
TONELLI,1
PISSINATTI,1
PISTER,1
PINGARILHO,1
TOMCZYK,1
PIZZI,1
PIZZATTO,1
PIZAO,1
PIZA,1
TOMASSINI,1
PIVATTO,1
TOMAZELI,1
PIVA,1
PIUCO,1
PITTELLA,1
PITOMBEIRA,1
PITOL,1
TOMAZELLI,1
PITHAN,1
PITARO,1
PITARELLI,1
PITANO,1
TOMAZETTI,1
TOMAZI,1
PINHATI,1
PINEZI,1
PIENIS,1
PIGOZZO,1
TORINI,1
PIGNATARO,1
PIGNATA,1
TORMENTA,1
PIGATTO,1
PIETROLUONGO,1
TORRACCA,1
PIETRO,1
PIETRICOSKI,1
PIESZAK,1
PIERRO,1
PIEROTE,1
TORRAO,1
PIERO,1
TORRE,1
PIEREZAN,1
TORREAO,1
PIERDONA,1
TORRENS,1
TOREZANI,1
TORCHIA,1
PINEDO,1
PILAN,1
PINATI,1
TONET,1
TONETTO,1
TONHEIRO,1
TONIAZZO,1
PIM,1
TONINO,1
PILTZ,1
TONIOLO,1
TONON,1
PILOTI,1
TOPOLNIAK,1
PILONI,1
PILLON,1
TORALLES,1
PILLA,1
PILGER,1
PILATI,1
TORCATO,1
PIZZIOLO,1
PIZZOL,1
PIZZOLI,1
PORTAO,1
PORRUA,1
PORRO,1
PORRETTI,1
PORPORATTI,1
POROCA,1
TOFANELLI,1
POPOLIN,1
POPOFF,1
TOFANO,1
TOFFOLI,1
POPINIGIS,1
PONTIERI,1
PONTEIRO,1
TOFFOLO,1
PONTAROLO,1
PONSONI,1
PONSI,1
PONCIONI,1
TOGNINI,1
PORTACIO,1
PORTE,1
PIZZUTTI,1
TODESCO,1
TISSIANI,1
POSSIDENTE,1
TIUSSU,1
POSSENTI,1
TIVERON,1
POSSEMOZER,1
POSSAS,1
TIZIANI,1
POSSAMAI,1
TOCANTINS,1
POSE,1
POSCA,1
PORTUGUEZ,1
TOCCOLI,1
TOCHETTO,1
TODA,1
TODARO,1
TODD,1
PORTELADA,1
PONCEANO,1
TOKANO,1
TOKARSKI,1
TOKUMARU,1
POLETTI,1
POLESEL,1
POLES,1
POLEJACK,1
POLEGATTI,1
POLEGATCH,1
POLATO,1
POGIBIN,1
POEYS,1
POETA,1
POERSCHKE,1
PO,1
PLINIO,1
TOMAOKA,1
PLAZA,1
PLASTER,1
PLANA,1
TOMAS,1
PLA,1
POLETTO,1
TOLOI,1
POLEZE,1
POLO,1
TOKUO,1
POMPERMAYER,1
POMPERMAIR,1
POMPERMAIER,1
POMIN,1
TOLDO,1
POLVOA,1
POLTRONIERI,1
POLLNOW,1
POLI,1
POLLICOTT,1
POLLI,1
POLL,1
POLIZELI,1
POLITANO,1
POLICH,1
POLICARPI,1
TOLLER,1
PIERASSOL,1
PIEGAZ,1
POSTICO,1
TROGER,1
TROMPS,1
PERILLI,1
PERIANDRO,1
TRONCOSO,1
TRONTO,1
PERETO,1
TROYACK,1
PEREIRO,1
TRUBANO,1
PEREIMA,1
PEREA,1
TRUGANO,1
TRUIZ,1
TRUNFO,1
PERATZ,1
PERASSOLI,1
PERALVA,1
TSHIMANGA,1
PERACINI,1
TROIAN,1
PERINOTTO,1
TSUJI,1
PERIOTO,1
PERUQUETTI,1
PERSICO,1
PERSEGUINI,1
TRIVELATO,1
PERRUSI,1
PERRUCI,1
TRIVELATTO,1
PERRONE,1
PERRANDO,1
TRIVISONNO,1
PERONCHEN,1
SEIDLER,1
PERON,1
PEROCCO,1
TROCOLLI,1
PEROBA,1
PERNA,1
PERLIN,1
PERLATTI,1
PERACI,1
PEPINO,1
PIEGAS,1
TULHER,1
PELLENSE,1
TUMELERO,1
TUNIN,1
TUON,1
TUPINA,1
PELICIARI,1
PELICIANO,1
PELEGRINI,1
PELEGRIN,1
PELED,1
PELECH,1
PEIXOUTO,1
TUPPAN,1
TURA,1
TURBIANI,1
TURCI,1
PEIXINHO,1
TURCO,1
TURCOT,1
PELLI,1
PELLINI,1
TSUNOUCHI,1
PELTZ,1
TSUTSUMI,1
PENTAGNA,1
PENSADOR,1
PENQUES,1
PENIN,1
PENIDO,1
TUBAGI,1
PENG,1
PENETRA,1
TUBBS,1
PENELUCA,1
PENELLO,1
PENELAS,1
TUBONE,1
PENDENZA,1
PENCHEL,1
PENAFORTE,1
PENAFIEL,1
TUCUNDUVA,1
TRINTA,1
PESCIM,1
PESCO,1
PIAZAROLO,1
TOZZINI,1
PIAUILINO,1
PIAUIENSE,1
PIASSI,1
TRACERA,1
PIASSA,1
TRAESEL,1
TRAGANTE,1
TRAMONTIN,1
TRAMONTINI,1
TRANCOSO,1
PIASENTIN,1
PIANTO,1
PIANTI,1
TRANCOZO,1
TRAPANI,1
TRAPPEL,1
TRARBACH,1
PIANOWSKI,1
TOZZI,1
PIAZZI,1
PESCUMO,1
PICADO,1
TORRESIN,1
TORRI,1
PICONI,1
PICOLOTTO,1
PICOLIN,1
PICOLI,1
PICININ,1
TORTOLINI,1
PICHLER,1
TORTORELLA,1
TOSO,1
TOSTE,1
PICHETTI,1
TOTH,1
PICCINI,1
PICCIN,1
PICCHETTI,1
PICCARDI,1
TOTI,1
PIANI,1
TRATZ,1
PIANA,1
TRAVAGIN,1
PETRIBU,1
TREVISOL,1
TREVIZAN,1
TREVIZANO,1
TRIANOSKI,1
PETIT,1
TRIBECK,1
PETIOT,1
PETILLO,1
TRIBESS,1
PETERKA,1
PETER,1
PETARLY,1
PETARLI,1
TRIBUZY,1
TRICHES,1
PESSINI,1
PESSI,1
TRIGO,1
PETRIKOWSKI,1
TREVISANO,1
TREVILATTO,1
PETTERLE,1
PI,1
TRAVALLONI,1
PHILOMENO,1
PFEIFFER,1
PFALTZGRAFF,1
TREDINNICK,1
TREIB,1
TREMARIN,1
TRENO,1
TREULIEB,1
TRENTO,1
PETRUNGARO,1
PETRUCIO,1
PETRUCCI,1
PETROVICH,1
TRESCA,1
TRESPACH,1
TRETTER,1
POSTAI,1
TISCHER,1
REVEILLEAU,1
RATHIS,1
TAPAJOS,1
RASTELLI,1
TAPETY,1
RARO,1
TAPIA,1
TAPIAS,1
RAQUEL,1
RAPPOPORT,1
TAPPLER,1
TAQUINI,1
RAPHUL,1
RAPESTA,1
RAO,1
RANZI,1
RANKIN,1
TARAN,1
RANDIG,1
RANDAL,1
RAMPINELLI,1
RATES,1
RATTI,1
TARANTO,1
RATTMANN,1
TANAN,1
RAZZE,1
TANCREDI,1
RAZUCK,1
RAZKY,1
TANI,1
TANIGUCHI,1
TANINI,1
RAZENTE,1
TANNO,1
RAVARA,1
RAVANINI,1
RAVALLEC,1
TANNURE,1
TANNURI,1
RAUGUST,1
TANSINI,1
TANUS,1
RATZLAFF,1
RAMPAZZO,1
RAMONEDA,1
TAYAO,1
TASHIRO,1
TASSO,1
TATSCH,1
RAIA,1
RAGNINI,1
RAGGI,1
RAGAUSKAS,1
RAFFUL,1
RAFFAELLI,1
TAUBNER,1
TAUIL,1
RADONS,1
RADO,1
TAUNAY,1
TAVEIROS,1
TAVES,1
TAVOLARI,1
RADA,1
RACHOU,1
RACHID,1
RAICES,1
RAICOSKI,1
TARDIM,1
TASHIMA,1
TARDIO,1
RAMM,1
TARDIVO,1
TARGA,1
TARNOPOLSKY,1
RAMIA,1
RAMBO,1
TARRAGO,1
RAMBALDI,1
RAMAZZINA,1
TARTARI,1
RAMALDES,1
RAJZMAN,1
TARTARO,1
RAIZ,1
TARTAS,1
TARUHN,1
TASCA,1
TASCHETTO,1
TANABE,1
TAMBELLI,1
READI,1
REMBISCHEVSKI,1
REKOVVSKY,1
REISMAN,1
TAGLIETA,1
TAGUCHI,1
REISINGER,1
REISDORFER,1
TAHARA,1
REINOSO,1
TAKADA,1
REINKE,1
TAKAFASHI,1
REINERT,1
REINERI,1
REINA,1
REIMOL,1
REIMBERG,1
REIMAO,1
REID,1
TAKANE,1
TACCA,1
REMEDIOS,1
TAMBASCO,1
RENAULT,1
RETO,1
SZMIDT,1
SZWARCFITER,1
RESSIGUIER,1
RESQUE,1
RESENER,1
RESENDES,1
SZYNWELSKI,1
REPETTI,1
RENZ,1
TABARELLI,1
TABOADA,1
RENOFIO,1
RENO,1
RENNO,1
RENNHACK,1
RENNER,1
RENDA,1
TABORY,1
REICHE,1
TAKAO,1
REI,1
REHSE,1
REDEZ,1
RECOVA,1
TAMAIO,1
RECIOLINO,1
TAMANE,1
RECHTAND,1
RECHENBERG,1
RECHE,1
TAMANHO,1
TAMANINI,1
RECEPUTI,1
REBOREDO,1
TAMANQUEIRA,1
REBOLLO,1
TAMASAUSKAS,1
REBELLATO,1
REBELATTO,1
TAMASHIRO,1
REALEIRO,1
REDMAN,1
TALMA,1
REESINK,1
REGINO,1
REHEM,1
REHBEIN,1
TAKARADA,1
REGRA,1
TAKAYAMA,1
TAKAZAKI,1
TAKEDA,1
TAKEGUMA,1
TAKETANI,1
REFLANDES,1
TAKEY,1
TAKITA,1
REGGIANI,1
TALIBERTI,1
REGES,1
TALINA,1
TALLMANN,1
REGAZZI,1
TAXWEILER,1
TEBA,1
POTENCIANO,1
PROLLA,1
PROITE,1
THORNE,1
PROCOPIAK,1
THULER,1
PROCKNOV,1
THUM,1
PROCASKO,1
PROCACI,1
THURLER,1
THYLIA,1
PROBST,1
PRITZ,1
PRIOR,1
PRINCEPE,1
PRINA,1
TIBAES,1
TIBIRICA,1
PRICKEN,1
PRIANTI,1
PROLA,1
PRONK,1
PREUSS,1
PROPATO,1
PUGA,1
THEODULINO,1
THEOPHILO,1
THESARI,1
PUENTE,1
PUCHEU,1
PRZYTYK,1
PRZYBYSZ,1
PRUX,1
THIAGO,1
THIEBAUT,1
PRSYBYCIEM,1
PROVETTI,1
PROVENZANO,1
PROTETTI,1
THOMAE,1
PROTAZIO,1
PROTASIO,1
THOMAS,1
PREVIDELLI,1
PRETURLAN,1
TECHEMAYER,1
TIMBO,1
PRACA,1
POZZI,1
POZZETTI,1
TINGO,1
POZZER,1
TINO,1
POZZATTI,1
POZZAN,1
POZES,1
POZAS,1
POZ,1
POY,1
TINOS,1
TIOSSI,1
POVEDA,1
TISCATE,1
POU,1
POTTES,1
POTT,1
PRACIANO,1
PRADA,1
PRETTO,1
TILLI,1
PRETTI,1
PRETO,1
TIDA,1
PRESCHOLDT,1
PRESA,1
PREDOLIN,1
TIENE,1
PREDIGER,1
PREDEBON,1
TIENGO,1
PRAVATO,1
PRAST,1
PRANGEL,1
PRANE,1
PRAIS,1
TIGGEMANN,1
PRAEIRO,1
PRADOS,1
TIGRE,1
THEMUDO,1
PUGLIA,1
PUGLIERI,1
QUIREZE,1
TEMPO,1
TEMPORAL,1
QUINTILIANO,1
QUINTIERI,1
QUINTELLA,1
QUINTELA,1
QUINTEIRO,1
QUINTAS,1
TENFEN,1
TENTEMPO,1
TEOFILO,1
TERATOKO,1
QUINTA,1
TERCOS,1
QUINT,1
TERENZI,1
TERES,1
QUININO,1
TERGA,1
QUINZEIRO,1
TEMPESTA,1
THEISEN,1
QUIRIDO,1
TECHIO,1
TECLES,1
RABASSA,1
RABACOV,1
RAASCH,1
TEIS,1
RAAD,1
QUOOS,1
QUITETE,1
QUITERIO,1
TEIXEIRENSE,1
QUISSINI,1
TEJADAS,1
QUIROZ,1
TEJEDA,1
TELHADO,1
TELIS,1
TELLECHEA,1
TELO,1
QUINCOZES,1
QUILICE,1
TERREMATTE,1
QUETZ,1
PYRRHO,1
PYLRO,1
TESSMANN,1
PUTON,1
TESTA,1
TESTONI,1
PUSTIGLIONE,1
PURIFICACAO,1
PUREZA,1
PURCINO,1
PUPPO,1
TEXEIRA,1
THADEU,1
PUPPIM,1
THEIL,1
PULCINELLI,1
PUJOL,1
PUIGSECK,1
PUGLIESI,1
QUADRA,1
QUADRELLI,1
TESSER,1
TERZI,1
QUEROBIM,1
TERSO,1
QUERIDO,1
QUEMELLI,1
TERTO,1
TERTULIANO,1
TERTULINO,1
TERUZZI,1
TESCARI,1
QUARANTA,1
QUEIROGA,1
QUEBAUD,1
QUAZI,1
QUATRIN,1
QUARTIERO,1
QUAREZEMIN,1
TESCK,1
TESKE,1
TROCCHIA,1
AARAO,1
MASSOCO,1
CAVAMURA,1
CAVALLI,1
CAVALLET,1
CAVALLEIRO,1
CAVALLARI,1
CAVALER,1
CAVALEIRO,1
CAVADAS,1
CAUSSI,1
CAUPER,1
CAULA,1
CAUCHO,1
CATTO,1
CATTINI,1
CATTETE,1
CATRIB,1
CATRAN,1
CATRAMBY,1
CATIRA,1
CATINI,1
CATELLI,1
CATELAN,1
CATATA,1
CATANI,1
CATALDO,1
CASULA,1
CAVALLINI,1
CAVARRA,1
CELINO,1
CAVASIN,1
CELI,1
CELESTRINI,1
CELESTE,1
CELES,1
CELERI,1
CELEDON,1
CELANO,1
CELANI,1
CEGLIA,1
CEDRIM,1
CEDRAZ,1
CECHINEL,1
CECCONELLO,1
CECCHIN,1
CECCATO,1
CEBUKIN,1
CAZETTA,1
CAZEIRO,1
CAZARRE,1
CAZAROTO,1
CAZANGI,1
CAXIAS,1
CAVLAK,1
CAVINATTO,1
CAVECHIA,1
CASTOR,1
CASTONGUAY,1
CASTILHOS,1
CASTELUCIO,1
CASARIN,1
CASARIL,1
CASARA,1
CASALI,1
CASALECCHI,1
CASAL,1
CASAIS,1
CASADO,1
CARY,1
CARVALHEIRO,1
CARVALHEIRA,1
CARVALHEDO,1
CARVALHAIS,1
CARUZO,1
CARUNCHO,1
CARUBELLI,1
CARTUCHO,1
CARTIER,1
CARSTEN,1
CARROLL,1
CARRISSO,1
CARRINHO,1
CARRILIO,1
CARRIERES,1
CARRETTIERO,1
CASAROTTO,1
CASAS,1
CASCAES,1
CASSILHAS,1
CASTELLAR,1
CASTELLANOS,1
CASTELHANO,1
CASTELANO,1
CASTEIAO,1
CASTANO,1
CASTANHARO,1
CASTAGNINO,1
CASTAGNA,1
CASSOLA,1
CASSINI,1
CASSETTARI,1
CASCALHO,1
CASSELLI,1
CASSARO,1
CASSARA,1
CASSANELLI,1
CASSA,1
CASIMIRO,1
CASEMIRO,1
CASELLI,1
CASEIRO,1
CASCINE,1
CASCARDO,1
CELICH,1
CELLINI,1
EGGERS,1
CHINALIA,1
CHIGNALIA,1
CHIELE,1
CHICAYBAN,1
CHICATTO,1
CHIARI,1
CHIARADIA,1
CHIARA,1
CHIAPPINI,1
CHIAPIM,1
CHIANELLO,1
CHIANCA,1
CHIAMULERA,1
CHIAMENTI,1
CHIABAI,1
CHEVRAND,1
CHEUNG,1
CHERNAVSKY,1
CHERINI,1
CHERIN,1
CHEREM,1
CHERCI,1
CHELINI,1
CHELFO,1
CHEIRAN,1
CHEIM,1
CHIMPLIGANOND,1
CHINI,1
CENTELHAS,1
CHIOSSI,1
CIDRAO,1
CIDRAL,1
CICILIANO,1
CICARINI,1
CIBILLO,1
CIBEIRA,1
CIARLINI,1
CIAGLIA,1
CHUY,1
CHRYSOSTOMO,1
CHRISTOFIDIS,1
CHRISTOFARO,1
CHRISTINO,1
CHRISTENSEN,1
CHRISTELLO,1
CHRIST,1
CHRISPINO,1
CHRISOSTOMO,1
CHOQUE,1
CHOLLET,1
CHOAS,1
CHO,1
CHNAIDERMAN,1
CHIUCHETTA,1
CHIRENTI,1
CHEHAB,1
CHEDEAK,1
CHECCUCCI,1
CHECCHIO,1
CHAHINE,1
CHAHIN,1
CHAGNON,1
CHAFRAN,1
CHAER,1
CHADID,1
CHACRA,1
CHAAR,1
CESETTI,1
CESCO,1
CESCA,1
CESARINO,1
CESA,1
CERVINI,1
CERVEIRA,1
CERVANTES,1
CERRI,1
CERRA,1
CERISARA,1
CERGINER,1
CERESER,1
CERCEAU,1
CERAVOLO,1
CEOTTO,1
CENTENO,1
CHAIBUE,1
CHAIM,1
CHALEGRE,1
CHARDULO,1
CHECCHIA,1
CHEADE,1
CHAYM,1
CHAVEIRO,1
CHATES,1
CHATEL,1
CHASTINET,1
CHASTALO,1
CHASSE,1
CHASIN,1
CHARRONE,1
CHARAO,1
CHALES,1
CHAPPAZ,1
CHAPIEWSKI,1
CHAPADENCE,1
CHANTAL,1
CHANSIS,1
CHANG,1
CHAMY,1
CHAMPLONI,1
CHAMI,1
CHAMBLAS,1
CHAMAHUM,1
CARRETEIRO,1
CARRERA,1
CARRELAS,1
CAMELI,1
CAMAROTTO,1
CAMAROTTI,1
CAMARDELLI,1
CAMARDELLA,1
CAMARCO,1
CAMARAGIBE,1
CAMANDAROBA,1
CALVETI,1
CALVETE,1
CALPINEIRO,1
CALOU,1
CALONGA,1
CALONEGO,1
CALLOT,1
CALLAS,1
CALLAO,1
CALIXTRE,1
CALISTRO,1
CALIGARIS,1
CALICCHIO,1
CALIARI,1
CALIANI,1
CALHEIRO,1
CALHAU,1
CALGARO,1
CAMBUI,1
CAMELIER,1
CARREIRA,1
CAMERIERI,1
CANADO,1
CANABARRO,1
CAMY,1
CAMURCA,1
CAMPOREZ,1
CAMPONOGARA,1
CAMPOLINO,1
CAMPOLEONI,1
CAMPOI,1
CAMPO,1
CAMPIOLO,1
CAMPINHO,1
CAMPINAS,1
CAMPEDELLI,1
CAMPBELL,1
CAMPARIM,1
CAMPANHOLE,1
CAMPANHARO,1
CAMPANHA,1
CAMPANELLA,1
CAMPANARIO,1
CAMPAGNUCIO,1
CAMPAGNOLLO,1
CAMPAGNOLLI,1
CAMINI,1
CALENTE,1
CALEGARIO,1
CALEGARE,1
CALEFFI,1
CABO,1
CABIRTA,1
CABIDOLUSSO,1
CABIANCA,1
CABELLO,1
CABECAS,1
CABECA,1
CABANNE,1
BYRRO,1
BUZINHANI,1
BUTTES,1
BUTTEL,1
BUTKENICIUS,1
BUSTAMANTE,1
BUSSMANN,1
BUSSAD,1
BUSETTI,1
BUSCH,1
BUSCACIO,1
BUSATO,1
BURTET,1
BURNETT,1
BURLET,1
BURLE,1
BURGER,1
CABOCLO,1
CABON,1
CABORGES,1
CAIAFA,1
CALDERON,1
CALDERIPE,1
CALDERARO,1
CALAZA,1
CALANDRINI,1
CALAM,1
CALACA,1
CAJAZEIRA,1
CAJADO,1
CAIO,1
CAILLAUX,1
CAFE,1
CACAIS,1
CAETITE,1
CAEIRO,1
CADILHE,1
CADETE,1
CADENGUE,1
CADAVAL,1
CACHOEIRO,1
CACHOEIRA,1
CACHEFFO,1
CACHAPUZ,1
CACAU,1
CANAES,1
CANANI,1
CANARIO,1
CARAMURU,1
CARIUS,1
CARITATO,1
CARISIO,1
CARIOCA,1
CARIGLIA,1
CARIDADE,1
CARIANI,1
CARGNELUTTI,1
CARDOTE,1
CARDONA,1
CARDINS,1
CARDIN,1
CARDILLO,1
CARDILLI,1
CARDILIQUIO,1
CARDIAL,1
CARDIA,1
CARCANO,1
CARBONI,1
CARBONERI,1
CARBONARE,1
CARBONAR,1
CARAVELLAS,1
CARAVALLO,1
CARAPITO,1
CARLESSO,1
CARLET,1
CARLETTI,1
CAROSIA,1
CARREGARO,1
CARREGAL,1
CARRARO,1
CARRARA,1
CARRANCHO,1
CARRAMAO,1
CARRACENA,1
CARQUEIJEIRO,1
CARPES,1
CARPENTER,1
CAROZZO,1
CAROLINO,1
CARLETTO,1
CARNAVAL,1
CARMONA,1
CARMINE,1
CARMINATI,1
CARMELO,1
CARLYLE,1
CARLSON,1
CARLOTTO,1
CARLOTO,1
CARLOTA,1
CARLOSSO,1
CARAPINA,1
CARAMAO,1
CANARY,1
CARAMALHO,1
CANTARELLI,1
CANTALICE,1
CANTADORI,1
CANSANCAO,1
CANONGIA,1
CANO,1
CANNABRAVA,1
CANICALI,1
CANHOLI,1
CANHAS,1
CANEVER,1
CANESCHI,1
CANEPPA,1
CANELLA,1
CANELAS,1
CANEDA,1
CANDIOTTO,1
CANDIA,1
CANDELORO,1
CANDEAS,1
CANDATEN,1
CANDAL,1
CANCIO,1
CANAZZA,1
CANAVARROS,1
CANTARINI,1
CANTONI,1
CANTU,1
CAPISTRANO,1
CARACUSCHANSKI,1
CARACCIOLO,1
CAR,1
CAPUTTI,1
CAPUTO,1
CAPUCHO,1
CAPTIVO,1
CAPRARIO,1
CAPPARELLI,1
CAPORALINI,1
CAPITA,1
CAPINGOTE,1
CANTUARIO,1
CAPIBARIBE,1
CAPELUCCI,1
CAPELOS,1
CAPELETTI,1
CAPELA,1
CAPDEVILLE,1
CAPAZ,1
CAPARELLI,1
CANZIANI,1
CANUTES,1
CANUT,1
CIDREIRA,1
CIESLAK,1
CIMINI,1
DEMIN,1
DEMETRIO,1
DEMARCHI,1
DEMACHKI,1
DELVECHIO,1
DELUCHEY,1
DELPUPO,1
DELPHIM,1
DELOSANDES,1
DELOGO,1
DELMESTRE,1
DELMAS,1
DELLAGOSTIN,1
DELGOBO,1
DELFIM,1
DELFES,1
DELEVATI,1
DELDUQUE,1
DELDUCA,1
DELCOLLI,1
DELAMONICA,1
DELAGE,1
DELACORTE,1
DELABIE,1
DEJOS,1
DEIRO,1
DEMIAN,1
DEMORI,1
DALCOMUNI,1
DEMORO,1
DEZAN,1
DEWANTIER,1
DEVITTE,1
DEVIDE,1
DETTMER,1
DETONI,1
DETMERING,1
DETERS,1
DESTRO,1
DESSBESEL,1
DEROSA,1
DERNIER,1
DERIZANS,1
DERISSO,1
DERENNE,1
DEPRIEST,1
DEPOLLO,1
DEPIZZOLATTI,1
DEPIERI,1
DEPIANTI,1
DENOZOR,1
DENICOL,1
DENARDI,1
DENADAI,1
DEMOS,1
DEGASPARI,1
DEFORME,1
DEFELIPPE,1
DECOTTIGNIES,1
DANIELLI,1
DANGELO,1
DANELUSSI,1
DANCIGER,1
DAMINELLO,1
DAMINELLI,1
DAMIN,1
DAMICO,1
DAMIAO,1
DAMIANI,1
DAMETTO,1
DAMAZO,1
DAMASCO,1
DAMAS,1
DAMADO,1
DALVI,1
DALMONECH,1
DALLOSSI,1
DALLORTO,1
DALLAROSA,1
DALLAPORTA,1
DALLAPICOLA,1
DALLAGNOL,1
DALFRE,1
DALFORNI,1
DANNA,1
DANTA,1
DAPIEVE,1
DASSIE,1
DECKER,1
DECIO,1
DECHICHI,1
DEBORTOLI,1
DEBONI,1
DEBONE,1
DEANHAIHA,1
DAY,1
DAVILA,1
DAUFENBACH,1
DAUBER,1
DARZE,1
DARA,1
DARWICH,1
DARUI,1
DARUB,1
DARRIGO,1
DARRE,1
DARQUES,1
DAROSI,1
DARONCH,1
DARNET,1
DARDE,1
DARBAN,1
DEZERTO,1
DIAMANTINO,1
DIANA,1
DORILEO,1
DUNCAN,1
DUMOULIN,1
DUMARESQ,1
DULLIUS,1
DUIM,1
DUHART,1
DUDEQUE,1
DUCHTING,1
DUCCI,1
DUCATI,1
DUBEUX,1
DUAVY,1
DUAR,1
DRIGO,1
DREUX,1
DRESCHER,1
DREGER,1
DRECHSEL,1
DRANKA,1
DRAGO,1
DRAGHETTI,1
DOWLING,1
DOVIAL,1
DORRIGO,1
DOROW,1
DUNLOP,1
DUPIN,1
DUPONT,1
EBELING,1
EFFREN,1
EDUAO,1
ECKSTEIN,1
ECKARDT,1
ECK,1
ECHEVERRIA,1
ECHEVENGUA,1
ECHES,1
ECCARD,1
ECA,1
EBNER,1
EARP,1
DUQUES,1
DYTZ,1
DYNKOWSKI,1
DWYER,1
DUSSONI,1
DURSO,1
DURLI,1
DURE,1
DURCE,1
DURAT,1
DURAO,1
DURANTE,1
DOROTEU,1
DORIGO,1
DIANOVSKY,1
DORIGHETO,1
DIRSCHNABEL,1
DIRK,1
DIREITO,1
DIOZA,1
DIORIO,1
DIODATO,1
DINO,1
DINIS,1
DINATALE,1
DIMURO,1
DIMAS,1
DILASCIO,1
DIETZSCH,1
DIETER,1
DIESEL,1
DIENSTMANN,1
DIEL,1
DIEDRICH,1
DIDONET,1
DIDOFF,1
DIDIER,1
DICKMANN,1
DICHOFF,1
DIB,1
DIARTE,1
DISARZ,1
DISCACCIATI,1
DISLICH,1
DONAIRE,1
DORES,1
DORANTI,1
DORA,1
DONZA,1
DONTAL,1
DONEGA,1
DONEDA,1
DONE,1
DONDELLI,1
DONCKT,1
DONALD,1
DONA,1
DISLIOSKI,1
DOMINICALE,1
DOMENICI,1
DOMANSKI,1
DOLLINGER,1
DOLCI,1
DOLABELLA,1
DOEHLER,1
DOCA,1
DOBROES,1
DJELBERIAN,1
DITTZ,1
DALEPRANE,1
DALCIM,1
CINTO,1
CONTE,1
CONSTANTINIDIS,1
CONSTANTE,1
CONSTANT,1
CONSONI,1
CONSOLINE,1
CONSIDERA,1
CONSELVAN,1
CONILL,1
CONCI,1
CONCERVA,1
COMPULSIONE,1
COMIOTTO,1
COMINETTI,1
COMBAT,1
COMARELLA,1
COMARELA,1
COLUCCI,1
COLTURATO,1
COLPO,1
COLONNELLI,1
COLONNA,1
COLONESE,1
COLOMBARI,1
COLNAGHI,1
COLLYER,1
CONTARATO,1
CONTER,1
DALCHIAVON,1
CONTIM,1
CORRELO,1
CORRALEIRO,1
CORONA,1
CORNETTA,1
CORNACHINI,1
CORES,1
CORDULA,1
CORCINO,1
CORCINI,1
CORBANI,1
CORAL,1
CORADINI,1
CORACA,1
COPPOLA,1
COPPINI,1
COPPIETERS,1
COPE,1
CONZATTI,1
CONTURBIA,1
CONTRICIANI,1
CONTRERAS,1
CONTRERA,1
CONTREIRAS,1
CONTO,1
CONTINI,1
COLLODEL,1
COLLI,1
COLLEONE,1
COLLE,1
CLIMACO,1
CLEM,1
CLAVIJO,1
CLAVE,1
CLAUSELL,1
CLARINDO,1
CLARET,1
CLARA,1
CLAIN,1
CIVITARESE,1
CIVIERO,1
CITTADINO,1
CISNEIROS,1
CISLAGHI,1
CISILOTTO,1
CISAR,1
CIRIMBELLI,1
CIRICO,1
CIRELLI,1
CIRAQUI,1
CIPOLOTTI,1
CIPOLLA,1
CIPOLAT,1
CIOFFI,1
CIOCCARI,1
CLOSS,1
CLOZEL,1
CLUA,1
COITE,1
COLLANI,1
COLIN,1
COLETE,1
COLEN,1
COLBANO,1
COLATINO,1
COLANTONI,1
COLAFEMINA,1
COLACO,1
COKOTOS,1
COITINHO,1
COIMBRAS,1
CO,1
COGO,1
COGGO,1
COELI,1
CODO,1
CODECO,1
COCICOV,1
COCENTINO,1
COCCO,1
COBUCCIO,1
COBUCCI,1
COBRA,1
CORRENTINO,1
CORRER,1
CORSINI,1
CROCHIK,1
CYGANCZUK,1
CYBIS,1
CUTIGI,1
CURVELO,1
CURTOLO,1
CURTIS,1
CURTINHA,1
CURTARELLI,1
CURSINO,1
CURCIO,1
CURCINO,1
CURBANI,1
CUNICO,1
CUNDARI,1
CUNALI,1
CULAU,1
CUKIER,1
CUIABANO,1
CUGLIANA,1
CUGLER,1
CUFFINI,1
CUEVO,1
CUENCA,1
CUBITS,1
CUBA,1
CYLLENO,1
CYRANKA,1
CYRILO,1
DAGNESE,1
DALCERO,1
DALBUQUERQUE,1
DALBOSCO,1
DALBEM,1
DALAMARIA,1
DALAGO,1
DAKUZAKU,1
DAJCZER,1
DAIBES,1
DAHLKE,1
DAHDAH,1
DAGHER,1
CYSNE,1
DADOME,1
DADALTO,1
DACORSO,1
DACOL,1
DACO,1
DACAS,1
CZERNOCHA,1
CZEPAK,1
CZECZKO,1
CZARNOBAI,1
CZARNESKI,1
CRONEMBERGER,1
CRIZOSTIMO,1
CORTE,1
CRIVES,1
COVRE,1
COUY,1
COUVRE,1
COURTIAL,1
COURCIER,1
COUGO,1
COUCEIRO,1
COTICA,1
COTECCHIA,1
COSWOSK,1
COSTELINI,1
COSTEIRA,1
COSTARDI,1
COSSON,1
COSMO,1
COSMAI,1
COSER,1
COSENZA,1
CORVELLO,1
CORVELLHO,1
CORTONESI,1
CORTINOVIS,1
CORTEZZI,1
CORTEZAO,1
CORTELINI,1
COX,1
COZER,1
COZZA,1
CRIPPA,1
CRIVELLO,1
CRIVELARO,1
CRISTOVAM,1
CRISTOFOLETTI,1
CRISTOFARI,1
CRISTIANO,1
CRISTIANINI,1
CRISTALDO,1
CRISTAL,1
CRISCUOLI,1
CRISCOLO,1
CREXI,1
CRACO,1
CREVELS,1
CRESTAN,1
CRESCENTE,1
CRENITTE,1
CREMA,1
CREAZZO,1
CRAWFORD,1
CRAVOS,1
CRAVALHO,1
CRAIBANO,1
CRAESMEYER,1
BURDMAN,1
BURBANO,1
BURAKOUSKI,1
AZZINI,1
AZOUBEL,1
AZEDO,1
AYUPE,1
AYMAR,1
AYER,1
AYAN,1
AVIZ,1
AVILLA,1
AVEIRO,1
AVANZO,1
AVANCO,1
AVALOS,1
AUTEIRO,1
AUSTRIACO,1
AURICHIO,1
AUM,1
AULER,1
AUHAREK,1
AUGUSTINHO,1
AUGUSTIN,1
AUDI,1
AUD,1
AUBYN,1
ATY,1
ATTILIO,1
AZUL,1
BACAN,1
ARCURIO,1
BACCHI,1
BAIDA,1
BAICERE,1
BAIANA,1
BAHL,1
BAHIENSE,1
BAGNOLA,1
BAGNI,1
BAGHDASSARIAN,1
BAGGIO,1
BAGAGI,1
BAESSE,1
BAES,1
BAENA,1
BADOLATO,1
BADIN,1
BADIA,1
BADER,1
BADARANE,1
BACOVISKI,1
BACOVIS,1
BACKES,1
BACILA,1
BACHUR,1
BACHEGA,1
BACELO,1
ATHIAS,1
ATHAYDES,1
ATHAR,1
ATHANAZIO,1
ARRA,1
AROEIRA,1
ARNS,1
ARNHOLD,1
ARNEIRO,1
ARNEGGER,1
ARMOND,1
ARMINDO,1
ARMESTO,1
ARLOTTA,1
ARIZA,1
ARISTON,1
ARISTIDES,1
ARISI,1
ARGILES,1
ARGEL,1
ARENHART,1
AREIAS,1
AREIA,1
AREDES,1
ARECO,1
AREAL,1
ARDUINI,1
ARDISSON,1
ARDIGO,1
ARRAZ,1
ARREPIA,1
ARROYO,1
ASSENCO,1
ATHAIDE,1
ATANES,1
ATANASIO,1
ATAN,1
ATALIBA,1
ATAIDES,1
ASTRATH,1
ASTOLFI,1
ASTA,1
ASSMANN,1
ASSIRATI,1
ASSENCIO,1
ARTERO,1
ASSEF,1
ASSED,1
ASSANTE,1
ASSAD,1
ASMUS,1
ASEVEDO,1
ASCURRA,1
ASCARI,1
ASANO,1
ARUEIRA,1
ARTHOU,1
BAILAO,1
BAILL,1
BAIRRAL,1
BARBIER,1
BARTIJOTTO,1
BARTHOLOMEU,1
BARTHELMESS,1
BARTASSON,1
BARSAN,1
BARROTE,1
BARRIONUEVO,1
BARRIO,1
BARRIENTOS,1
BARRENSE,1
BARRAO,1
BARRAL,1
BARPP,1
BARO,1
BARNABE,1
BARINO,1
BARI,1
BAREICHA,1
BAREA,1
BARDI,1
BARDALES,1
BARDAGI,1
BARCESSAT,1
BARCALA,1
BARBUTO,1
BARTOLAMEI,1
BARTOLO,1
BARTOLOMEI,1
BATISTI,1
BAYAO,1
BAYA,1
BAXTER,1
BAUMGARTEN,1
BAUMBACH,1
BAUDEL,1
BAUAB,1
BATTISTI,1
BATTILANI,1
BATTANOLI,1
BATTAGLIN,1
BATALHONE,1
BARTOLOMEU,1
BATAGLIN,1
BASTIANI,1
BASSIN,1
BASSETTI,1
BASSAN,1
BASONI,1
BASILE,1
BASANTE,1
BARWINSKI,1
BARUSSO,1
BARUKI,1
BARBUDA,1
BARBERINO,1
BALABAN,1
BARBAZAN,1
BALSALOBRE,1
BALOTIN,1
BALONECKER,1
BALLIANA,1
BALLESTER,1
BALLEM,1
BALLARDO,1
BALKE,1
BALINSKI,1
BALESTRINI,1
BALESTRIN,1
BALESTERO,1
BALENSIFER,1
BALDOW,1
BALDONI,1
BALDOINO,1
BALDISSEROTTO,1
BALDELLI,1
BALDAM,1
BALDAIA,1
BALBY,1
BALBELA,1
BALBAO,1
BALAS,1
BALAN,1
BALSANI,1
BALZAN,1
BALZANA,1
BARAN,1
BARBATO,1
BARBATHO,1
BARBARINO,1
BARBADO,1
BARBACENA,1
BARAVALLE,1
BARAUNA,1
BARATELLA,1
BARARDI,1
BARANSKI,1
BARANCELLI,1
BARALDI,1
BALZANO,1
BARACUHY,1
BARACAT,1
BARABAN,1
BAPTISTUCCI,1
BANTEL,1
BANNWART,1
BANKER,1
BANGOIM,1
BANCEU,1
BANASIAK,1
BAMPI,1
ARDENGHY,1
ARCHONDO,1
BAZANA,1
ALDA,1
ALCELINO,1
ALCAZAR,1
ALBORGHETTI,1
ALBO,1
ALBERTTI,1
ALBERTONI,1
ALBERTI,1
ALBERT,1
ALBERGARIA,1
ALBERELO,1
ALBANI,1
ALBA,1
ALARCON,1
AKUTAGAWA,1
AKIYAMA,1
AKIOKA,1
AKIBA,1
AKERMAN,1
AKAICHI,1
AKAHOSHI,1
AIZZA,1
AIVA,1
AIUTO,1
AIUB,1
AITA,1
ALCOFRA,1
ALDIGUERI,1
ARCHANGELO,1
ALECIO,1
ALTAVINI,1
ALQUATI,1
ALOUFA,1
ALOISE,1
ALOI,1
ALMIRANTE,1
ALMINO,1
ALMEDA,1
ALMAS,1
ALLGAYER,1
ALKMIM,1
ALKIMIM,1
ALI,1
ALFRADIQUE,1
ALFONSO,1
ALFARO,1
ALEXOPULOS,1
ALEXIM,1
ALEXANDRIA,1
ALESSANDRO,1
ALENTEJO,1
ALENQUER,1
ALEM,1
ALELAF,1
ALEJARRA,1
AIELLO,1
AIDE,1
AICK,1
AGUSTINI,1
ACQUA,1
ACIPRESTE,1
ACHTSCHIN,1
ACHEGAUA,1
ACCETTA,1
ABUJAMRA,1
ABUD,1
ABUCHAIN,1
ABTIBOL,1
ABRITTA,1
ABRAS,1
ABRANCHES,1
ABRAMOVITH,1
ABIZETHE,1
ABERTONI,1
ABENSUR,1
ABELIN,1
ABEKI,1
ABDON,1
ABDO,1
ABDENUR,1
ABDALAD,1
ABBATE,1
ABBAS,1
ABBAD,1
ACQUARONE,1
ACQUAVIVA,1
ADAD,1
AGILAR,1
AGUSTINHO,1
AGUILA,1
AGUENA,1
AGUDO,1
AGUAS,1
AGRICIO,1
AGRESTA,1
AGRELOS,1
AGNOLIN,1
AGNOL,1
AGNES,1
AGERTT,1
ADAME,1
AGBE,1
AGATTE,1
AGAPTO,1
AFRIAT,1
ADRIAO,1
ADOLPHO,1
ADEODATO,1
ADELINO,1
ADDOR,1
ADARIO,1
ADAMOLI,1
ALTE,1
ALTHAUS,1
ALTHOFF,1
ANGENOT,1
ANVERSA,1
ANVERS,1
ANUTE,1
ANTOUN,1
ANTONY,1
ANTONIUTTI,1
ANTONIASSI,1
ANTONIACOMI,1
ANTONI,1
ANTONACCIO,1
ANTON,1
ANTLOGA,1
ANTINOLFI,1
ANTICH,1
ANTIBAS,1
ANTELMI,1
ANTAO,1
ANSCHAU,1
ANNUNCIACAO,1
ANICETO,1
ANHE,1
ANHALT,1
ANGULO,1
ANGRISANO,1
ANGOTI,1
ANVERSI,1
ANZA,1
ANZOLIN,1
ARANDAS,1
ARCENIO,1
ARCARO,1
ARCANGELO,1
ARC,1
ARBOES,1
ARBEX,1
ARBACHE,1
ARAS,1
ARARIPE,1
ARAPIRACA,1
ARANOVICH,1
ARAMAYO,1
AOKI,1
ARAKAWA,1
ARAGAKI,1
ARADI,1
ARABIDIAN,1
APRIA,1
APOSTOLOS,1
APOLONIO,1
APOLONI,1
APICELO,1
AOTO,1
AOLITA,1
ANGIONI,1
ANGELUCI,1
ALTINA,1
ANGELICO,1
AMIN,1
AMIKURA,1
AMIEL,1
AMIDANI,1
AMICO,1
AMESTOY,1
AMERICANO,1
AMENDOLA,1
AMBROSINI,1
AMBONI,1
AMATO,1
AMARIZ,1
AMARILHO,1
AMANTEA,1
AMANTE,1
AMAECING,1
ALZERI,1
ALWAN,1
ALVISI,1
ALVINO,1
ALVERNE,1
ALVARO,1
ALVARIM,1
ALVA,1
ALTINO,1
AMO,1
AMORA,1
AMORE,1
ANDREAZI,1
ANG,1
ANEAS,1
ANDRIOLO,1
ANDRIGHETTI,1
ANDRIAZZI,1
ANDREZA,1
ANDREUCCI,1
ANDREOLLA,1
ANDREOLI,1
ANDREO,1
ANDREGHETTO,1
ANDREA,1
AMOROSO,1
ANDRADES,1
ANDOLFATTO,1
ANDES,1
ANDERSEN,1
ANASTASIA,1
ANANIAS,1
ANAIA,1
ANACLETO,1
ANABUKI,1
AMUD,1
AMPARO,1
BAZAN,1
BAZANELLA,1
BUONAFINA,1
BORTOLETE,1
BORSIO,1
BORSI,1
BORSALLI,1
BORRA,1
BOROWSKI,1
BOROMELO,1
BORNHOFEN,1
BORNATTO,1
BORN,1
BORMEVET,1
BORJA,1
BORIONI,1
BORIO,1
BORIN,1
BORHER,1
BORGUESAO,1
BORGO,1
BORGNETH,1
BORGLI,1
BORGHI,1
BORGHETTI,1
BORGA,1
BORELLI,1
BORELLA,1
BORDONI,1
BORTMAN,1
BORTOLIN,1
BOF,1
BORTOLOTO,1
BOVE,1
BOUZADA,1
BOUZA,1
BOURSCHEIDT,1
BOUMANN,1
BOTTURA,1
BOTTON,1
BOTTO,1
BOTTI,1
BOTTER,1
BOTTENTUIT,1
BOTTECCHIA,1
BOTH,1
BOTAN,1
BOSSONE,1
BOSSI,1
BOSSANEL,1
BOSON,1
BOSIGER,1
BOSCHI,1
BOSCATO,1
BOSCARINO,1
BOSCA,1
BOS,1
BORTOLOTTO,1
BORDIN,1
BORDIM,1
BORDA,1
BOOSTEL,1
BONAMICHI,1
BONALDO,1
BONAFE,1
BONADIO,1
BONADEO,1
BON,1
BOMMAN,1
BOMBARDI,1
BOLZANI,1
BOLWERK,1
BOLSONI,1
BOLSONARO,1
BOLORINI,1
BOLLIGER,1
BOLIGIAN,1
BOLGENHAGEN,1
BOLDA,1
BOL,1
BOKU,1
BOING,1
BOIA,1
BOHUSCH,1
BOHNERT,1
BOHLKE,1
BOGOSSIAN,1
BONANTE,1
BONASSOLI,1
BONATTI,1
BONHEUR,1
BONUMA,1
BONUCCELLI,1
BONTEMPO,1
BONSUCESSO,1
BONSANTO,1
BONIZZI,1
BONITESE,1
BONISSON,1
BONISSI,1
BONIOLO,1
BONIN,1
BONFIN,1
BONAVIDES,1
BONFANTI,1
BONFADINI,1
BONETTI,1
BONET,1
BONES,1
BONELLI,1
BONECKER,1
BONDUKI,1
BONCZYNSKI,1
BONAVITA,1
BONAVIGO,1
BOYADJIAN,1
BOZOLI,1
BOZZA,1
BROGNARO,1
BUBAR,1
BUARQUE,1
BRYKALSKI,1
BRUZZEGUEZ,1
BRUSTER,1
BRUST,1
BRUSCHI,1
BRUSAMARELLO,1
BRUNORO,1
BRUNHOLI,1
BRUNER,1
BRUNELLI,1
BRUNCA,1
BRUMMELL,1
BRUINI,1
BRUIN,1
BRUGNOLO,1
BRUCH,1
BROWN,1
BROTTO,1
BROSSMANN,1
BRONZERI,1
BRONZEADO,1
BRONZE,1
BROMBILLA,1
BUBLITZ,1
BUCCOLO,1
BUCH,1
BUIM,1
BUNN,1
BUNGART,1
BUNDCHEN,1
BUNA,1
BULSING,1
BULLA,1
BULHAO,1
BULE,1
BULCAO,1
BUKIEWICZ,1
BUJOKAS,1
BUHLMANN,1
BUCHHNO,1
BUHATEM,1
BUGLIA,1
BUGALHO,1
BUFULIN,1
BUFFON,1
BUESS,1
BUDZIAK,1
BUDNY,1
BUCKINGHAM,1
BUCIOLI,1
BUCHNER,1
BROLLO,1
BROGIO,1
BRACALE,1
BRODAY,1
BRAZILINO,1
BRAYN,1
BRAUNSTEIN,1
BRAUM,1
BRAULE,1
BRATZ,1
BRASAO,1
BRAQUEHAIS,1
BRANQUINHO,1
BRANJAO,1
BRANDI,1
BRANDES,1
BRANDELERO,1
BRANDALISE,1
BRAND,1
BRANCHES,1
BRANCA,1
BRAMBILLA,1
BRAIT,1
BRAIDO,1
BRAGHINI,1
BRAGANHOLO,1
BRAGAGNOLO,1
BRADACZ,1
BRACCI,1
BREA,1
BREANCINI,1
BREITBACH,1
BRISOLA,1
BROD,1
BROCKER,1
BROCCO,1
BROCCHI,1
BROCCA,1
BRIZUENA,1
BRIZOLLA,1
BRIZANTE,1
BRIVIO,1
BRITZKE,1
BRISOLLA,1
BRIOZO,1
BRELAZ,1
BRIOSCHI,1
BRIONES,1
BRIGGS,1
BRIAO,1
BREWER,1
BREUS,1
BRETERNITZ,1
BRESSANIN,1
BRESCIANI,1
BRENTANO,1
BREMER,1
BOGARIM,1
BOETTGE,1
BAZARIM,1
BENNEMANN,1
BENKENDORF,1
BENJAMIN,1
BENJAMIM,1
BENISHEVA,1
BENINI,1
BENICIO,1
BENGUIGUI,1
BENFEITAS,1
BENFATTI,1
BENEVOLO,1
BENEVENTE,1
BENEMANN,1
BENEDICTO,1
BENEDET,1
BENDO,1
BENDELAQUE,1
BEND,1
BENARROSH,1
BENAQUIO,1
BENAC,1
BELY,1
BELUZO,1
BELTRAMINI,1
BELTRAMIM,1
BELTRAM,1
BENLOLO,1
BENNET,1
BOERNER,1
BENON,1
BERNSMANN,1
BERNINI,1
BERNHARD,1
BERNARDIS,1
BERNARDINA,1
BERNABO,1
BERMUDEZ,1
BERMUDES,1
BERLITZ,1
BERLINI,1
BERLENDIS,1
BERLANDA,1
BERGAMINI,1
BERGAMIM,1
BERGAMASCHI,1
BEREZOVSKY,1
BERENSZTEJN,1
BEREJUCK,1
BERCOT,1
BERBEL,1
BENZECRY,1
BENVENUTI,1
BENTINHO,1
BENTIN,1
BENTHIEN,1
BELONI,1
BELOCHIO,1
BELMUDES,1
BELMONT,1
BEIER,1
BEHRENSDORF,1
BEHR,1
BEHLING,1
BEGNINI,1
BEGGIORA,1
BEDUSCHI,1
BEDRAN,1
BEDNASKI,1
BEDIN,1
BEDIM,1
BEDERODE,1
BEDENDO,1
BEDAQUI,1
BEDA,1
BECKMANN,1
BECKLER,1
BECKERT,1
BECKERATH,1
BECHTOLD,1
BECHARA,1
BECEVELI,1
BAZZI,1
BAZOTTI,1
BAZILIO,1
BEIL,1
BEIRAL,1
BEIRAO,1
BELEZA,1
BELMAR,1
BELLY,1
BELLUCCI,1
BELLOC,1
BELLINI,1
BELLINELLO,1
BELLINATI,1
BELINGER,1
BELGRANO,1
BELGA,1
BELFORT,1
BELETI,1
BEIRE,1
BELEGOTI,1
BELEBONI,1
BELATO,1
BELART,1
BELANCON,1
BELAN,1
BELAIDI,1
BEKHIT,1
BEJDER,1
BEJA,1
BEIRIZ,1
BERSCH,1
BERSSANETTE,1
BERTAO,1
BILEK,1
BIZARRO,1
BIULCHI,1
BITZKI,1
BITTE,1
BITTAR,1
BITELLI,1
BISSOLI,1
BISSOL,1
BISSI,1
BISCONSIN,1
BISCHOFF,1
BISCAIA,1
BIRNBAUM,1
BIRCK,1
BIONDI,1
BIO,1
BINOTI,1
BINO,1
BINET,1
BINDER,1
BINDA,1
BINATTO,1
BILLI,1
BILIBIO,1
BILHEU,1
BIZIAK,1
BLACKMAN,1
BLACKMON,1
BOBERMIN,1
BOENTE,1
BOEMO,1
BOEHS,1
BOECHEL,1
BODNAR,1
BOCORNY,1
BOCHECO,1
BOCCOMINO,1
BOCARDE,1
BOCAGE,1
BOCADO,1
BOAES,1
BLANC,1
BO,1
BLUME,1
BLOS,1
BLOOMFIELD,1
BLOISE,1
BLOCK,1
BLOCH,1
BLENGINI,1
BLEIL,1
BLANK,1
BLANDO,1
BILESSIMO,1
BILCATI,1
BERTAZO,1
BIGUIDEDE,1
BEUX,1
BEUTER,1
BETTONI,1
BETTINI,1
BETTARELLO,1
BETAT,1
BET,1
BESTEIRO,1
BESIGHINI,1
BESEKE,1
BESCHORNER,1
BESADA,1
BERWANGER,1
BERTUOL,1
BERTUNES,1
BERTULINO,1
BERTOQUI,1
BERTOLIN,1
BERTOLI,1
BERTOLDO,1
BERTOLASSE,1
BERTOLANI,1
BERTOLACCINI,1
BERTOL,1
BERTELLI,1
BEVILACQUA,1
BEWIAHN,1
BEYERSTEDT,1
BICHO,1
BIGOLIN,1
BIGNAMI,1
BIGIO,1
BIGARELI,1
BIFFI,1
BIFANO,1
BIERRENBACH,1
BIERHALS,1
BIENE,1
BIELUCZYK,1
BIELENKI,1
BICCA,1
BEZ,1
BIAZOLI,1
BIAZATTI,1
BIAVATI,1
BIASOTTO,1
BIASI,1
BIANECKI,1
BIANCHETTI,1
BIANCH,1
BIANCARDI,1
BIAGGI,1
BIAGE,1
EGGER,1
EGIMA,1
MASSARO,1
KLINGENFUSS,1
KLIEMANN,1
KLEY,1
KLEN,1
KLEMENCHUK,1
KLEINLEIN,1
KLEINE,1
KLEIMAN,1
KLEEBANK,1
KLAVER,1
KLAUTAU,1
KLAFKE,1
KITNER,1
KITANI,1
KITAGAWA,1
KIST,1
KISSNER,1
KISSMANN,1
KISE,1
KISCHLAT,1
KIRSCHNER,1
KIRSCH,1
KIRCHNER,1
KIRCHHOF,1
KILL,1
KIHARA,1
KLIEWER,1
KLINGL,1
KOELER,1
KLINOVSKI,1
KOCK,1
KOCIAN,1
KOCHHANN,1
KOCHE,1
KOCH,1
KOBE,1
KNUPP,1
KNOPP,1
KNOPF,1
KNOLL,1
KNOELLER,1
KNOB,1
KNIHS,1
KNEIPP,1
KNABEM,1
KLUPPEL,1
KLUGE,1
KLUG,1
KLOTZ,1
KLOSTER,1
KLOSS,1
KLOSOVSKI,1
KLOPSCH,1
KLOH,1
KLOC,1
KIESSLING,1
KIESSLER,1
KIERSZENBAUM,1
KIERECZ,1
KAUAM,1
KATZER,1
KATO,1
KATEIVAS,1
KATAOKA,1
KASTRUP,1
KASTER,1
KARVAT,1
KARSAKLIAN,1
KARRAZ,1
KAROLY,1
KARKOW,1
KARKOUS,1
KAPPLER,1
KAPPES,1
KAPPER,1
KAPCZINSKI,1
KANNO,1
KANGUSSU,1
KANEZAKI,1
KANEKO,1
KAMIO,1
KAMINSKI,1
KAMIMURA,1
KAMIKAWACHI,1
KAUER,1
KAUFMAN,1
KAWAGUCHI,1
KESKE,1
KIEL,1
KIEFER,1
KICHEL,1
KIBINO,1
KIAPUCHINSKI,1
KHOURY,1
KHERANI,1
KHENAIFES,1
KHECHEH,1
KHALIL,1
KESSLER,1
KERSTEN,1
KAWAHARA,1
KERINSKA,1
KERBER,1
KENNE,1
KEHL,1
KECHINSKI,1
KAYA,1
KAY,1
KAWATA,1
KAWASHITA,1
KAWASE,1
KAWAMURA,1
KODAIRA,1
KOERICH,1
EGLER,1
LABANCA,1
KWIATKOWSKI,1
KWECKO,1
KWASINSKI,1
KWANG,1
KWAN,1
KVITKO,1
KUZE,1
KUX,1
KUWAHARA,1
KUSS,1
KURZ,1
KURRLE,1
KUROKAWA,1
KURKA,1
KURIYAMA,1
KURIQUI,1
KURIKI,1
KURIBAYASHI,1
KURIAKI,1
KURBAN,1
KURANAGA,1
KUPPENS,1
KUPERCHMIT,1
KUNTZE,1
KUNKEL,1
LAASS,1
LABRADA,1
KOESTER,1
LABRUJO,1
LAMEU,1
LAMEIRAO,1
LAMBERTS,1
LAMBERT,1
LAMBACK,1
LAMB,1
LAMAZIERE,1
LAMARCA,1
LAMAR,1
LALLA,1
LAHSEN,1
LAHAS,1
LAHAM,1
LAGROTTA,1
LAGRANHA,1
LAGOS,1
LAGOA,1
LAFIN,1
LAFERTE,1
LAEBER,1
LACOMBE,1
LACHTERMACHER,1
LACAVA,1
LACATIVA,1
LABUTO,1
KUNDRAT,1
KUNDE,1
KUMAR,1
KUMAIRA,1
KOSCHECK,1
KOSBIAU,1
KORMANN,1
KORINFSKY,1
KORELL,1
KOPILER,1
KONTA,1
KONS,1
KONIG,1
KOMNISKI,1
KOMENO,1
KOMATSU,1
KOLTERMANN,1
KOLT,1
KOLOGESKI,1
KOLLING,1
KOLBERG,1
KOKETSU,1
KOIKE,1
KOIFMAN,1
KOHN,1
KOHATSU,1
KOGUT,1
KOGLIN,1
KOGACHI,1
KOSCHIER,1
KOSCIANSKI,1
KOTHE,1
KRUG,1
KULLMANN,1
KULESZA,1
KULAIF,1
KUIPERS,1
KUDO,1
KUCHENBECKER,1
KUBRUSLY,1
KUBO,1
KSIASZCZYK,1
KRUSE,1
KRUPP,1
KROPF,1
KOVAGS,1
KREUTZFELD,1
KRAUSPENHAR,1
KRAUSE,1
KRATOCHWILL,1
KRAJEVSKI,1
KRAINSKI,1
KRAEMER,1
KOZAKEVICIUS,1
KOYAMA,1
KOX,1
KOVALJSKI,1
KAMI,1
KAMEI,1
KAMCHEN,1
IOP,1
INUMARU,1
INTROINE,1
INOCENTES,1
INOCENCIO,1
INNECCO,1
INHAQUITES,1
INES,1
INCERTI,1
INAJOSA,1
INADA,1
IMHOF,1
IMBUZEIRO,1
IMAKAWA,1
IKUMA,1
IKINO,1
IKESHOJI,1
IKARI,1
IJICHI,1
IIMA,1
IHJAZ,1
IHARA,1
IGNATIOS,1
IGNA,1
IGLECIAS,1
IGAYARA,1
IOCCA,1
IORIO,1
KAMBARA,1
IPOLITO,1
IUSEM,1
IUNG,1
ITRIA,1
ITAPA,1
ITALIANO,1
ITABORAHY,1
ISOLAN,1
ISOBE,1
ISIDORO,1
ISIDIO,1
ISHIZUKA,1
ISHIKAWA,1
ISHIGAI,1
ISHIDA,1
ISHAK,1
ISEKI,1
ISCHABER,1
ISBARROLA,1
IRMAO,1
IRIGARAY,1
IRENE,1
IRAMINA,1
IRALA,1
IQUEDA,1
IPUCHIMA,1
IGARASHI,1
IFRAN,1
IENSEN,1
IENICHAKI,1
HOYER,1
HOWES,1
HOUAISS,1
HOSOKAWA,1
HOSKIN,1
HOSHINO,1
HOSDA,1
HOSANNAH,1
HORWACZ,1
HORTEGAL,1
HORT,1
HORST,1
HOROVITS,1
HORNA,1
HORN,1
HORBACH,1
HOPPE,1
HOPNER,1
HONESKO,1
HONDA,1
HONAISER,1
HONAIN,1
HOMEROD,1
HOMENA,1
HOMEM,1
HOYLER,1
HREISEMNOU,1
HRYNIEWICZ,1
HUNGRIA,1
IDE,1
IBITURUNA,1
IBARRA,1
IBANEZ,1
IARA,1
IANNONI,1
IANNINI,1
HYARIC,1
HUZIWARA,1
HUPPES,1
HUNING,1
HUNDERTMARCK,1
HSU,1
HUMBERTO,1
HULLER,1
HUHOLD,1
HUGO,1
HUFF,1
HUDSON,1
HUBNER,1
HUBLER,1
HUBERT,1
HUBAIDE,1
HUAPAYA,1
IVANOSKI,1
IVO,1
IWABUCHI,1
JOHNSON,1
JURGINA,1
JURASKI,1
JUNIO,1
JUNGES,1
JUNGER,1
JUNES,1
JUNCKES,1
JULIEN,1
JULIATTO,1
JULIANO,1
JUKEMURA,1
JUIZ,1
JUEN,1
JUBRAN,1
JUBE,1
JUAREZ,1
JOVER,1
JOUCOSKI,1
JOTA,1
JOSUE,1
JOSINO,1
JORNADA,1
JORDINO,1
JOPPI,1
JOPPERT,1
JURITI,1
JURUBEBA,1
JUSTA,1
KAFURI,1
KAMADA,1
KALISKI,1
KALIL,1
KAKITANI,1
KAKINOHANA,1
KAKIMOTO,1
KAKEHASI,1
KAISER,1
KAIMOTI,1
KAIESKI,1
KAI,1
KAFFLER,1
JUSTEN,1
KADRE,1
KADDOUM,1
KABUTAKAPUA,1
KABOUDI,1
KAARI,1
JUZINSKAS,1
JUVINO,1
JUVENCIO,1
JUTZET,1
JUSTINIANO,1
JUSTI,1
JONSSON,1
JOHANN,1
IWAKAWA,1
JOCA,1
JANDIROBA,1
JAMMAL,1
JAMES,1
JAHEL,1
JAHARA,1
JAGUAR,1
JAEGGER,1
JAEGGE,1
JACOUB,1
JACOMO,1
JACOMINO,1
JACOBSEN,1
JACOBINA,1
JACKSON,1
JACCOUD,1
JABOUR,1
JABER,1
JABALI,1
IZUIBEJERES,1
IZEL,1
IZAWA,1
IZAR,1
IZAIAS,1
IZAGUIRRES,1
IWAKIRI,1
JANDREY,1
JANINI,1
JANK,1
JEPSEN,1
JOBIM,1
JOBA,1
JO,1
JINYUN,1
JIMENEZ,1
JEZUZ,1
JEZINI,1
JESUZ,1
JERUSALEM,1
JERONYMO,1
JEREISSATI,1
JENSEN,1
JANSSEN,1
JENNINGS,1
JENNE,1
JELITA,1
JELEZNHAK,1
JAZBIK,1
JAYME,1
JARCEM,1
JAPUR,1
JAPPE,1
JAPIASSU,1
JANTORNO,1
LAMOUR,1
LAMPERT,1
LAMPERTI,1
MANES,1
MANENTI,1
MANDU,1
MANATTA,1
MANATA,1
MANAIA,1
MAMUD,1
MAMONE,1
MAMONA,1
MAMEDIO,1
MAMANN,1
MAMANI,1
MALVAR,1
MALVA,1
MALULY,1
MALTY,1
MALTONI,1
MALINOVSKI,1
MALHAO,1
MALFUSSI,1
MALFACINI,1
MALETTA,1
MALDANER,1
MALCHER,1
MALASZKIEWICZ,1
MALASPINA,1
MANERA,1
MANFIO,1
MACA,1
MANFREDINI,1
MAPELLI,1
MAOSKI,1
MANZONI,1
MANZOLLI,1
MANZOLILLO,1
MANZOCHI,1
MANZO,1
MANZI,1
MANZ,1
MANTOVANELI,1
MANTILLA,1
MANTELLI,1
MANTA,1
MANSOR,1
MANSOLDO,1
MANSANO,1
MANNO,1
MANNARINO,1
MANN,1
MANICA,1
MANHICA,1
MANGUALDE,1
MANGEON,1
MANGELA,1
MANFRINI,1
MALANSKI,1
MALAN,1
MALAGUTI,1
MALAFAIA,1
MAGDESIAN,1
MAGDALENO,1
MAGANHI,1
MAFIOLETTI,1
MAFFIOLETTI,1
MAFEI,1
MAEHLER,1
MAEHARA,1
MADY,1
MADURO,1
MADUREIRO,1
MADRID,1
MACULO,1
MACOLA,1
MACKEDANZ,1
MACKE,1
MACIENTE,1
MACHULIS,1
MACHARETH,1
MACERA,1
MACARINI,1
MACALINI,1
MACALAO,1
MACACINI,1
MACABU,1
MAGGESSY,1
MAGGI,1
MAGGINI,1
MAIORINO,1
MALACRIDA,1
MAKUXI,1
MAKSOUD,1
MAKRAY,1
MAKOWIECKI,1
MAKHOUL,1
MAKARA,1
MAJACUNDE,1
MAIURINO,1
MAISSNER,1
MAISSIAT,1
MAIOLINO,1
MAGNEZI,1
MAIOLINI,1
MAINIERI,1
MAIEVES,1
MAIERA,1
MAIELLO,1
MAIBORODA,1
MAI,1
MAHFOUD,1
MAGRIN,1
MAGRI,1
MAGOSSI,1
MAQUINE,1
MARACABA,1
MARAFON,1
MARQUET,1
MARTININGUI,1
MARTINHO,1
MARTINHAO,1
MARTINGO,1
MARTINELLO,1
MARTINELLE,1
MARTINELI,1
MARTINA,1
MARTILDES,1
MARTIGNONI,1
MARTHA,1
MARTELO,1
MARTELLOTE,1
MARTELLO,1
MARTA,1
MARSOLA,1
MARSICO,1
MARSHALL,1
MARRUCHE,1
MARROQUIM,1
MARRASCHI,1
MARRANGHELLO,1
MARRACCINI,1
MARQUIORI,1
MARQUINI,1
MARTINO,1
MARTINY,1
MARTIOLI,1
MARZARI,1
MASSAPINA,1
MASSAMBANI,1
MASSAFERA,1
MASILI,1
MASETTO,1
MASELLO,1
MASCHIO,1
MASCENA,1
MASCARO,1
MASCARENAS,1
MASCARELLO,1
MARZALL,1
MARTIRE,1
MARY,1
MARWELL,1
MARVANOVA,1
MARUYAMA,1
MARUOKA,1
MARUO,1
MARUJO,1
MARTYRES,1
MARTYNETZ,1
MARTUCHELI,1
MARTORELLI,1
MARQUEZ,1
MARQUE,1
MARANDOLA,1
MAROUN,1
MARCOLAN,1
MARCILESE,1
MARCIAO,1
MARCIANO,1
MARCIAL,1
MARCHITO,1
MARCHIORI,1
MARCHEZINI,1
MARCHESIN,1
MARCHAND,1
MARCELOS,1
MARCELINA,1
MARCARINI,1
MARCA,1
MARAZINI,1
MARAVIESKI,1
MARAVALHAS,1
MARASSI,1
MARASINI,1
MARASCHIN,1
MARAO,1
MARANO,1
MARANI,1
MARANHO,1
MARANGA,1
MARCOLIN,1
MARCOLLA,1
MARCOMINI,1
MARINATO,1
MAROUELLI,1
MAROTA,1
MAROJA,1
MARODIN,1
MAROCHI,1
MARMENTINI,1
MARMELLO,1
MARKUS,1
MARISCO,1
MARIOTO,1
MARIO,1
MARICEVICH,1
MARCUZZI,1
MARIATH,1
MARIALVA,1
MARGOTTI,1
MARGONI,1
MARGARITES,1
MARGARIDA,1
MARFIL,1
MARES,1
MARECOS,1
MARDINI,1
MARDEGAN,1
MACABEU,1
MAAG,1
ABAD,1
LESSAK,1
LERMONTOV,1
LERMES,1
LERMEN,1
LERCO,1
LERBAK,1
LERBACH,1
LEPKOSKI,1
LEONEL,1
LEOCADIO,1
LEOBACK,1
LEO,1
LENZ,1
LENK,1
LENFERS,1
LENCINA,1
LEMME,1
LEMKE,1
LELES,1
LEIVA,1
LEITZKE,1
LEISTER,1
LEIROS,1
LEIMIG,1
LEIBOVICH,1
LEHNHARD,1
LEROY,1
LESTE,1
LYONS,1
LESTINGE,1
LIMP,1
LIMAVERDE,1
LIMAO,1
LIMANA,1
LIGUORI,1
LIGNANI,1
LIGIERO,1
LIGEIRO,1
LIGABUE,1
LIEBL,1
LIEBERENZ,1
LICURGO,1
LICURCI,1
LICORIO,1
LICASSALI,1
LIBRALON,1
LIARTE,1
LIAO,1
LHAMBY,1
LEZIER,1
LEWER,1
LEVY,1
LEVCOVITZ,1
LETTNIN,1
LETIERI,1
LEGUIZAMON,1
LEFEVRE,1
LEDO,1
LEDIC,1
LARROYED,1
LAROVERE,1
LAROSA,1
LAROQUE,1
LARICCHIA,1
LARI,1
LARES,1
LARENAS,1
LARANJEIRAS,1
LARANGEIRA,1
LAPROVITA,1
LAPENDA,1
LANZARIN,1
LANZARA,1
LANIUS,1
LANINI,1
LANGSDORFF,1
LANGSCH,1
LANGER,1
LANGA,1
LANDFELDT,1
LANDERDAHL,1
LAND,1
LANCASTRE,1
LANARO,1
LARRUBIA,1
LARSEN,1
LARSON,1
LAVINAS,1
LEDES,1
LECIO,1
LECHIV,1
LEBRE,1
LEBLER,1
LEADEBAL,1
LAZZERI,1
LAZZAROTTI,1
LAZZARINI,1
LAXE,1
LAWSON,1
LAVARDA,1
LASMAR,1
LAVALL,1
LAUTERT,1
LAURO,1
LAURENCIO,1
LAUERMANN,1
LAUDARES,1
LAUAR,1
LATTANZI,1
LATORRACA,1
LATAVANHA,1
LASSE,1
LINCOLN,1
LINDEMANN,1
LINDEN,1
LOTTI,1
LUCIETTI,1
LUCHINI,1
LUCHESI,1
LUCERO,1
LUCE,1
LUCCIA,1
LUCCHESI,1
LUCATELLI,1
LUBIANA,1
LUBE,1
LUBANCO,1
LOY,1
LOW,1
LOVIS,1
LOVATTO,1
LOVATO,1
LOUVISSE,1
LOUSA,1
LOURO,1
LOURINHO,1
LOURENCONE,1
LOURENCON,1
LOURENCATO,1
LOURA,1
LOULA,1
LUCILIO,1
LUCINI,1
LUDGERO,1
LUNKES,1
LYNCH,1
LYCURGO,1
LUZZARDI,1
LUZORIO,1
LUZES,1
LUVIZARO,1
LUVIELMO,1
LUTTERBACH,1
LUTHER,1
LUSTRE,1
LUSO,1
LUNGAREZE,1
LUDOVICO,1
LUNEDO,1
LUNARDI,1
LUMBRERAS,1
LULA,1
LUIZE,1
LUIZARI,1
LUIGI,1
LUI,1
LUGON,1
LUGO,1
LUDWIG,1
LOTUFO,1
LOTTERMANN,1
LINDENBERG,1
LOTTA,1
LOCIO,1
LOCH,1
LOCARNO,1
LOBREGAT,1
LO,1
LLARENA,1
LIZIDATTI,1
LIZ,1
LIXA,1
LIVRAMENTO,1
LITHOLDO,1
LISZBINSKI,1
LISKA,1
LIRO,1
LIONELLO,1
LINTOMEN,1
LINK,1
LINHEIRA,1
LINHATTI,1
LINGERFELT,1
LINEIRA,1
LINDQUIST,1
LINDNER,1
LINDGREN,1
LINDENMEYER,1
LOEBEL,1
LOEBENS,1
LOEBLIN,1
LORDAO,1
LOTH,1
LOSSO,1
LOSCIO,1
LORO,1
LORETO,1
LORENZONI,1
LORENCI,1
LOREDO,1
LORDELO,1
LORDELLO,1
LORDARO,1
LOPEZ,1
LOES,1
LONGHI,1
LONGA,1
LOMPARTE,1
LOMONACO,1
LOMEU,1
LOMELINO,1
LOMANTO,1
LOLI,1
LOJA,1
LOGRADO,1
LOFF,1
HOLZMANN,1
HOLTZ,1
HOLLNAGEL,1
FOSCHI,1
FOSCH,1
FORZANI,1
FORTE,1
FORNELOS,1
FORNACIARI,1
FORMIGOSA,1
FORMIGHERI,1
FORMAGINI,1
FORMA,1
FORLINI,1
FORLIN,1
FORGIARINI,1
FORESTI,1
FORERO,1
FORCACINI,1
FOOK,1
FONTINELLE,1
FONTINELES,1
FONTINEL,1
FONTE,1
FONTANINI,1
FONTAINHA,1
FONCESA,1
FOLLADOR,1
FOLIGNO,1
FOSCHETTI,1
FOSSATI,1
FIELDS,1
FOUREAUX,1
FRANGULLYS,1
FRANGIPANI,1
FRANGELLA,1
FRANCOLINO,1
FRANCOIA,1
FRANCISCONI,1
FRANCISCHINI,1
FRANCISCHETTO,1
FRANCISCA,1
FRANCINO,1
FRANCINI,1
FRANCHINI,1
FRANCEZ,1
FRANCESCHI,1
FRANCES,1
FRANCATO,1
FRAJUCA,1
FRAINER,1
FRAILE,1
FRAGOZO,1
FRAGOMENI,1
FRAGAS,1
FRADIQUE,1
FRACAROLLI,1
FOUTO,1
FOLHADELLA,1
FOLES,1
FOLDA,1
FOIS,1
FIORENZA,1
FIORELLI,1
FIORAVANTI,1
FIORANTE,1
FINTELMAN,1
FINOTTI,1
FINOKIET,1
FINOCHIO,1
FINCO,1
FINARDI,1
FIM,1
FILMIANO,1
FILLMANN,1
FILLIPPI,1
FILIPPOZZI,1
FILIPPIN,1
FILIPETTO,1
FILARETTI,1
FILARDI,1
FILADELFO,1
FIGUEIROA,1
FIGUEIRAS,1
FIGOLI,1
FIGHERA,1
FIGALO,1
FIORENZANO,1
FIORESI,1
FIORIN,1
FLISTER,1
FOGLIARINI,1
FOGASSO,1
FOGASSA,1
FLUZER,1
FLOZINO,1
FLORIT,1
FLORINDO,1
FLORAMBEL,1
FLORA,1
FLOERING,1
FLIT,1
FLEXA,1
FIORINO,1
FLEURY,1
FLAMIA,1
FLAIN,1
FITTIPALDI,1
FISCHBORN,1
FIRST,1
FIRMIANO,1
FIRMENTO,1
FIREMAN,1
FIOROTTE,1
FIORIO,1
FRANQUEIRA,1
FRANTZ,1
FRANZ,1
FURRIER,1
GALAFASSI,1
GAJO,1
GAJADHAR,1
GAIOSO,1
GAION,1
GAINO,1
GAICK,1
GAGLIARDI,1
GADONSKI,1
GACHET,1
GABY,1
GABRIG,1
GABLER,1
GABI,1
GABARDO,1
FUZISHIMA,1
FUZER,1
FUZARO,1
FUZA,1
FUTER,1
FUSINATO,1
FUSCALDI,1
FURUKAVA,1
FURUCHO,1
FURTUNATO,1
GALANTIER,1
GALAO,1
GALARCA,1
GALLORO,1
GALVINO,1
GALVES,1
GALVEAS,1
GALVANI,1
GALVAN,1
GALRAO,1
GALON,1
GALO,1
GALMASSI,1
GALLUZZO,1
GALLUCCI,1
GALLIANI,1
GALARDO,1
GALLERT,1
GALLE,1
GALINO,1
GALHO,1
GALHARDI,1
GALETTO,1
GALEGO,1
GALEANO,1
GALDIANO,1
GALDENCIO,1
GALAXE,1
FURTOZO,1
FURQUIM,1
FRANZEN,1
FURLANETTO,1
FRISCH,1
FRIGOTTO,1
FRIESTINO,1
FRID,1
FRICK,1
FRIACA,1
FRESU,1
FRENKEL,1
FREIXO,1
FREIRAS,1
FREIESLEBEN,1
FREIBERG,1
FREESZ,1
FREDRYCH,1
FREDO,1
FRECHEIRAS,1
FRAXE,1
FRATTI,1
FRATE,1
FRASSATO,1
FRARE,1
FRANZOSI,1
FRANZONI,1
FRANZON,1
FRANZOI,1
FRISCHEISEN,1
FRISO,1
FRIZOTTI,1
FUHRMANN,1
FURIATI,1
FURIA,1
FUNO,1
FUNKE,1
FUNFGELT,1
FUNES,1
FUNCHAL,1
FULLANA,1
FULGENCIO,1
FUKUSHIMA,1
FUJIKI,1
FUHR,1
FRIZZO,1
FUCHS,1
FRUTUOSO,1
FRUGES,1
FRUGERI,1
FRUET,1
FROZ,1
FRONTELMO,1
FROMER,1
FROHLICH,1
FROELICH,1
FROEHLICH,1
FIENGA,1
FIEL,1
GAMBARTI,1
EVORA,1
EVANGELINELIS,1
EURICH,1
EUFRASIO,1
ETCHEPARE,1
ESTUQUI,1
ESTUMANO,1
ESTRELLA,1
ESTRADA,1
ESTIVALETE,1
ESTIVALET,1
ESTELINO,1
ESTACIO,1
ESSER,1
ESPOSTI,1
ESPINOZA,1
ESPIGAO,1
ESPIG,1
ESPERANCA,1
ESPEJO,1
ESPADA,1
ESMERO,1
ESMANHOTTO,1
ESKENAZI,1
ESCUDERO,1
ESCUDEIRO,1
EVERTON,1
EWERTON,1
FIDELES,1
FABA,1
FAE,1
FADDOUL,1
FACO,1
FACIOLI,1
FACIOLA,1
FACIO,1
FACINNI,1
FACINA,1
FACIE,1
FACHINI,1
FACHINELLI,1
FACHAS,1
FACCION,1
FACCINI,1
FACCI,1
FACCHINI,1
FACAS,1
FACA,1
FABRI,1
FABRE,1
FABIO,1
FABINO,1
FABIAO,1
FABIANOVICZ,1
FABBRI,1
ESCOUTO,1
ESCOSSIA,1
ESCOLASTICO,1
ESCOLA,1
EMILIANO,1
ELUZ,1
ELSNER,1
ELSENBACH,1
ELPIDIO,1
ELOY,1
ELOSTA,1
ELON,1
ELMESCANY,1
ELL,1
ELIZALDE,1
ELISEU,1
ELINO,1
ELIDIO,1
ELICKER,1
ELIA,1
ELHKE,1
ELECTO,1
EIZERIK,1
EISENBERG,1
EILERS,1
EIDT,1
EICKOFF,1
EICHLER,1
EHNERT,1
EMILIO,1
EMMANUEL,1
EMMERICK,1
EPIPHANIO,1
ESCANHOELA,1
ERUDILHO,1
ERSINZON,1
ERQUECIA,1
ERNANDES,1
ERMINDOLFO,1
ERIG,1
ERHARDT,1
ERDMANN,1
ERCILIO,1
EQUEY,1
EPIFANEO,1
EMURA,1
EPELMAN,1
ENTRINGE,1
ENNES,1
ENGSTER,1
ENGRACIO,1
ENGELKE,1
ENGELBERT,1
ENEDINO,1
ENEAS,1
ENDSON,1
ENDO,1
FAGA,1
FAGAN,1
FAGHERAZZI,1
FEHLBERG,1
FENILI,1
FENELON,1
FELTRIN,1
FELTEN,1
FELPOLDI,1
FELLINI,1
FELIZOLA,1
FELIZARDO,1
FELISBINO,1
FELIS,1
FELIPPETTO,1
FELIPPA,1
FELINTO,1
FELINI,1
FELICIDADE,1
FELHBERG,1
FELEX,1
FELDMAN,1
FELCKILCKER,1
FELBERG,1
FEITEN,1
FEIL,1
FEIJOO,1
FEIJAO,1
FEIDEN,1
FERBER,1
FERES,1
FERIGOLO,1
FERREIRO,1
FIDALGO,1
FIALCOSKI,1
FEY,1
FEUGA,1
FEUERHARMEL,1
FERRUGEM,1
FERRONATO,1
FERRON,1
FERRIGNO,1
FERRETTO,1
FERRERI,1
FERRATO,1
FERLA,1
FERRAREZZI,1
FERRAREZI,1
FERRAREZE,1
FERRAMENTA,1
FERRACIOLI,1
FERRACINI,1
FERON,1
FERNANDO,1
FERNANDE,1
FERMIANO,1
FERLIM,1
FEICHAS,1
FEGHALI,1
FAIAD,1
FEDERIGHI,1
FARINA,1
FARFAN,1
FARES,1
FARDIN,1
FARAUM,1
FARANI,1
FARAJ,1
FANTUZZI,1
FANTA,1
FANHA,1
FANGER,1
FANGEL,1
FAMILIAR,1
FALQUETTO,1
FALQUETO,1
FALLOT,1
FALLETI,1
FALLET,1
FALLEIROS,1
FALEIRO,1
FALCONE,1
FALCI,1
FALABELLA,1
FAKHOURI,1
FAILLACE,1
FARINAS,1
FARINATTI,1
FARINELLI,1
FAVARETO,1
FEDECHEN,1
FAZZION,1
FAZIO,1
FAVRETTO,1
FAVORETO,1
FAVETTI,1
FAVERSANI,1
FAVERAO,1
FAVE,1
FAVARIN,1
FAVARETTO,1
FAVALI,1
FARINHA,1
FAUSTO,1
FAULHABER,1
FAULA,1
FAUCZ,1
FATTORI,1
FATIMA,1
FARVES,1
FARSURA,1
FARO,1
FARIZELLI,1
FARINON,1
GAMBARRA,1
GAMBINI,1
HOLEVA,1
GUTEMBERG,1
GUNTHER,1
GUMIEIRO,1
GULES,1
GUIZZO,1
GUIZARDI,1
GUIYOTOKU,1
GUITTI,1
GUIRRA,1
GUIRAU,1
GUIRARDI,1
GUIRADO,1
GUIOTTI,1
GUIOTI,1
GUIMARAENS,1
GUILHON,1
GUIDUCCI,1
GUIDORENI,1
GUIDONI,1
GUIDOLIN,1
GUGLIERI,1
GUGLIELMO,1
GUGISCH,1
GUESSI,1
GUESSER,1
GUERTLER,1
GUSHIKEN,1
GUTH,1
GREMIAO,1
GUTIERRE,1
HAMANO,1
HAMAMURA,1
HALMENSCHLAGER,1
HALIK,1
HALAL,1
HAJI,1
HAILER,1
HAIDEM,1
HAHN,1
HAGENBECK,1
HAGEN,1
HAGEMANN,1
HAGE,1
HAESER,1
HADERCHPEK,1
HACKBART,1
HACHIYA,1
HACHEM,1
HABEYCHE,1
HAAS,1
HAAG,1
GUZZO,1
GUZMAN,1
GUZ,1
GUTIERRES,1
GUERRERO,1
GUERO,1
GUERIN,1
GUEPFRIH,1
GROSSE,1
GROSS,1
GROSNER,1
GRONER,1
GROLA,1
GRODERS,1
GRITTI,1
GRISOLIA,1
GRISOLI,1
GRISI,1
GRIPPA,1
GRIPE,1
GRINSPUN,1
GRINNAN,1
GRINMAN,1
GRINITS,1
GRIMAUTH,1
GRIM,1
GRILO,1
GRIGOLETTO,1
GRIGIO,1
GRIEBELER,1
GRIBOSKI,1
GREVE,1
GRESSLER,1
GROSSMANN,1
GROTA,1
GRUBANO,1
GUARATE,1
GUELFI,1
GUELBERT,1
GUEDINE,1
GUEDELHA,1
GUARIZI,1
GUARIZ,1
GUARITA,1
GUARISCO,1
GUARIM,1
GUARIEIRO,1
GUARDA,1
GUANAES,1
GRUBERTT,1
GUALIUME,1
GUAITOLINI,1
GUAHYBA,1
GRYNSZPAN,1
GRUTZMANN,1
GRUTZMACHER,1
GRUNEICH,1
GRUMM,1
GRUGEL,1
GRUDZIN,1
GRUBISIC,1
HAMMEL,1
HAMMERL,1
HANA,1
HENRIKSEN,1
HIDD,1
HID,1
HICKMANN,1
HEXSEL,1
HESSEL,1
HESS,1
HERSZENHAUT,1
HERSCOVICI,1
HERRIOT,1
HERRANZ,1
HERRAIZ,1
HERNANDES,1
HERNALSTEENS,1
HERMSDORFF,1
HERMOGENES,1
HERMANO,1
HERKRATH,1
HERING,1
HERGESELL,1
HERENIO,1
HEREDIA,1
HERDY,1
HERBERT,1
HENTZ,1
HENTSCHKE,1
HIGA,1
HIGINO,1
HIGUCHI,1
HISTER,1
HOLDSCHIP,1
HOISER,1
HOHL,1
HOFFMAN,1
HOERHAN,1
HOELZ,1
HODGSON,1
HOBUSS,1
HOBMEIR,1
HO,1
HITOTUZI,1
HISATOMI,1
HILARIO,1
HIRTZ,1
HIRSCHBRUCH,1
HIRDES,1
HIRAKURI,1
HIPOLITO,1
HIODO,1
HINNAH,1
HILLESHEIM,1
HILLEBRAND,1
HILGUERA,1
HILDEBRANDT,1
HENRY,1
HENNEBERG,1
HANAN,1
HENKE,1
HATADANI,1
HASUNUMA,1
HASTENREITER,1
HASSLER,1
HASSEGAWA,1
HASENKAMP,1
HASEN,1
HASEGAWA,1
HASCHE,1
HARZHEIM,1
HARTWIG,1
HARTOG,1
HARTKE,1
HARO,1
HARNAM,1
HARDT,1
HARDMAN,1
HARDEN,1
HARB,1
HARA,1
HANSEM,1
HANNISDAL,1
HANNESCH,1
HANI,1
HANAUER,1
HATCHWELL,1
HATEM,1
HAUBRICK,1
HEIMBURGER,1
HENGE,1
HENEINE,1
HENDGES,1
HELMER,1
HELLMANN,1
HELLBERGER,1
HELIOTERIO,1
HELER,1
HELENA,1
HEINZ,1
HEINEN,1
HEILIG,1
HAUER,1
HEGENDORNE,1
HEDLUND,1
HECKO,1
HECKERT,1
HECK,1
HAYASHIDA,1
HAYAKAWA,1
HAWAT,1
HAUSEN,1
HAUSCHILD,1
HAURADOU,1
GRESS,1
GREJANIN,1
GAMENHA,1
GERALDINE,1
GERA,1
GEORGE,1
GENUNCIO,1
GENTILE,1
GENIOLI,1
GEMENTE,1
GEMELLI,1
GEMAQUE,1
GELBCKE,1
GEFFER,1
GEBRIM,1
GEBER,1
GEANBASTIANI,1
GAZZOLA,1
GAZEL,1
GAZANO,1
GAZALLE,1
GAYESKI,1
GAYER,1
GAYA,1
GAVIOLI,1
GAVI,1
GAVAZZA,1
GAUZISKI,1
GAUZE,1
GERALDES,1
GERBER,1
GREGORINI,1
GEREMIA,1
GIACOMELLO,1
GIACOMASSI,1
GIACOBBO,1
GIABARDO,1
GHIRELLI,1
GHETTI,1
GHELMAN,1
GHELFI,1
GHELARDI,1
GHAZALE,1
GHARIB,1
GHANI,1
GEWANDSZNAJDER,1
GETELINA,1
GETASSI,1
GESTEIRA,1
GERVAZONI,1
GERVASONI,1
GERVASIO,1
GERTRUDES,1
GEROLIMICH,1
GERLIN,1
GERHEIM,1
GERHARDT,1
GEREVINI,1
GAUTIER,1
GAUTERIO,1
GAUJAC,1
GAUER,1
GARIGLIO,1
GARIBE,1
GARIANI,1
GARGANO,1
GARDES,1
GARCIAS,1
GARCETE,1
GARCET,1
GARBUIO,1
GARBINI,1
GARBIN,1
GARBIM,1
GARBI,1
GARBELOTTI,1
GARBAZZA,1
GARBACIO,1
GANZER,1
GANTUS,1
GANTOIS,1
GANME,1
GANDOLPHO,1
GANDOLFO,1
GANDINI,1
GANDARA,1
GAMO,1
GARITTA,1
GARLIPP,1
GARNIER,1
GASPARONI,1
GAUDENCIO,1
GAUCHE,1
GAUCH,1
GATINHO,1
GASTALDO,1
GASTAL,1
GASSEN,1
GASS,1
GASQUES,1
GASPARRI,1
GASPAROTTO,1
GASPARINI,1
GAROFALO,1
GASPARIM,1
GASPARETO,1
GASPARETE,1
GASCO,1
GARSKE,1
GARROS,1
GARROCHO,1
GARRO,1
GARRETO,1
GARONZI,1
GARON,1
GIACOMET,1
GIACOMIN,1
GIANASI,1
GORDON,1
GRAMACHO,1
GRALLE,1
GRAIA,1
GRAHL,1
GRAEBIN,1
GRADIN,1
GRADILONE,1
GRADELLA,1
GRACIOLLI,1
GRACINDO,1
GOZZO,1
GOZZI,1
GOZA,1
GOVINATSKI,1
GOVEDISE,1
GOUGH,1
GOUGET,1
GOUDINHO,1
GOUDART,1
GOTZKE,1
GOTTARDI,1
GOTARDELO,1
GOSENHEIMER,1
GORTZ,1
GORSANI,1
GRAMANI,1
GRAMLING,1
GRAMOSA,1
GRATIVOL,1
GREGIANINI,1
GREFF,1
GRECIA,1
GREBOGI,1
GRAZIOLLA,1
GRAZINOLI,1
GRAZIATO,1
GRAVINA,1
GRAVE,1
GRAVA,1
GRAUDO,1
GRASSO,1
GRAMOZA,1
GRASSIA,1
GRASSER,1
GRASEL,1
GRAPIUNA,1
GRANVILLE,1
GRANJEIRO,1
GRANGEIRO,1
GRANEMANN,1
GRANDOLPHO,1
GRANATA,1
GRANADO,1
GORETE,1
GORDIN,1
GIANOTTI,1
GORDILHO,1
GIVISIEZ,1
GIVIGI,1
GIUSTINA,1
GIULI,1
GIROTTO,1
GIRON,1
GIRAUDO,1
GIRARD,1
GIRALDI,1
GIOVENARDI,1
GIOVANNI,1
GIOVANI,1
GIORGIS,1
GINZBARG,1
GINDRI,1
GIMENES,1
GILVAZ,1
GILLO,1
GIFONI,1
GIFFONI,1
GIBAUT,1
GIASSI,1
GIARETTA,1
GIARETA,1
GIANTOMASSO,1
GNECCO,1
GNO,1
GNOATTO,1
GOLDMAN,1
GOPFERT,1
GONZALIS,1
GONTSCHAROW,1
GONRING,1
GONDINHO,1
GONDAR,1
GOLTZ,1
GOLLNER,1
GOLINELHI,1
GOLFETTI,1
GOLDSCHMIDT,1
GOLDBACH,1
GOBBATO,1
GOLD,1
GOKE,1
GOIN,1
GOIANA,1
GOIABEIRA,1
GOETZE,1
GOETTERT,1
GOEPFERT,1
GODIM,1
GOBIRA,1
GOBBI,1
ZYTKUEWISZ,1
