PNOME,SEXO
MARIA,F
JOSE,M
ANTONIO,M
FRANCISCO,M
JOAO,M
CARLOS,M
ANA,F
PAULO,M
LUIZ,M
MARCOS,M
JORGE,M
MARCELO,M
PEDRO,M
RAIMUNDO,M
SERGIO,M
MANOEL,M
FERNANDO,M
ANDRE,M
RICARDO,M
MARCIA,F
LUIS,M
ALEXANDRE,M
ROBERTO,M
EDUARDO,M
CLAUDIO,M
PATRICIA,F
RODRIGO,M
CLAUDIA,F
JULIANA,F
LUCIANA,F
MARCIO,M
DANIEL,M
FABIO,M
FERNANDA,F
ADRIANA,F
SANDRA,F
EDSON,M
RAFAEL,M
RENATA,F
SEBASTIAO,M
BRUNO,M
MARCO,M
LEONARDO,M
ALINE,F
SONIA,F
MARIO,M
JULIO,M
VERA,F
RENATO,M
FLAVIO,M
ANDREA,F
ROGERIO,M
GERALDO,M
REGINA,F
MAURICIO,M
CAMILA,F
MONICA,F
FLAVIA,F
THIAGO,M
ANGELA,F
GILBERTO,M
CRISTIANE,F
RITA,F
FRANCISCA,F
SIMONE,F
CARLA,F
TANIA,F
LUCIA,F
MARIANA,F
ELIANE,F
ROSANGELA,F
VANESSA,F
FELIPE,M
RONALDO,M
GUSTAVO,M
LUCIANO,M
MAURO,M
WILSON,M
RAQUEL,F
GUILHERME,M
LEANDRO,M
CAROLINA,F
DENISE,F
SILVIA,F
KATIA,F
DEBORA,F
NELSON,M
VALERIA,F
PAULA,F
DANIELA,F
ROBSON,M
ALESSANDRA,F
TATIANA,F
HELIO,M
ANTONIA,F
ANDERSON,M
WAGNER,M
MARINA,F
ROBERTA,F
MARTA,F
DIEGO,M
TIAGO,M
GILMAR,M
ALBERTO,M
GILSON,M
MIGUEL,M
ADILSON,M
EDMILSON,M
CELSO,M
HENRIQUE,M
PRISCILA,F
LARISSA,F
REGINALDO,M
CESAR,M
VIVIANE,F
EDILSON,M
JOAQUIM,M
LUCAS,M
FABIANA,F
ALEX,M
IVAN,M
CRISTINA,F
ELIAS,M
ROSA,F
ADRIANO,M
MARLENE,F
SILVIO,M
VANIA,F
CELIA,F
ANDREIA,F
LETICIA,F
EVANDRO,M
VALMIR,M
FATIMA,F
MILTON,M
DANIELLE,F
WALTER,M
BENEDITO,M
ELIZABETH,F
ELAINE,F
GABRIELA,F
SOLANGE,F
LILIAN,F
THAIS,F
BRUNA,F
JAIR,M
LEILA,F
SILVANA,F
JOANA,F
DOMINGOS,M
LIVIA,F
SAMUEL,M
OSVALDO,M
JONAS,M
BARBARA,F
EDNA,F
ROSANA,F
CICERO,M
NILSON,M
NATALIA,F
VINICIUS,M
MARCUS,M
EDVALDO,M
CAROLINE,F
LUANA,F
AMANDA,F
HUGO,M
MOISES,M
RAIMUNDA,F
DAVID,M
VALTER,M
VICENTE,M
WELLINGTON,M
GERSON,M
ALVARO,M
IGOR,M
NILTON,M
SANDRO,M
TEREZINHA,F
LAURA,F
ERIKA,F
JOEL,M
VALDIR,M
GABRIEL,M
GISELE,F
ELIANA,F
ISABEL,F
VICTOR,M
MARCELA,F
DIOGO,M
VITOR,M
AILTON,M
FREDERICO,M
KARLA,F
HELENA,F
JAQUELINE,F
SEVERINO,M
HUMBERTO,M
HELOISA,F
AUGUSTO,M
ANNA,F
RUBENS,M
DOUGLAS,M
JANAINA,F
LUIZA,F
MARILIA,F
KARINA,F
MARILENE,F
REINALDO,M
FABRICIO,M
FABIANO,M
TEREZA,F
CELIO,M
ERICA,F
NADIA,F
VERONICA,F
CRISTIANO,M
ALESSANDRO,M
SELMA,F
DANILO,M
ORLANDO,M
MICHELLE,F
ROSANE,F
ANGELICA,F
JAIME,M
SUELI,F
BEATRIZ,F
WASHINGTON,M
LUCIO,M
MARA,F
LUZIA,F
JUAREZ,M
JOSUE,M
TELMA,F
PRISCILLA,F
LUCIENE,F
ARNALDO,M
WILLIAM,M
ALICE,F
MICHELE,F
RUI,M
DANIELE,F
EVERALDO,M
MURILO,M
JAIRO,M
JANE,F
LIGIA,F
JEAN,M
JEFFERSON,M
RAFAELA,F
CARMEN,F
SUELY,F
MARLI,F
ALMIR,M
ALFREDO,M
MOACIR,M
DAVI,M
ADEMIR,M
DJALMA,F
VIRGINIA,F
NIVALDO,M
GLAUCIA,F
JACQUELINE,F
JULIA,F
GILVAN,M
REJANE,F
CINTIA,F
ELISA,F
MIRIAM,F
ADALBERTO,M
JESSICA,F
SHEILA,F
CLEBER,M
ALAN,M
JOSIAS,M
CHRISTIANE,F
SIDNEY,M
JUSSARA,F
KLEBER,M
TERESA,F
HAMILTON,M
ANDRESSA,F
DIANA,F
AIRTON,M
BERNARDO,M
EMERSON,M
KELLY,F
ARTHUR,M
DEBORAH,F
LIDIA,F
VILMA,F
ISABELA,F
IZABEL,F
CLOVIS,M
LOURIVAL,M
JANETE,F
LORENA,F
BIANCA,F
GEORGE,M
IARA,F
LILIANE,F
CLEIDE,F
ANGELO,M
LUCIANE,F
DEISE,F
NORMA,F
RODOLFO,M
CASSIA,F
SARA,F
GISELLE,F
CAIO,M
ADEMAR,M
MATHEUS,M
EDER,M
OTAVIO,M
SABRINA,F
ROMULO,M
CONCEICAO,M
CECILIA,F
IVONE,F
MANUEL,M
FILIPE,M
GLORIA,F
VALDEMIR,M
VIVIAN,F
VANDERLEI,M
CHARLES,M
MARGARETH,F
EVERTON,M
ELIZABETE,F
AFONSO,M
SUZANA,F
NUBIA,F
IVANILDO,M
CLARICE,F
OSMAR,M
MARISA,F
JULIANO,M
MAGDA,F
NEUSA,F
ROSEMARY,F
IVO,M
WALDIR,M
MARY,F
TATIANE,F
ELISANGELA,F
ELSON,M
EDISON,M
ADAO,M
EDNALDO,M
CASSIO,M
ELISABETE,F
ELZA,F
VILMAR,M
RAUL,M
SARAH,F
RENAN,M
ROSE,F
ISRAEL,M
EDIVALDO,M
ITAMAR,M
ERALDO,M
ISMAEL,M
ALCIDES,M
MIRIAN,F
EUGENIO,M
MAYARA,F
VANDA,F
CATIA,F
APARECIDA,F
TALITA,F
SHIRLEY,F
SAULO,M
ALLAN,M
ARMANDO,M
EVALDO,M
JEFERSON,M
CLARA,F
AMAURI,M
MAIRA,F
CRISTIANA,F
AMARILDO,M
DALVA,F
EDINALDO,M
NEIDE,F
DENILSON,M
RACHEL,F
VALDECI,X
AGNALDO,M
ARTUR,M
ELISABETH,F
INGRID,F
HAROLDO,M
LUCIMAR,F
NATHALIA,F
DANIELLA,F
MARGARIDA,F
NARA,F
JAILTON,M
PABLO,M
HUDSON,M
JANIO,M
ALTAIR,M
GELSON,M
LIDIANE,F
WANDERLEY,M
MILENA,F
ISABELLA,F
DARIO,M
IEDA,F
NILO,M
LAURO,M
EUNICE,F
JARBAS,M
VALDECIR,M
DENIZE,F
MARISTELA,F
CLARISSA,F
LAERCIO,M
ROSILENE,F
MATEUS,M
CARINA,F
COSME,M
UBIRAJARA,F
ROSELI,F
MARLUCE,F
ISAIAS,M
RUBEM,M
LAZARO,M
DAIANE,F
MAX,M
MONIQUE,F
MARLY,F
LEDA,F
HELEN,F
EMANUEL,M
AMARO,M
SIDNEI,M
ARLINDO,M
ELI,M
IVANA,F
RUY,M
ANDREZA,F
JOSEFA,F
ADRIANE,F
IRENE,F
MARGARETE,F
FABIOLA,F
IRACEMA,F
SORAYA,F
ELTON,M
TERESINHA,F
MARILDA,F
JOSIANE,F
JAILSON,M
WILTON,M
NEWTON,M
HELDER,M
LAIS,F
ALOISIO,M
JOSIMAR,M
KAREN,F
KARINE,F
WESLEY,M
JACKSON,M
OSCAR,M
DURVAL,M
MARIZA,F
ROQUE,M
UBIRATAN,M
EDILENE,F
JURANDIR,M
EDMAR,M
CARMEM,F
FAUSTO,M
INES,F
VILSON,M
ROGER,M
EVA,F
JAMES,M
RINALDO,M
JOSEMAR,M
TARCISIO,M
DAYSE,F
GIVALDO,M
BRENO,M
MARTHA,F
ALEXANDRA,F
CLAUDETE,F
MARCILIO,M
MESSIAS,M
WALMIR,M
SEVERINA,F
IVETE,F
MAGNO,M
JESUS,M
AURELIO,M
ELCIO,M
ALDO,M
EMILIA,F
ULISSES,M
ARLETE,F
RAPHAEL,M
VAGNER,M
NAYARA,F
ALISSON,M
ELIZEU,M
MANUELA,F
ELIZETE,F
ELIEZER,M
RUTH,F
DIVINO,M
LIA,F
CEZAR,M
ISAAC,M
ELIEL,M
MARCEL,M
TAIS,F
CYNTHIA,F
SUELLEN,F
ALUISIO,M
IONE,F
IZAIAS,M
JERONIMO,M
NEUZA,F
ELIETE,F
MARISE,F
YURI,M
AMILTON,M
IOLANDA,F
MARIANE,F
JESSE,M
CLEONICE,F
ESTER,M
GERALDA,F
LUDMILA,F
GEORGIA,F
GETULIO,M
JUSCELINO,M
ERNANI,M
SEBASTIANA,F
LOURDES,F
DAMIAO,M
ARY,M
ITALO,M
JOSAFA,F
BENEDITA,F
SAMARA,F
REGIS,M
EDMUNDO,M
JOELMA,F
RAISSA,F
WALDEMAR,M
SYLVIA,F
JAYME,M
JEANE,F
JUREMA,F
APARECIDO,M
RONALD,M
MARILZA,F
DENIS,M
NELIO,M
SALVADOR,M
ALEXANDER,M
YARA,F
ZELIA,F
AGENOR,M
DIRCEU,M
DAIANA,F
SUELEN,F
CAMILLA,F
IRIS,F
MAURILIO,M
PAOLA,F
WALLACE,M
EVELINE,F
ROSALINA,F
VALDEMAR,M
RUBIA,F
REBECA,F
ERICK,M
GENIVALDO,M
ALYSSON,M
MARLON,M
RAFAELLA,F
GLAUCO,M
ELLEN,F
FRANKLIN,M
EMANOEL,M
THALITA,F
ALDA,F
CATARINA,F
WLADIMIR,M
ROMILDO,M
ADELINO,M
AGUINALDO,M
VLADIMIR,M
EXPEDITO,M
DILSON,M
LEVI,M
MARIANGELA,F
WILLIAN,M
WILMA,F
DIOGENES,M
AUREA,F
ROSIMAR,M
EDIMAR,M
AGOSTINHO,M
OLGA,F
MARIVALDO,M
MARCELINO,M
VIRGILIO,M
ELEN,F
OSWALDO,M
HELENO,M
ELINE,F
ROSSANA,F
FABIANE,F
JURACI,X
FABRICIA,F
LUISA,F
ROBERVAL,M
TADEU,M
NILZA,F
VITORIA,F
GIOVANA,F
ANSELMO,M
ELIZANGELA,F
IVONETE,F
HILTON,M
ZENAIDE,F
GISLAINE,F
MAISA,F
TASSIA,F
GENIVAL,M
KEILA,F
VALQUIRIA,F
ARISTIDES,M
IRANI,F
SUSANA,F
MARCONI,M
ELIO,M
ALEXSANDRA,F
THALES,M
MARIANO,M
HERMES,M
ADELSON,M
RAMON,M
OLIVIA,F
LUCY,F
LINDOMAR,M
SILAS,M
DARCY,X
ROSIMEIRE,F
MICHEL,M
REGIANE,F
KAMILA,F
AROLDO,M
MERCIA,F
IVALDO,M
ENIO,M
LILIA,F
KENIA,F
EZEQUIEL,M
PALOMA,F
IRAN,M
MAURA,F
WANIA,F
AMELIA,F
LUCILENE,F
WANDA,F
JOSELITO,M
ZILDA,F
ELENICE,F
MARINALVA,F
VALDIVINO,M
ELOISA,F
DIRCE,F
JACIARA,F
IZABELA,F
ANNE,F
EMILIO,M
DELCIO,M
MELINA,F
POLIANA,F
AIDA,F
BRAULIO,M
ELIDA,F
LEONEL,M
WELINGTON,M
LEA,F
ILSON,M
THAYS,F
GENESIO,M
NAIARA,F
ALCIR,M
CINARA,F
ADAUTO,M
ROBERIO,M
DORALICE,F
IRINEU,M
LUCELIA,F
ISAC,M
JANICE,F
ALBA,F
ELY,M
WILMAR,M
GONCALO,M
JOYCE,F
MARCELLO,M
SYLVIO,M
NEI,M
HELCIO,M
GIOVANI,M
LINDALVA,F
ERNESTO,M
CLEITON,M
LARA,F
TACIANA,F
JOELSON,M
RIVALDO,M
JOICE,F
CELINA,F
ODETE,F
DAMIANA,F
IVANETE,F
ADAIR,M
ROSIANE,F
ADOLFO,M
ARI,M
FELIX,M
PETRONIO,M
HELLEN,F
NAIR,M
ALANA,F
STELLA,F
ODILON,M
DIMAS,M
DILMA,F
RUTE,F
MARINALDO,M
JOSIEL,M
ARLENE,F
ROGERIA,F
JUVENAL,M
VANDERLI,F
SAMANTHA,F
CAMILO,M
CANDIDA,F
SOCORRO,M
DORIS,F
JONATAS,M
JUAN,M
LIANE,F
INEZ,F
ALCIONE,F
GILDO,M
DULCE,F
CLODOALDO,M
EVELYN,F
NANCI,F
INACIO,M
ELANE,F
MELISSA,F
ENEIDA,F
CLAUDEMIR,M
MAXWELL,M
MARCONDES,M
REYNALDO,M
NATANAEL,M
DECIO,M
HERBERT,M
ANGELITA,F
ANELISE,F
HILDA,F
ANTENOR,M
KARIN,F
CLARISSE,F
NATASHA,F
ERIVALDO,M
ELISEU,M
NEIVA,F
WANESSA,F
DAISY,F
BERNADETE,F
ESTHER,M
ROSEANE,F
FRANCINE,F
LEOPOLDO,M
OTACILIO,M
LUCILA,F
WALDEMIR,M
ADONIAS,M
PLINIO,M
NIVIA,F
FRANCILENE,F
BENICIO,M
TOMAS,M
MARINETE,F
ALTAMIR,M
BRAZ,M
BRENDA,F
TULIO,M
HERCULES,M
JOSEANE,F
DARCI,X
ALONSO,M
BARTOLOMEU,M
CLAUDIONOR,M
GILMARA,F
IRACI,X
TAINA,F
GERMANO,M
WALBER,M
EMMANUEL,M
ERIC,M
ADELIA,F
ROMUALDO,M
SILVANIA,F
HEITOR,M
MARCELLE,F
DALMO,M
GISLENE,F
GIOVANNI,M
ADAILTON,M
POLLYANNA,F
ANDREI,M
JACY,X
CLECIO,M
LICIA,F
KELLEN,F
GRAZIELA,F
CINTHIA,F
ALZIRA,F
JACI,X
ELIS,F
NELI,F
VIVALDO,M
MAYRA,F
NADJA,F
NOEMI,F
DAYANA,F
LINCOLN,M
SORAIA,F
GRACE,F
GIL,M
ADELMO,M
WANDERSON,M
ARIADNE,F
MICHAEL,M
CIBELE,F
LEONICE,F
ISADORA,F
EVILASIO,M
CELESTE,F
CIRO,M
ZULEIDE,F
RAMIRO,M
ABEL,M
ABILIO,M
ILMA,F
EDITE,F
DIVINA,F
KAMILLA,F
EZEQUIAS,M
FLORA,F
SAMIR,M
FRANCIELI,F
SANDOVAL,M
JACKELINE,F
SAMIA,F
AECIO,M
NORBERTO,M
FABIA,F
FRANCIELE,F
FRANCIANE,F
GIOVANNA,F
CLOVES,M
EDILBERTO,M
ELIENE,F
GISELA,F
AMERICO,M
MARINES,F
EDIMILSON,M
GLEIDE,F
VANDER,M
ADERSON,M
ALDEMIR,M
LUCIVALDO,M
SALETE,F
VIVIANNE,F
JOHN,M
MAGALI,F
CHRISTIANO,M
GIULIANO,M
SHIRLEI,F
CICERA,F
THAISA,F
JULIETA,F
DELMA,F
EUCLIDES,M
CLAYTON,M
EMANUELLE,F
VALDINEI,M
GERMANA,F
ANISIA,F
HERMINIO,M
SILVAN,M
JOCIMAR,M
HERMANO,M
LANA,F
GEISA,F
ILZA,F
OCTAVIO,M
JOSELIA,F
EDITH,F
VALERIO,M
ARIVALDO,M
ROBERT,M
CLEUZA,F
SOFIA,F
CLEUSA,F
ELMAR,M
ALDAIR,M
NILDA,F
CRISTOVAO,M
AMAURY,M
EDGAR,M
VALDEMIRO,M
LEONIDAS,M
TAMIRES,F
MARINEZ,F
TAMARA,F
IVANIA,F
STENIO,M
SAMANTA,F
CRISTINE,F
JACINTO,M
GLAUBER,M
VALDEVINO,M
IVANIR,M
DALTON,M
DIONE,F
ERICO,M
HERCULANO,M
GRACA,F
CHRISTIAN,M
GABRIELLE,F
CELI,F
NELMA,F
EULINA,F
DENNIS,M
THEREZA,F
MOZART,M
EDERSON,M
THELMA,F
EUGENIA,F
SHEYLA,F
ELVIRA,F
ORIVALDO,M
URSULA,F
GENI,F
NAILTON,M
CLEIA,F
SHIRLENE,F
RAPHAELA,F
DELSON,M
RENE,F
RILDO,M
RENILDO,M
ROSINEIDE,F
TEMISTOCLES,M
OLAVO,M
GABRIELLA,F
MOACYR,M
ELENA,F
EDIVAN,M
DINA,F
CREUSA,F
ELISETE,F
ISMAR,M
NOEMIA,F
ISIS,F
ISAURA,F
PAULINO,M
GREICE,F
NICOLE,F
PATRICK,M
ROSILDA,F
FRANCIELLE,F
DONIZETE,M
GUIOMAR,F
ROMERO,M
ROMILDA,F
CLEVERSON,M
GUTEMBERG,M
NEY,M
MIRELLA,F
FRANCIS,M
FRANK,M
MISAEL,M
DEUSDETE,F
NESTOR,M
ERASMO,M
LOURENCO,M
JUCARA,F
ALCIMAR,M
JEOVA,F
WELITON,M
WALERIA,F
ANIBAL,M
ALAIDE,F
LIANA,F
MARIZETE,F
LUCINEIDE,F
LUCIMARA,F
ANGELINA,F
KAROLINE,F
JOILSON,M
JOAB,M
AFRANIO,M
ARILSON,M
ANISIO,M
LUAN,M
LENI,F
MAGNA,F
LAERTE,M
MARCILENE,F
AILSON,M
JOSENILDO,M
ANITA,F
ZENILDA,F
ISABELLE,F
DARLAN,M
MARLUCIA,F
RAISA,F
MORGANA,F
CREUZA,F
PERICLES,M
JESIEL,M
EDILMA,F
WILIAM,M
CLELIA,F
BENJAMIM,M
UZIEL,M
ETIENE,F
BERENICE,F
ZENILDO,M
NELCI,X
LISIANE,F
SIRLENE,F
JOSELITA,F
GLENDA,F
UMBERTO,M
JANDIRA,F
ILANA,F
CRISTIAN,M
JOSANE,F
LEONILDO,M
HELENICE,F
JUCELINO,M
JONES,M
ELENIR,F
TOMAZ,M
ARIOSVALDO,M
SIMAO,M
PAMELA,F
ELOI,M
ELMO,M
ALEXSANDRO,M
ALEXANDRO,M
CLEYTON,M
ZACARIAS,M
ROSEMERI,F
VANDIR,M
DIANE,F
ALBERTINA,F
ALBINO,M
FLORISVALDO,M
EURIPEDES,M
ROMEU,M
ARIANE,F
CREMILDA,F
GILDETE,F
WALACE,M
WANDER,M
RONEY,M
LAILA,F
BRUNNO,M
SINARA,F
SUZANE,F
ZILMA,F
TAISE,F
ELDER,M
JONATHAN,M
ROSELY,F
VANDERLEY,M
UBIRACI,X
WANDERLEI,M
JAMIL,M
ELIZA,F
ROSEMEIRE,F
EDVAN,M
OSEIAS,M
IVANILDA,F
IVANILDE,F
HERALDO,M
EDINALVA,F
VALDIRENE,F
ERIVAN,M
LIVIO,M
NIVEA,F
JADIR,M
GEOVANE,F
STEPHANIE,F
JADSON,M
EDEN,M
ATILA,F
GEORGINA,F
JULIANE,F
EDNEY,M
NOEL,M
MAYSA,F
MEIRE,F
TERCIO,M
JADER,M
WALESKA,F
MABEL,M
ONEIDE,F
HOMERO,M
ALTAMIRO,M
JOSILENE,F
NINA,F
JACO,M
ALUIZIO,M
MAXIMILIANO,M
GENILSON,M
GLAUCIO,M
RODOLPHO,M
EVERSON,M
NEILTON,M
LUZINETE,F
ADMILSON,M
EWERTON,M
ADELAIDE,F
JOSIVALDO,M
HILDEBRANDO,M
EMILSON,M
VALFREDO,M
POLLYANA,F
THADEU,M
CLAUDENIR,M
ILTON,M
ENILSON,M
CLAUDINEI,M
ROSIMERI,F
DENIO,M
OZIAS,M
CIRLENE,F
LUCINETE,F
WENDEL,M
NEUMA,F
SAYONARA,F
ANALIA,F
GENILDA,F
HILARIO,M
TONY,M
ESTELA,F
FRANCIMAR,M
ERONILDO,M
NEUTON,M
SILVESTRE,M
ANILSON,M
WEBER,M
ROSIMERE,F
EDELSON,M
RENALDO,M
ROSEANA,F
HERMANN,M
ESMERALDA,F
ADEMILSON,M
CLESIO,M
MOEMA,F
JUCELIO,M
EMIDIO,M
LEVY,M
RONI,M
JURACY,X
EUDES,M
DERMEVAL,M
ANGELINO,M
ROSELIA,F
EGIDIO,M
IAN,M
MYLENA,F
MYRIAN,F
JOHNNY,M
LARYSSA,F
ANDREY,M
MIRNA,F
CIBELLE,F
CLEMENTE,M
NADIR,F
OLIMPIO,M
ANDREZZA,F
ROSELAINE,F
HELTON,M
ALDECIR,M
GASPAR,M
ESDRAS,M
NAIRA,F
ADALTO,M
GASTAO,M
RAPHAELLA,F
THAISE,F
GERUSA,F
LINO,M
JOMAR,M
OMAR,M
HORACIO,M
EDESIO,M
ENILDO,M
RONILDO,M
IDA,F
ANASTACIO,M
ILKA,F
SIDINEI,M
VIOLETA,F
CELMA,F
ROSALVA,F
WELTON,M
ROSALIA,F
ANTONIETA,F
MARILU,F
ELBA,F
EFIGENIA,F
ELAYNE,F
ALCINO,M
CERES,M
CILENE,F
LINDEMBERG,M
SILVANE,F
MARCELLUS,M
TAMIRIS,F
ILMAR,M
RICHARD,M
WALQUIRIA,F
MARLOS,M
EDINA,F
LEO,M
NILCEA,F
DINALDO,M
IRMA,F
AMADEU,M
IVNA,F
DALILA,F
ABDON,M
DANUSA,F
ELEONORA,F
MAGNUS,M
MILENE,F
COSMO,M
VALCIR,M
SABINO,M
EVANIA,F
MAGALY,F
AGDA,F
WILLIAMS,M
GIULIANA,F
VALDO,M
GLADYS,X
ADENILSON,M
FILOMENA,F
BETANIA,F
VALDECY,X
RAYSSA,F
ERNANDES,M
KELY,F
MAIARA,F
WILIAN,M
JACIRA,F
IVANISE,F
VALDEIR,M
POLYANA,F
PETER,M
SIRLEI,F
SAMIRA,F
CRISPIM,M
ELIESER,M
WILLIANS,M
VALDOMIRO,M
ABRAAO,M
DORA,F
ABRAHAM,M
LUZIMAR,F
CACILDA,F
GLAUCE,F
SOSTENES,M
JOSINALDO,M
JACQUES,M
DOMINGAS,M
ACACIO,M
LOUISE,F
MANOELA,F
DULCINEA,F
GUARACI,X
AURINO,M
REBECCA,F
EDILEUZA,F
DEMERVAL,M
DAYANE,F
ELINALDO,M
CARLINDO,M
ELIOMAR,M
LISANDRA,F
LELIA,F
JUVENCIO,M
ROZILDA,F
QUEILA,F
VALDI,X
AURORA,F
EURICO,M
IURI,M
IZAURA,F
LIZIANE,F
JARDEL,M
EVARISTO,M
EUSTAQUIO,M
GREGORIO,M
DANYELLE,F
LILIANA,F
LENIRA,F
ACACIA,F
ARISTOTELES,M
NICOLAU,M
SALOMAO,M
WALDENIR,M
LIZETE,F
JUDITH,F
LINA,F
NORIVAL,M
GINA,F
JUDSON,M
DAGOBERTO,M
HENRY,M
NEILA,F
DAILTON,M
REBEKA,F
ENRICO,M
DAISE,F
LAECIO,M
DAMARIS,F
ESTANISLAU,M
ESPEDITO,M
ROSINETE,F
GENOVEVA,F
ROSARIO,M
HERMOGENES,M
ERISVALDO,M
NAZARE,F
GISLANE,F
NAZARENO,M
CLAUDIANE,F
ALMIRA,F
LADISLAU,M
JOSINEIDE,F
JOSETE,F
MARESSA,F
DANIELLY,F
SOLON,M
JOSENIR,M
SOLIMAR,F
TATYANE,F
GIZELDA,F
EDNALVA,F
JOSUEL,M
GERARDO,M
LILLIAN,F
NEIRE,F
ANAMARIA,F
DAVIDSON,M
NICOLLE,F
CLERIO,M
HEBERT,M
GRAZIELLE,F
CONSTANTINO,M
CONSUELO,M
TAISA,F
TAIANA,F
NIDIA,F
NIEDJA,F
ANANIAS,M
ODAIR,M
LUNA,F
SILVANI,F
GILDA,F
JONATHAS,M
LURDES,F
GILDASIO,M
EDGARD,M
WALDEMIRO,M
ENOQUE,M
GUILLERMO,M
SUZY,F
ANAIDE,F
WALDECIR,M
EDJANE,F
HAILTON,M
GRIMALDO,M
SUZETE,F
JUCELIA,F
SIMEI,M
EDLA,F
GICELE,F
HANDERSON,M
HANNA,F
MAITE,F
GRACIELE,F
SIZENANDO,M
ALZENIRA,F
SUERDA,F
ODIR,M
GILTON,M
ALIPIO,M
NILVA,F
GEREMIAS,M
GLEICE,F
DELANO,M
VLADEMIR,M
ROSINALDO,M
SILENE,F
MARCIUS,M
HELVECIO,M
CLECI,X
GILVANIA,F
ERIK,M
LUDMILLA,F
AMALIA,F
ADILTON,M
JOSEILDO,M
NILCE,F
CRESO,M
DARLENE,F
ENILDA,F
NELY,F
EDIR,M
GERUZA,F
MARCELLA,F
HELIDA,F
NILDE,F
EDIO,M
NILMA,F
GLICIA,F
JOSEILTON,M
HELIA,F
ENI,F
EPAMINONDAS,M
WLADEMIR,M
NANCY,F
RONEI,M
SCHEILA,F
BERNARDINO,M
MARINEIDE,F
EULALIA,F
LEILANE,F
ALCEU,M
SAVIO,M
CASSIANO,M
RONAN,M
JENNIFER,M
CASSANDRA,F
TITO,M
RAILTON,M
MICHELI,F
MARINHO,M
MICHELINE,F
SAUL,M
LEONI,X
BETTINA,F
WENDELL,M
MARTINHO,M
ISMENIA,F
VALMOR,M
MUCIO,M
VALBER,M
ASTROGILDO,M
DIONIZIO,M
FAUSTINO,M
THEREZINHA,F
JAMILE,X
MOYSES,M
IVA,F
BENTO,M
OTTO,M
ALCINA,F
MARILUCIA,F
VANUZA,F
THOMAS,M
ELDA,F
THOMAZ,M
FELICIANO,M
JAMILLE,F
MIZAEL,M
JEANNE,F
CEZARIO,M
UILSON,M
ABRAHAO,M
DINALVA,F
JANILSON,M
IRANILDO,M
JANIRA,F
IRAPUAN,M
ISA,F
CAETANO,M
RUBEN,M
LEIDE,F
MARKUS,M
KALINE,F
JANUARIO,M
BRUNNA,F
MARLEI,F
LUANDA,F
ARLEY,M
BRISA,F
MARLEY,M
ARISTEU,M
IRANDI,X
JEANINE,F
CARINE,F
CARMELITA,F
LISETE,F
ALCEBIADES,M
MIRTES,M
ACIR,M
LUCI,F
PETERSON,M
BIBIANA,F
CARLITO,M
ROMARIO,M
SANTO,M
ABNER,M
DULCINEIA,F
FRANCESCO,M
JASON,M
MIRIA,F
LEIDA,F
ISAQUE,M
MIRELA,F
ARAO,M
ROZANA,F
JANSEN,M
AUXILIADORA,F
VERIDIANA,F
ZENILDE,F
VALDENOR,M
ZOZIMO,M
NAJARA,F
LAVINIA,F
ABDIAS,M
OSMARIO,M
VERALUCIA,F
MAYCON,M
ESTEVAM,M
VALDENICE,F
VALDENI,F
MARILANE,F
BALTAZAR,M
VALDETE,F
LEONOR,F
AYRTON,M
DENILDO,M
HILDETE,F
JUNIA,F
MARIANNA,F
JOANITA,F
MARIANNE,F
ALDEMAR,M
ROSALVO,M
LENILDA,F
OSEAS,M
ESTEVAO,M
HOSANA,F
IZABELLA,F
VERISSIMO,M
AYLTON,M
NATALIE,F
NATALINO,M
POMPEU,M
JACYRA,F
VALDAIR,M
BELCHIOR,M
MARILEIDE,F
MARILEIA,F
FAGNER,M
HIGOR,M
RALPH,M
MYRIAM,F
GABRIELE,F
IVANICE,F
ALDENOR,M
MARILDO,M
APOLINARIO,M
LIZANDRA,F
JAKELINE,F
JULIMAR,M
ROSIVALDO,M
NATERCIA,F
MAURICEA,F
RONY,M
LAURENTINO,M
ELADIO,M
GENARO,M
LENISE,F
KELEN,F
GALDINO,M
WOLNEY,M
DJANE,F
DINEA,F
JOSILDA,F
ALIOMAR,M
SINVAL,M
EVILAZIO,M
YOLANDA,F
KEITY,F
ERNANDO,M
ADONIRAN,M
GILMA,F
ALOIZIO,M
NOELIA,F
LIZ,F
LUZIANE,F
SIOMARA,F
LISANDRO,M
LUZ,F
FIRMINO,M
FARLEY,M
RUBENITA,F
EDILA,F
ALISON,M
ROSILANE,F
SAIDE,M
GILVANDO,M
SALATIEL,M
EVANILDA,F
GILVANDRO,M
LOURIVALDO,M
ALMERINDA,F
JOUBERT,M
DIONISIO,M
DORACI,X
ROSILDO,M
SOELI,F
EVANILDO,M
DORGIVAL,M
GIOVANE,F
LILIAM,F
KASSIA,F
LYGIA,F
AISLAN,M
SAMILA,F
ROSILAINE,F
DJAIR,M
DJACIR,M
YGOR,M
ADSON,M
AGLAE,X
PIETRO,M
RUDINEI,M
DIVA,F
FABIULA,F
DORIVAL,M
ADRIELLE,F
KENNEDY,M
AIRES,M
JULIENE,F
FLAVIANA,F
GEANE,F
JUDITE,F
GEAN,M
WARLEY,M
SILEIDE,F
ALDECI,X
GARDENIA,F
RAMILTON,M
SERVULO,M
YEDA,F
DERALDO,M
SILMAR,M
SILMARA,F
LINDINALVA,F
OLINDA,F
WELLIGTON,M
ALEJANDRO,M
EBER,M
EROTIDES,M
OLDAIR,M
JUCILENE,F
KLEYTON,M
JUCILEIA,F
WELLITON,M
DERLI,F
JURANDY,X
LUCINEIA,F
ROSINEI,M
WELSON,M
GECY,X
ALDERI,X
GENILTON,M
ESTEFANIA,F
DEMILSON,M
ALDENIR,M
GENECI,X
GENARIO,M
ALDENICE,F
SHEILLA,F
GENY,F
ONILDO,M
ONESIMO,M
YANNA,F
ETELVINA,F
DENIR,M
KLEITON,M
GEOVANA,F
ETEVALDO,M
DENIZ,M
DENIZETE,F
LUDIMILLA,F
JUNIOR,M
OSIAS,M
DENYS,M
GERALDINA,F
DEIVISON,M
OTHON,M
OCIMAR,M
JUSTINIANO,M
GENILDO,M
GIANA,F
GIANCARLO,M
ERONILDES,M
SANTIAGO,M
SANTA,F
ODILIA,F
ROZIMAR,M
DAVISON,M
FORTUNATO,M
EURIDES,M
ALBER,M
LUCCAS,M
EUSEBIO,M
EDI,M
WESLLEY,M
PAULINA,F
SIMONI,F
SIMONY,F
ALICIO,M
DILMAR,M
XENIA,F
EUVALDO,M
ALAOR,M
EUZEBIO,M
ALBERTINO,M
JUCELI,F
FREDSON,M
PAMELLA,F
OTILIA,F
DEUSA,F
EUFRASIO,M
LUCILEIDE,F
GERVASIO,M
DEISIMAR,M
ROSIMERY,F
FRANCY,X
SILVANIO,M
SILVANO,M
LUCILEIA,F
SEBASTIAN,M
FRANCISLENE,F
GESSE,M
OZIEL,M
LIRIO,M
DEVANIR,M
GESSICA,F
FRANCINETE,F
SILVERIO,M
FRANCINEIDE,F
ADONAI,M
FRANCINALDO,M
LUCIDALVA,F
GESUALDO,M
ALBERT,M
AURENICE,F
GISELIA,F
ELVIS,M
CECILIO,M
ZENOBIO,M
ELCIMAR,M
ARCELINO,M
THIARA,F
RONILSON,M
CELMO,M
JERUSA,F
CENIRA,F
RONNY,M
MARILSA,F
CESARIO,M
ILDA,F
THEMIS,F
LAYLA,F
RONNIE,M
MYCHELLE,F
MARILENA,F
VANUSA,F
JEREMIAS,M
ADAIL,M
MONALIZA,F
IONETE,F
TRAJANO,M
CARMELIA,F
JAZIEL,M
LECIO,M
INOCENCIO,M
INDIANARA,F
ARIEL,M
VANILDA,F
LECI,X
ELOIZA,F
ARIANNE,F
INAJARA,F
MODESTO,M
INACIA,F
TIBERIO,M
MONALISA,F
THAYNARA,F
THATYANE,F
LAUDICEIA,F
HIDERALDO,M
ANNY,F
EDVANDO,M
ADEILDO,M
CLARINDA,F
CLARINDO,M
ANIVALDO,M
ADEILSON,M
ROSANIA,F
EMILIANA,F
JEZIEL,M
ADEILTON,M
EDUARDA,F
NATHANAEL,M
HERVAL,M
NAYANE,F
ADELAR,M
NAYRA,F
ROSARIA,F
NATAN,M
EDVAR,M
TEOFILO,M
HILMA,F
VERENA,F
CHRISTINA,F
CHRISTINE,F
MARIETA,F
JIVAGO,M
CIDALIA,F
LIDUINA,F
JOACIR,M
ZENEIDE,F
LEONORA,F
EDY,M
ANTONELLA,F
RICHARDSON,M
ANTHONY,M
ANTAO,M
JOANNA,F
VERUSKA,F
CARLUCIO,M
MIRLENE,F
CARLOTA,F
VALBERTO,M
ELISE,F
IVANI,F
BELMIRO,M
IVANEIDE,F
LENA,F
LENITA,F
JALMIR,M
ELISMAR,M
LELIO,M
CARLO,M
ELITA,F
ROBINSON,M
IURY,M
URBANO,M
ITALA,F
VALNEI,M
JANAYNA,F
JANDERSON,M
ZORAIDE,F
IVANIRA,F
IVANY,X
ELIESIO,M
AURELINO,M
AUREO,M
JACIMAR,M
JACOB,M
AURELIANO,M
VALDICE,F
MAYLA,F
AVANY,X
AVELINO,M
LENIR,M
VALDERI,X
AUGUSTA,F
IZA,F
IVY,F
IVONILSON,M
JADIEL,M
LENICE,F
BETHANIA,F
ABIMAEL,M
LEOMAR,M
IRES,M
IREMAR,M
UBIRACY,X
UBALDO,M
CALIXTO,M
CAMILE,X
MARK,M
MARJORIE,F
IRANEIDE,F
CANDICE,F
MARJA,F
ROMMEL,M
ARIOVALDO,M
ELMA,F
LEIA,F
IRACY,X
ZILA,F
ELENI,F
ROMILSON,M
IRIA,F
ELIAN,M
LEIDIANE,F
MICHELLI,F
ULYSSES,M
VALTEMIR,M
JANETH,F
ISIDORO,M
ARNOR,M
MIDIA,F
LEON,M
ELIZETH,F
MARLISE,F
JANINE,F
MIKAEL,M
MILA,F
LEONAM,M
BRENNO,M
MARLETE,F
MARLEIDE,F
CLAUDENICE,F
ROSEMERE,X
CLEZIO,M
ALYSON,M
LARISSE,F
HELIANA,F
CLEUTON,M
GLEISE,F
GREYCE,F
JOHNSON,M
MAGDALA,F
CLEISON,M
WALDECK,X
EDIVAL,M
DAIZE,F
ROSELENE,F
SUZE,X
GLADIS,F
AMIRALDO,M
JOSELMA,F
JORDAN,M
GLENIO,M
JOSENILSON,M
JOSENALDO,M
JORDANA,F
CONRADO,M
HELITON,M
TANISE,F
ALUIZO,M
HELGA,F
NILZETE,F
HELENITA,F
WALDYR,M
GUIDO,M
EDIVANIA,F
JONILSON,M
DACIO,M
ADEMILTON,M
ZAIRA,F
SUZIANE,F
NEREU,M
SUELENE,F
SUELEM,F
ALYNE,F
HEIDI,X
TALLES,M
ANANDA,F
TAISSA,F
JOSENILDA,F
HELBER,M
TALINE,F
CLEOMAR,M
EPITACIO,M
TALITHA,F
MANUELLA,F
MAICON,M
ERICH,M
GIVANILDO,M
EDMILTON,M
GRAZIELE,F
EDNEIA,F
NOELI,F
ADELIO,M
ADELINA,F
TATIANI,F
GISELY,F
TATIANY,X
HERBET,X
CYNTIA,F
ENAURA,F
GRACIANA,F
NILDO,M
ERI,M
HENIO,M
CLAUDINEY,M
GRACIA,F
ROSECLEA,F
ALTEMAR,M
ADHEMAR,M
EDIVAR,M
RIBAMAR,M
TAYANE,F
ADERBAL,M
JOSEANA,F
ROSENIR,M
GRACIELA,F
ANABEL,M
EDMIR,M
GRACILENE,F
TARCIANA,F
TARCIANO,M
MAIZA,F
NEIVALDO,M
VIVIANA,F
EDINELSON,M
GRASIELE,F
RENILDA,F
WALISSON,M
ROSENEIDE,F
HELOIZA,F
TARCIZIO,M
WALKIRIA,F
HELVIA,F
HELVIO,M
ALTINO,M
VITORINO,M
HELY,F
CRISTHIANE,F
JOELCIO,M
EDINEIA,F
ERCILIA,F
NOE,M
CLICIA,F
EVANDO,M
RICARDINA,F
LEIDIVAN,M
EVANDIR,M
ERMELINDA,F
ELIZANE,F
LICIO,M
KESIA,F
ERIBERTO,M
RAFAELLE,F
LAICE,F
ROBERTINO,M
LEIDIMAR,M
ERNANE,F
KESLEY,M
LAFAIETE,F
ELISIANE,F
EVANGELINA,F
KENYA,F
ELISAMA,F
ERLI,F
EVELIZE,F
QUITERIA,F
KELVIA,F
LENICIO,M
EVELYNE,F
QUEZIA,F
ERISON,M
KELSON,M
LADJANE,F
EVERARDO,M
LENIO,M
RODNEI,M
LADILSON,M
RODNEY,M
LENILDO,M
ERITON,M
LENILSON,M
LIDIO,M
REGILENA,F
EVELISE,F
ELISANDRA,F
KELVIN,M
LAEL,M
EVANGELISTA,F
ELIVALDO,M
REGIVANIA,F
ELIUDE,F
LENY,X
LISSANDRA,F
ELIUD,X
LIDIANNY,X
EVANIO,M
EVANIR,M
REGIO,M
LISTER,M
ROCHELLE,F
RADIR,M
EVELIN,F
KYARA,F
LIEGE,X
LADY,F
ELISANE,F
LACI,X
KESSIA,F
ERONIDES,M
ROBERTH,X
KLEVERSON,M
ETHEL,M
EMANUELLA,F
EMANUELL,M
EMANOELLE,F
EMANOELA,F
ESAU,M
RILSON,M
EMA,F
ELZO,M
RENI,F
RILTON,M
ELZIO,M
RAMAO,M
ELZIMAR,M
RENEE,X
EUCILENE,F
LEONIR,M
RISIA,F
ELZANIR,M
LAYANA,F
LARRY,M
RICIERI,X
LEONY,X
RAULINO,M
ESEQUIAS,M
LAUDICEA,F
RAONI,M
RANULFO,M
LAUDENOR,M
EMMANUELLE,F
LAUREN,F
RANIERI,X
LINDAURA,F
LAUDEMIRO,M
RANIERE,X
RENIVALDO,M
EMILI,F
RANIEL,M
LESLIE,M
KLAUS,M
EMILCE,F
LAUDELINA,F
LINDEBERG,M
ESIO,M
LASARO,M
LEOPOLDINA,F
LAYANE,F
ELYSIO,M
ERENILSON,M
ELOINA,F
ENY,X
EMILY,F
LIAMAR,M
EULINO,M
ELNA,F
LAIZA,F
LEONCIO,M
LAISE,F
EURICLEIA,F
LAISA,F
RAYANE,F
KRISTIANE,F
EUSA,F
LENINE,F
ELKA,F
ERCY,X
RAIANNE,F
ERENILDO,M
RAIANE,F
ELIZIEL,M
RAFHAEL,M
KRISHNA,F
RIZA,F
KIRLEY,M
ELOIR,M
LAYS,F
LANNA,F
LAYSE,F
LANDERSON,M
RAINA,F
KIM,F
LAZARA,F
KEYLA,F
ENILTON,M
ENOCK,X
RIVANDA,F
ENOI,X
ELSA,F
ELPIDIO,M
ELOY,M
ELOISIO,M
LEANDRA,F
LIZA,F
EULER,M
LILIANNE,F
LIS,F
EMANUELE,F
GILSA,F
PRISCYLA,F
HIPOLITA,F
MARIELE,F
JOACY,X
NAPOLEAO,M
MARIELA,F
HUELITON,M
MARIEL,M
MARICELIA,F
HORTENCIA,F
NARCISIO,M
MARIBEL,M
HIRAN,M
NATALICIO,M
JOACI,M
NATALY,F
NATANIEL,M
NATASCHA,F
JOAQUINA,F
JOAREZ,M
JOAS,M
JOBSON,M
MARIALVO,M
JOCELAINE,F
NATHALIE,F
HIDELBRANDO,M
NALVA,F
IANA,F
JORDANIA,F
NAIANA,F
ILDEFONSO,M
MARILISE,F
MARILIO,M
JESSIKA,F
IGNACIO,M
MARILEA,F
NADINE,F
NADJANE,F
IDEMAR,M
IDELFONSO,M
NAGELA,F
NAIANE,F
IANARA,F
IDALICIO,M
IDALIA,F
NAILA,F
MARILCE,F
NAILDE,F
NAILSON,M
ICARO,M
IBSEN,M
MARIELZA,F
IANE,F
JIVALDO,M
MARIAH,F
NATHALYA,F
NAYANA,F
MARCELIA,F
MARCIAL,M
NELBE,X
JOHNATHAN,M
NELIA,F
NELIDA,F
HELIOMAR,M
JOICY,X
NELLY,F
MARCELUS,M
HELI,F
MARCELINA,F
MARCELE,F
HERTHA,F
HELAINE,F
HEDER,M
HEBER,M
NERO,M
NERY,F
JONEI,M
NEUCI,X
HANS,M
HANNAH,F
JONH,X
NEUSARINA,F
MARCILIA,F
NEIMAR,M
HENDERSON,M
JOEDNA,F
HERON,M
JOCELIO,M
HERNANE,F
HERNAN,M
NAYSE,F
MARI,X
MARGUIT,X
JOCENIR,M
MARGARET,X
HERLY,M
NAZIR,M
HERIVELTO,M
NEEMIAS,M
HERIBERTO,M
JOCILENE,F
JOCINEI,M
HERCILIO,M
HERCILIA,F
MARCY,X
HERBETH,F
MARCONY,X
JOE,M
NEILSON,M
ILDEMAR,M
MARILSON,M
MOZAR,M
MARTIN,M
MATHIAS,M
JALDO,M
MARYLAND,X
IVAM,M
IVALDIR,M
MERCEDES,M
JAMILA,F
MERI,X
ITANIA,F
JAMYLE,X
JANA,F
MICHAELE,F
MARLUCI,X
MARTIM,M
ISOLDA,F
MICHELLA,F
MARNICE,F
JANEISA,F
JANET,X
ISLANIA,F
MICHELY,F
ISAMARA,F
JANIA,F
MARLUCIO,M
IVANALDO,M
IVANDRO,M
MATIAS,M
IVANILCE,F
JACINTA,F
MAXIMO,M
JACILDA,F
MAURIZIO,M
MAYANA,F
MAYANE,F
JACYARA,F
IZOLDA,F
IZAQUE,M
IZAEL,M
MEIRIANE,F
MEIRY,F
IVONILDE,F
IVONICE,F
JADILSON,M
MELAINE,F
JAEL,M
MAURI,X
JAILZA,F
JAINA,F
JAIRA,F
JAISON,M
MATILDE,F
ISAEL,M
ISABELLY,F
ILDENIR,M
MOIZES,M
MARIS,F
MARINO,M
MOARA,F
INAURA,F
INARA,F
MODESTINO,M
INALDO,M
INAE,X
INA,F
JEOVAH,M
ABADIA,F
MONA,F
ISABELE,F
MARILZETE,F
MARILYN,F
MARILUZE,X
MONIKE,X
ILTAMAR,M
MARILUCE,F
JERRY,M
JERSON,M
MONIZE,F
ILIDIO,M
ILDEU,M
MOACI,X
MARISETE,F
MARISOL,F
MARISSOL,F
MARLICE,F
MILAGROS,M
MILANE,F
MILCA,F
MILLER,M
JANUARIA,F
IRENO,M
MARLA,F
IRENALDO,M
MILZE,X
MIQUEIAS,M
MARIZE,F
MIRABEAU,M
MIRAMAR,M
MARIVANIA,F
IRAI,X
MIRELLE,F
JASSON,M
JAVIER,M
JAYLSON,M
IRA,F
MIRLA,F
MARISTELLA,F
MANUELITA,F
GUNTHER,M
KELI,F
LUCILEA,F
OTILIO,M
FRED,M
OTON,M
OTONIEL,M
OZANA,F
FRANCO,M
OZEAS,M
FRANCIVALDO,M
JUSCELIA,F
OZILENE,F
FRANCINEI,M
JUSCIVALDO,M
JURANDIRA,F
PALMERIO,M
FRANCIELLI,F
JUVENIL,M
PASCHOAL,M
KAIO,M
PATRICE,F
LUCELENA,F
PATRICIO,M
FLORIVALDO,M
LUCE,F
KAISER,M
LUCIMARY,X
JURANDI,X
MANOELINA,F
LUCRECIA,F
ORDALIA,F
JULIANY,X
JULIE,F
GENISON,M
GENILDE,F
LUCYANA,F
GENEZIO,M
GENEBALDO,M
JULIUS,M
GENAURO,M
ORLANDINA,F
GEISY,F
LUCINDA,F
JULLIANY,X
JULLY,F
GEISLA,F
GEILZA,F
GEICE,F
GEDILSON,M
GECILENE,F
OSMIR,M
OSNI,M
OSNIR,M
OSVALDINA,F
FLORIANO,M
FLORENTINO,M
KALIANE,F
POLYANNA,F
KATHARINE,F
LORRAYNE,F
PLACIDO,M
KATHERINE,F
KATIANE,F
KATIUSCIA,F
POLIANE,F
LORENNA,F
POLLYANE,F
KATYA,F
POLLYANNE,F
LORECI,X
FLORENCIO,M
KAUARA,F
LOIVA,F
LOIRACI,X
LOIDE,F
KECIA,F
KEILIANE,F
KEILLA,F
PRICILA,F
EZIO,M
EZILDA,F
KELEM,X
PIERRE,M
PIERINA,F
FELICIA,F
PHILLIPE,M
KALINA,F
LUANNE,F
PEDRINA,F
FLAVIANO,M
FLAVIANE,F
FLAUSINO,M
KAREM,F
KARILENE,F
PENHA,F
PEPE,M
PERCIO,M
LOURINALDO,M
PERLA,F
FERNANDES,M
LOURENE,F
LOURDIANE,F
FELLIPE,M
KARLLA,F
FELISBERTO,M
FELIPPE,M
PHELIPE,M
KARLOS,M
KAROLINNE,F
GENTIL,M
ONOFRE,M
JULIANNA,F
GLAUCILENE,F
NILSO,M
JOSELINO,M
JOSELIO,M
MAGNOLIA,F
GLEICYANE,F
GLEICIANE,F
JOSENAIDE,F
GLEDSON,M
MAGNALDO,M
GLAURA,F
NINON,M
GLADSTON,M
MADSON,M
GLADSON,M
GIZELMA,F
GIZELLE,F
GIZELIA,F
GISSELE,F
GISLEIDE,F
GISLAYNE,F
JOSEVAL,M
GISELLY,F
JOSEVALDO,M
MAEVE,X
NILMAR,M
JOSEILSON,M
GODOFREDO,M
JOSEFINA,F
JORDECI,X
GUMERCINDO,M
GUINTER,M
NEYLA,F
GUILHERMINA,F
GUILHERMANO,M
GUARACY,X
NICANOR,M
GUALTER,M
NICE,F
GUACYRA,F
MANASSES,M
JORGETE,F
JORGINA,F
JORGINETE,F
GRACINDA,F
GRACILIANO,M
GRACIETE,F
GRACIENE,F
GRACIELLA,F
NILA,F
JOSANA,F
NILCEIA,F
GISELLA,F
GISELI,F
JULIAN,M
OLEGARIO,M
LUPERCIO,M
ODILSON,M
GEYSE,F
ODUVALDO,M
GESSI,X
GESNER,M
JUCIARA,F
GESIEL,M
LUIZIANE,F
JUCILEIDE,F
LUECY,X
OLICIO,M
JOSILAINE,F
OLIOMAR,M
OLIVAN,M
OLIVAR,M
OLIVEIRO,M
GERCINA,F
JUDAS,M
OLIVIO,M
GERALDINO,M
JUDY,F
GEOVANIA,F
GEOVAN,M
JUBER,M
ODILA,F
LUSIMAR,M
GIDEAO,M
GISELDA,F
NOELIO,M
GIRLANE,F
JOSIMARY,X
NOEMY,X
JOSMAR,M
LYDIA,F
NORA,F
JOSY,F
NORMALENE,F
JOVANA,F
NORTON,M
GILVANETE,F
JOVANI,M
NUBIO,M
JOVELINO,M
GILSOMAR,M
NUNO,M
GILNEI,M
GILMARIO,M
JOZETE,F
JUANA,F
JUARES,M
MUNIR,M
ZULMIRA,F
LENILTON,M
ALDECY,X
WELINTON,M
DIONEIA,F
DIONATAS,M
DION,M
VALMIRO,M
ASSUNTA,F
TARCILA,F
ASSUNCAO,M
CLEDSON,M
DINORAH,F
DINORA,F
ASSIS,M
DINIZ,X
CLEIDIANE,F
CLEIDSON,M
ALDENI,F
ALDENORA,F
SAMAI,X
CLEBIO,M
CLELSON,M
CLEANE,F
ATANASIO,M
DIVALDO,M
SADI,X
CLAUDIONORA,F
CLAUDIR,M
WENDY,F
ATAIDES,M
TATIANNE,F
TATHIANA,F
ALCINDO,M
TASSIANA,F
ALCINEI,M
CLAY,X
CLEA,F
ALCY,X
SALUSTIANO,M
VALMIRA,F
DINAURA,F
WECSLEY,M
CLAUDINO,M
DIJALMA,F
WANUSA,F
WANTUIL,M
TALES,M
DIDIMO,M
WANJA,F
VALTERSON,M
ALESSANDER,M
VAN,M
DEYSE,F
ARMINDO,M
SAYMON,M
WANDETE,F
ALFONSO,M
SCHIRLEI,M
DEUZARINA,F
DEUZA,F
CLESIVALDO,M
TALIA,F
CLEOMENES,M
SAMYA,F
WARE,X
DINAH,F
SAMYRA,F
VALTAIR,M
DIMAR,M
SANDER,M
DILVA,F
CLEMILSON,M
ARTURO,M
DILTON,M
SANDERSON,M
ALDIR,M
CLENES,M
DILNEI,M
CLENIO,M
CLENIR,M
CLEO,M
DILCELEA,F
CLAUDIOMAR,M
CLAUDINEIDE,F
DEUSELITA,F
AGILDO,M
TEODORICO,M
ROZANE,F
WILNA,F
CLAIR,M
AGNELO,M
DYANA,F
ROZILENE,F
AGRIPINO,M
DULCINEIDE,F
AGUILAR,M
AURENI,F
VALDINAR,M
DULCIMAR,M
WILLER,M
VALDINEIA,F
ROZINETE,F
CLARISMUNDO,M
TEODORIO,M
TEODORO,M
CLARK,X
ROXANE,F
EDDIE,M
AUSTREGESILO,M
ROSSANO,M
CIPRIANO,M
ROSSELINI,X
WLADMIR,M
WLADIA,F
AURINEIDE,F
ROSY,F
AERTON,M
CIRLEIA,F
VALDILEA,F
AGAMENON,M
WILZA,F
ROXANA,F
AGATA,F
AGEMAR,M
TELMO,M
CLAUBER,M
ALCEMIR,M
ALBANI,F
CLAUDIANA,F
WEVERSON,M
DOMICIO,M
TAYNA,F
ALBERICO,M
DOGIVAL,M
VALENTIM,M
VALESCA,F
CLAUDILENE,F
VALESKA,F
ATHOS,M
CLAUDIMIRO,M
DJENANE,F
DJANIRA,F
ATEVALDO,M
ALCELIO,M
ALCEMAR,M
TAYNARA,F
RUFINO,M
CLAUCIO,M
ALANE,F
WILLAMIS,X
DORVALINO,M
VALDIRA,F
AIME,X
WILL,M
AUGUSTINHO,M
AUDY,X
RUBIANE,F
CLAUDECY,X
CLAUDEILSON,M
AKEMI,X
WILDSON,M
ALADIM,M
DORACY,X
ALAILSON,M
CLAUDEMIRO,M
DONIZETI,M
DEUSIMAR,M
TAIA,F
ROSIRES,M
DEANE,F
ANALICE,F
ANALUCIA,F
ANALYANE,F
DAYENE,F
ANAPAULA,F
ANASTACIA,F
SILVILENE,F
SILVINA,F
STEPHANO,M
DAYANNE,F
SILZA,F
WADIH,X
SIMARA,F
DALCI,X
VOLNEI,M
ANDIARA,F
DAUSTER,M
APARICIO,M
WALCIR,M
DALETE,F
DAGMAR,M
CRISTOVAM,M
ARACY,X
AMINTAS,M
SUENY,X
CUSTODIO,M
CYBELE,F
AMIR,M
ARACELI,F
DEIVISSON,M
ARABELA,F
ANACLETO,M
SILVANDIRA,F
DEIVID,X
CYRO,M
AQUILES,M
APRIGIO,M
DAFNE,F
DALCY,X
VLAMIR,M
SILMA,F
ANETE,F
DARLEY,M
SINVALDO,M
ANEZIA,F
DALVO,M
SOPHIA,F
SONJA,F
SIRLEY,M
SIRLIANE,F
SONIVALDO,M
DANIELI,F
DANIELLI,F
VICENTINA,F
DANUZIA,F
DANILLO,M
VICTORIA,F
ANILDO,M
DANTE,M
VIRNA,F
STAEL,M
SIMONNE,F
STEFANE,F
VLADIA,F
ANDRESA,F
VIVIANI,F
VERNER,M
ANTONILDO,M
ANDRIELLE,F
VIVIA,F
STELA,F
SINEIDE,F
SINESIO,M
SINEZIO,M
STEFANO,M
STEFANIE,F
ANTONIEL,M
DALVANA,F
DARLY,F
DALVANIRA,F
CRISTIANI,F
VENICIO,M
CLETO,M
SYMONE,F
DEOCLECIO,M
ALLYSON,M
SHARA,F
VANDO,M
ALMIRO,M
ALOISIA,F
SUZIMAR,M
ALONCIO,M
DENILZA,F
VANER,M
SUZI,X
ARILENE,F
ARILENA,F
SUZELI,F
ALOYSIO,M
ARIENE,F
ARIELLE,F
SYDNEY,M
CLEVER,M
DENIA,F
CLEUZO,M
ARLI,F
DEUSDETH,F
CLEUDENICE,F
ARLEIDE,F
ARLEI,M
TABITA,F
VANDERLEIA,F
DERNIVAL,M
SERAFIM,M
CLEUNICE,F
ALIRIO,M
VANDERLICE,F
ARISTELA,F
DERCI,X
ALLINE,F
TABAJARA,F
ALLISON,M
WALKER,M
DENERVAL,M
AMERINO,M
DELMIRO,M
SUSI,X
SUSANNA,F
SUSANE,F
SIDICLEI,M
WALDINEI,M
DELMAR,M
SUSAN,M
ARGEMIRO,M
SIDIRLEI,M
CRISLANE,F
SUNNY,X
SUMAYA,F
SIGLIA,F
SILANE,F
DELCIR,M
CRISPINIANO,M
ARCANJO,M
DELMIRA,F
WALDINEY,M
SUZANNE,F
VANIR,M
WALFREDO,M
DEMILTON,M
VANIL,M
CONSTANCIA,F
ALVIMAR,M
CORACI,X
DEMETRIOS,M
CORINA,F
VANILDO,M
DELZUITA,F
ALZENIR,M
DELZA,F
SUYANNE,F
CRECENCIO,M
SUSY,F
AMANCIO,M
AMANDO,M
CINTHYA,F
ANIZIO,M
EDWALDO,M
ROSICLER,M
ELAINNE,F
ELAINY,X
ELGA,F
ELEUTERIO,M
ACHILES,M
TICIANE,F
BERNADETTE,F
THATYANA,F
ROSIANA,F
ROMILTON,M
ADIR,M
CASSIUS,M
EDINEI,M
THAUANE,F
ELENITA,F
EDINEIDE,F
BERGSON,M
ADENIR,M
BRANCA,F
ELENISE,F
ADIMILSON,M
EDINEUZA,F
ADIMAR,M
YASMINE,F
THATIANE,F
ELENILDE,F
ADENILTON,M
CELSON,M
ELIAQUIM,M
CELY,F
BRIVALDO,M
THAMIRIS,X
EDILEUSA,F
CAUE,M
VALDEMI,X
CATHERINE,F
TICIANA,F
TRICIA,F
CHRISTIANNE,F
ABSALAO,M
CARLSON,M
BERNARDINA,F
CATARINO,M
EDILTON,M
ADENILDE,F
THARCISIO,M
EDILZA,F
ZILDETE,F
EDNARDO,M
THERESA,F
ADAN,M
CARMELINO,M
EDILAMAR,M
BRASILINA,F
ZENIR,M
TONI,M
ZENIRA,F
BENIGNO,M
ADAIRTON,M
ROSEMERY,X
EDMARA,F
ZENON,M
BRASILIANO,M
RONDON,M
ROSEMBERG,M
ZENO,M
EDMA,F
UILIAN,M
BENILTON,M
ELDO,M
CHARLENE,F
BENTA,F
CHARLLES,M
THAYSE,F
ROSEMARIA,F
EDLENE,F
ROSEMARI,X
CARMO,M
ELECIR,M
ELBER,M
ELINETE,F
ZAQUEU,M
ADILIA,F
ROSENO,M
ADILENE,F
CHANG,X
ADA,F
ROSELE,F
RONIVALDO,M
ROSELENA,F
ZEZILDA,F
ELENILDA,F
ROSELINDA,F
ELEM,X
THAYNA,F
ROSENILDA,F
BRASIL,M
ADAILSON,M
CAROL,M
VALCEIR,M
ADEVALDO,M
BENEVALDO,M
CARMELO,M
ADALTON,M
EDILENO,M
ADERALDO,M
EDILAINE,F
ROSANY,X
EDERALDO,M
CELINO,M
VALDERIO,M
ELIEZIO,M
ADELCIO,M
BERTOLINO,M
ROSINALDA,F
AYLA,F
ABELARDO,M
ZEDEQUIAS,M
THALLES,M
VALDEREZ,X
EDNO,M
EDNILSON,M
AYRES,M
ROLF,X
CARIVALDO,M
VALDENIZE,F
ROSEANNE,F
ELIELSON,M
ZUILA,F
EDENIR,M
EDENILSON,M
CARIN,F
ROSINEY,M
RODRYGO,M
ADELMA,F
AYALA,F
EDVANIA,F
ELINARA,F
ELINA,F
ROGE,X
EDVAL,M
ELIMAR,M
BIANOR,M
ADRIEL,M
ELILSON,M
EDELZIO,M
ADELINE,F
ADRIANNE,F
THABATA,F
ZULEIKA,F
XISTO,M
VALDENIR,M
CELIANE,F
CARLINDA,F
VALDENILSON,M
CARLINHOS,M
UBIRATA,F
THAMARA,F
BOLIVAR,M
ROSILEIA,F
BALBINO,M
THAMIRES,M
ADEMARIO,M
YAN,M
VALDENEY,M
VALDENIA,F
ROSILEIDE,F
CACIA,F
VALDENILDO,M
BERTHA,F
ADNALDO,M
THYAGO,M
ABIGAIL,M
ROOSEVELT,X
EDIBERTO,M
MICHELLY,F
VANDREIA,F
MICHELSON,M
VANDRE,M
VANEA,F
MARISTANI,F
MICKAEL,M
VANEIDE,F
MIHARU,X
VANIZE,F
VANUSIA,F
UILZA,F
ULZENIR,M
ULDANCI,X
VANDIMAR,M
MARINOLIA,F
MIKA,F
VANNUSSO,M
MARILZE,X
MARIUZA,F
MARIUSKY,X
UMAYA,F
VANJA,F
VANIELLE,F
VANDINEI,M
MARIOCELIA,F
MARIONALDO,M
UIRA,F
VANDIQUE,M
MARITICIA,F
MIECIO,M
VANISE,F
VANIUS,M
ULMAR,M
UILLIAM,X
MICHIEL,M
VANEZA,F
UILLIS,X
MARISELIA,F
VANGIE,F
MARINEI,M
UILMA,F
VANILLE,F
VANINE,F
MARISANGE,X
MARINELSE,F
MIEKO,M
MIGACIR,M
VANILZA,F
VANILTON,M
VANILSON,M
MARINHA,F
ULIANA,F
MARIONE,F
ULRIKA,F
MIGUELINA,F
MARINEUZA,F
MARINILDA,F
MARIONELIO,M
MICILANE,F
VANEISA,F
MARISSILAS,M
VANICLEIA,F
MARIOSAN,M
MARINILCE,F
MARIOZAN,M
MARINIEL,M
ULRIKE,X
VANISA,F
MARINDIA,F
VANIRA,F
VANICE,F
MARINILDO,M
MAYLTA,F
VANUZIA,F
MILVA,F
VERONE,F
MARICILDA,F
MARICILDES,M
MARICLEI,M
UBIRANDIR,M
UBIRANEILA,F
MARIDALTO,M
UBIRANY,X
MARIDELIA,F
UBIRAPOA,F
MARIDETE,F
MARIDIA,F
MARIE,F
MILSON,M
MARIEDE,F
UBURAI,X
VEROCHILE,X
MILLENA,F
VERNON,M
MILLAN,M
MILITAO,M
VERITO,M
MARIELI,F
VERIOMARIO,M
MILEVAN,M
MILENY,X
MILENNA,F
MARIELLA,F
VERINALVA,F
UBIRAMAR,M
MARICELI,F
MARILUSA,F
MILZA,F
MARIAN,M
VIDYA,F
VIDIGAL,M
UBATANIA,F
VIDAL,M
VICTORINO,M
MARIANGELI,F
MARIANI,F
VICENCIA,F
MINIELI,F
MARIANINA,F
MARIANISE,F
VIANA,F
VERUSK,X
VERUSCA,F
VERSIERI,X
VERRAH,F
MARIANNI,X
MARIANNY,X
MINELLY,F
VERONILDA,F
MARIANTO,M
MILZON,M
VERONICIA,F
MILZETE,F
MARICE,F
UBIRAI,X
UBIRAJARBAS,M
MILZABETE,F
MARIELLE,F
UBYRAJARA,F
MARIELLI,F
UDENIR,M
MIKELE,F
VENIVA,F
UENDER,M
UESLEI,M
UESLEN,F
MARILI,F
MARILIANA,F
VENINA,F
VENILTON,M
UGO,M
MARILICE,F
UILAMI,X
MARILINDA,F
UILDICLER,M
VENILSON,M
MARILISA,F
VENICIOS,M
MARILIZA,F
VENANCIO,M
MARILSE,F
VEIR,M
VECI,X
VASTE,X
VASNY,X
VASCO,M
MARILUCI,X
VARLEY,M
UILIETE,F
VARETIANO,M
VENIZIO,M
MIKHAIL,M
MARILEDE,F
MARIHA,F
MILEN,F
UDEVANIR,M
MARIELSON,M
MILEIDE,F
MARIELY,F
VERIDIANO,M
VERICLEIDE,F
VERGILIO,M
MARIENE,F
MILDREY,M
VERENNA,F
MARIETE,F
UDIVAL,M
MARIJANE,F
UELINTON,M
MARIJARA,F
MILAY,X
MARILAND,X
MARILANDIA,F
UELBER,M
UELINGTON,M
VEREDIANE,F
VERDY,X
MARILDE,F
VERANDIR,M
MARILDETE,F
VERALICE,F
VEONICE,F
MARILEUSA,F
VANDEIR,M
VANDICLEIDE,F
MAURELEI,M
VALDELIR,M
VALDJANE,F
MAURICE,F
VALDELICE,F
VALDOIR,M
MAUREN,F
MELIZA,F
MAURICENE,F
MAURE,X
VALDOMIR,M
VALDONEI,M
VALERIANA,F
MELKA,F
MELL,M
MAURICELIA,F
MAURICI,X
MARYANNA,F
VALDIVIA,F
MELANIA,F
VALDENE,F
MELCHIOR,M
VALDIRLEY,M
VALDIVA,F
MAURILHO,M
MAURILEIA,F
MELINDA,F
VALDIVINA,F
MAURICYO,M
MELCIADES,M
VALDIZA,F
VALDIZAR,M
MAURICIANA,F
MATUZALEM,X
VALESIO,M
MATUTINA,F
MARYSTELA,F
VALCY,X
VALKER,M
VALCIRA,F
VALLESKA,F
MATARAZO,M
MARZANE,F
MARYNEA,F
MATUSALEM,X
MARYLUCE,F
VALMAR,M
MARYLOURDES,M
MARYLANE,F
VALCIMAR,M
VALME,X
VALIA,F
VALCYR,M
MATHIEU,M
VALDA,F
MELQUISEDEC,X
VALDEANA,F
VIGILATO,M
MELQUIEL,M
VALESSA,F
MELQUIADES,M
MELLINA,F
VALDECIDIO,M
MATREDE,F
VALDEDIR,M
MATTHIAS,M
VALDEIA,F
VALESK,X
MAURINA,F
MAURINHO,M
MAURITANIA,F
MAXUEL,M
MAYA,F
MAXWELLMA,F
MAYZA,F
VALDICIO,M
VALDIFATIMA,F
MAXWEL,M
MEG,X
MEIRI,X
VALDERISO,M
MAXMILLIAN,M
MEIRELANDE,F
MAXLANIO,M
VALDILEI,M
VALDERIDO,M
VALDERIZA,F
VALDERIZO,M
MAYAH,F
MAYALU,X
VALDICENA,F
VALDICELIO,M
MAYANI,F
VALDICEIA,F
MAYARD,X
MAYCOLN,X
MAYRO,M
VALDEVINA,F
MAYCUN,X
MAYKA,F
MAYKEL,M
VALDEVALDO,M
VALDESON,M
MEIRELLE,F
MAXIMINO,M
VALDIONIZIO,M
MEIZI,X
VALDINEA,F
VALDENIO,M
MAVIAEL,M
MEIRYELLEM,X
MAURY,X
MAURUSVAN,M
VALDINESIO,M
VALDILEIDE,F
VALDINETE,F
VALDINO,M
MAURIZETE,F
VALDINOR,M
MAURITONIO,M
VALDIOMIR,M
MAVILDA,F
MEIRYANGELA,F
VALDENISE,F
MAVILDE,F
MEIRIVAL,M
MEIRILANDE,F
VALDINA,F
VALDIMEIRE,F
MAXENCIO,M
VALDIMAR,M
VALDENORA,F
VALDIM,M
VALDEQUE,M
VALDER,M
MAXIMIANO,M
VALDILENE,F
MAXIMILLIAN,M
MARYELE,F
VALCILENE,F
VANDERVALDO,M
URBANIR,M
MARLIETE,F
MERSON,M
VANDEA,F
MERY,X
MARLIANA,F
VANDECIA,F
VANDECLEIDE,F
VANDALCI,X
MARLEUSA,F
MEYER,M
MAYLINE,F
MARLESSON,M
MICAELE,F
VANDEISA,F
MARLINA,F
MARLINDA,F
MARYANGELA,F
VALTOIR,M
MERLONG,X
MARLUCY,X
VALTERCIO,M
VALTERNI,X
VALTESIO,M
MERLOTTI,X
VALTONIA,F
VANALUCIA,F
VAMBERTO,M
MARLLON,M
MARLLEN,F
MARLLA,F
MARLINE,F
VANAIR,M
VANDELIR,M
MICAL,M
URANO,M
UNALDO,M
MARJORI,X
MARJANA,F
MICHELL,M
UOSNEI,M
VANDERLITA,F
VANDERLITO,M
MARIZANGELA,F
URANILDO,M
VANDERLUCIA,F
VANDERLUCIO,M
VANDERSON,M
UMBELINO,M
UMBELINA,F
MARIVALTON,M
VANDERLINDO,M
MARJORY,X
URACI,X
MARKE,X
URANDI,X
VANDERLENE,F
MICHELENI,F
MARKENE,F
MARKI,X
MARKO,M
VANDERLEA,F
VANDERLAN,M
MARKYLLWER,M
URANDY,X
MARLAINA,F
VANDENBERG,M
VANDELUCY,X
VALTENIS,X
VALTENIR,M
URSULINA,F
VALNEY,M
MENISSA,F
MARTINO,M
VALNECY,X
VAILSON,M
MARTINIANO,M
VAGNO,M
MENY,X
VALSEQUE,M
MARTINHA,F
MERARY,X
MARTINA,F
VALNISA,F
VALQUIDES,M
VALQUIMAR,M
MARTO,M
MARTONCHELES,M
MENILDES,M
MARUCIA,F
VALMIRIO,M
VALCERLI,F
MENDALLI,F
MENANDRO,M
MARUSKA,F
VALCI,X
MARUZANETE,F
MELQUISEDEQUE,M
VALMIRIM,M
VALCIDES,M
MARYANE,F
VALCIENY,X
MELQUISEDEK,X
MERCES,M
MARTILENE,F
MERIZE,F
MARLUZIA,F
MERILAN,M
MARLYZE,X
VALTEIR,M
VALTEISA,F
MARLUZIENE,F
MERINALVA,F
VALTEMBERGUE,M
MARTIANY,X
MERIS,X
MARLUZ,X
MARLUS,M
VALTEMI,X
MERIVALDO,M
VALTENCIR,M
VALTECI,X
MARNILVIA,F
MARONILDE,F
MAROUN,X
MARQUES,M
MERIELY,F
MERIAM,X
MARQUILENE,F
URUBATAN,M
USIEL,M
VALTAIRES,M
MARRI,X
UZANILDO,M
MARSHAL,M
MARSOE,X
UZILEIDE,F
VALSON,M
VALFRAN,M
MAMEDIO,M
VIGNA,F
XAMAN,M
WOLDAGLAS,M
LIVANIA,F
WOLMAR,M
LISTHIANE,F
WOLNI,X
WONNEY,M
WORDNER,M
LISSA,F
WU,X
LISMAR,M
WUARLLON,M
LISLEANDRA,F
LISIS,X
LISIENE,F
LISIE,F
LISIANNE,F
WYARA,F
LISENIR,M
WYLLIAM,X
WLISSES,M
WLAMYR,M
WLAMIR,M
LIZARENIA,F
LODES,M
WILSYNNARA,F
LODENIR,M
LOANDA,F
LOANA,F
LIZIANY,X
WILX,M
LIZETT,X
WINSTON,M
LIVIAN,M
WIRANDY,X
LIZANGELA,F
LIZANDRO,M
WISLEI,M
WISTON,M
LIZANA,F
WLADIANA,F
WLADILENE,F
WZIEL,M
XIRLEIDE,F
LINAURA,F
LISA,F
LINDOLPHO,M
LINDOLFO,M
YANE,F
LINDERVAL,M
LINDERNEVES,M
YANEISIS,X
LINDELMAR,M
LINDEEIDE,F
LINDECY,X
YARACYLDES,M
YARO,M
LINDAURY,X
YASCARA,F
YASMIM,F
LINDASELMA,F
LINDAMARIA,F
LINDAMARCIA,F
YASMIN,F
LINDA,F
LINDOMIRA,F
LINDON,M
LINDONOR,M
LINNIK,M
YACHIKO,M
YAGO,M
LIRA,F
LIONELA,F
LIONEIDE,F
LIOMAR,M
LINTZ,X
YAILI,F
LINNET,X
YAIMARA,F
LINEU,M
LINETE,F
LINEMAR,M
LINEKER,M
LINEIDE,F
LINEIA,F
LINDVAL,M
LINDORACY,X
LOECI,X
WILNALIA,F
WILLTON,M
LORAINE,F
LUCENILDA,F
LUCELY,F
WESKLEY,M
LUCELIO,M
WESLA,F
WESLAYNE,F
WESLEYENE,F
WESLLEN,F
WESLLER,M
WESMAR,M
WEVERTON,M
LUBERVALDO,M
LUARA,F
LUANNY,X
WEVERTTON,M
LUANNA,F
WEYDSON,M
WHYLLA,F
WIDNEY,M
LUCENILDE,F
LUCENIR,M
LUCESIA,F
LUCIDEA,F
WENILSON,M
LUCIFRAN,M
LUCIER,M
LUCIENNE,F
WENIO,M
LUCIELMA,F
WENYA,F
LUCIDIO,M
LUCIANY,X
WESIA,F
LUCIANNE,F
WERCYLEIDE,F
LUCIANARA,F
WERICA,F
WERIQUISON,M
WERNER,M
WERONICA,F
WESCLEY,M
LUA,F
WIDSON,M
WILBUR,M
WILLAS,M
WILLAMS,X
WILLAMY,X
WILLANY,X
LORRAINE,F
LOROINA,F
LORNA,F
LORISMAR,M
LORI,X
LORETO,M
LOUCELINO,M
LORENZO,M
WILLI,F
LORENY,X
LORENE,F
LOREN,F
LOREM,X
WILLIANA,F
WILLIS,X
LORYNE,F
LOUIS,M
WILDER,M
WILKEN,F
LOURINEIDE,F
LOURINE,F
WILDES,M
WILDNEI,M
LOURIMAR,M
LOURILENE,F
LOURICE,F
WILIANS,M
WILKENS,M
LOUISIANE,F
WILKER,M
WILLAM,X
WILLAME,X
WILLAMES,M
LOURDENER,M
LOURDEMEIRE,F
LOURACI,X
WILLAMI,X
YASSER,M
LINALDO,M
LUCILDO,M
LEONETE,F
LEONITO,M
LEONISIO,M
ZENIA,F
LEONISIA,F
ZENILTON,M
ZENIRTON,M
ZENITA,F
LEONIO,M
LEONILSON,M
LEONILDE,F
ZENY,X
LEONILDA,F
LEONIE,F
ZEQUIAS,M
ZEZICO,M
ZEZILDO,M
LEONIA,F
ZEZILIA,F
ZIDIONE,F
ZENEIDA,F
LEONTINO,M
ZELMA,F
LESSIO,M
LETICYA,F
ZEFERINA,F
LETIANE,F
LETHICIA,F
LETACIO,M
ZEILDE,F
ZEILE,X
LESSON,M
LESSANDRA,F
LEOPOLD,X
LESLY,F
ZELICE,F
LEOVERGILDO,M
ZELINA,F
LEOVANIR,M
ZELITA,F
LEOPOLDINO,M
ZELITO,M
LEONETTE,F
ZIGMANI,F
YBRAHIN,X
LEONESIA,F
ZITA,F
LENUTA,F
LENON,M
LENNON,M
LENNITA,F
ZIULDA,F
LENIZE,F
ZOE,X
ZORA,F
LENISIA,F
ZORAIA,F
ZORAIDA,F
LENISA,F
ZORALDO,M
ZOROASTRO,M
ZULDNEY,M
ZULEICA,F
ZULEMA,F
ZULMA,F
ZISKA,F
LEOCADIA,F
LEOCELIA,F
LEONARD,X
LEONELSON,M
LEONELO,M
LEONE,F
ZILDEIR,M
ZILDO,M
LEONARDA,F
ZILDOMAR,M
ZILFRAN,M
ZILSON,M
LEOCIDES,M
ZILTO,M
ZILTON,M
ZINAURA,F
ZIONIL,M
ZIRLENE,F
LEODORO,M
LEODORIO,M
LEODETE,F
LETIZIA,F
LETSILANE,F
LEU,M
LEUMAR,M
LIDIOMAR,M
YONE,F
YORDANKA,F
YOSHIHARU,X
YOSHIHIRO,M
LIDINALVA,F
LIDICE,F
LIDIANY,X
YOSHIO,M
YRLANDA,F
YSLAI,X
LIDIANNA,F
YSMAILYN,F
LIDIANA,F
YSMENIA,F
LIDIAN,M
YUAN,M
YUJI,X
LICIEUDA,F
YONARA,F
LIDYANNE,F
YOCABEL,M
YEHUDA,F
LILYANNE,F
YCARO,M
LILYANE,F
LILYAN,M
YEDO,M
LILLIAM,X
LILIENE,F
LILIANY,X
LILIANI,F
YOARIS,X
YELNYA,F
YGLESIO,M
YGRAINE,F
LILA,F
LIGIANE,F
YIFTAH,F
LIGIANA,F
YLMA,F
YUKARI,X
LICIENE,F
LICIANE,F
ZANETE,F
LEYLLANE,F
ZAMIR,M
LEYLANE,F
ZAN,M
LEYLAH,F
LEYLA,F
LEYDNAYRE,X
ZANDRA,F
LEWISON,M
LEYVIJANE,F
ZANIA,F
ZANONI,X
LEVON,M
LEVINO,M
ZARIA,F
LEVERTON,M
ZAUDER,M
ZAYDA,F
LEYNE,F
LEZINETE,F
LICIANA,F
LIARA,F
YULEYSI,X
LIBORIO,M
LIBIA,F
LIBERTINO,M
LIBERIA,F
YURIKO,M
LIBERALINO,M
LIBANIA,F
LIANI,F
ZAINAB,X
LIANEIDE,F
YVELISE,F
YVES,M
YVONNE,F
YWRY,X
YZILA,F
YZUMI,X
LHAIS,F
LUCILDA,F
WENDSON,M
MARIALVA,F
WALDIK,M
WALDER,M
MAIRIA,F
MAIRE,F
WALDEREZ,X
MAIQUE,M
MAINA,F
MAILLINE,F
MAILLA,F
WALDERI,X
WALDERLY,F
MAILA,F
MAIKA,F
WALDETH,F
MAIHARA,F
WALDEY,M
WALDEYR,M
MAIGA,F
MAIG,X
MAIDI,X
WALDENY,X
WALDENOR,M
MAIZE,F
WALDENIRA,F
WALDELIO,M
MANSUETO,M
MANOELLE,F
WALDELOURDES,M
WALDEMY,X
WALDENCIR,M
WALDENE,F
MANDARLAN,M
MIQUELA,F
MAJA,F
MAMEDE,M
MALVINA,F
MALVA,F
MALINDA,F
MALGORZATA,F
WALDENISE,F
MAKYSON,M
MAKELI,F
WALDICE,F
MAICYRA,F
WALLISSON,M
WALDINA,F
WALDO,M
MAGNILIA,F
WALDSON,M
WALDYMIR,M
MAGDO,M
MAGDI,X
WALENA,F
MAGDALIA,F
MAGDALENA,F
WALENIA,F
WALESSA,F
WALFRIDES,M
WALJUCY,X
MAGALIS,X
WALK,X
MAFALDA,F
WALKYRIA,F
WALLAS,M
MAEZIA,F
WALDIVIO,M
WALDIVINO,M
MAGNUCIA,F
MAIANA,F
WALDINAR,M
MAICOM,X
WALDINEIA,F
MAICO,M
MAICELMA,F
MAIBY,X
MAIBI,X
WALDINELSON,M
MAHAYANA,F
MAGNUM,X
WALDINEZ,X
WALDIONOR,M
WALDIRA,F
MAHATIMA,F
WALDIRENE,F
MAGVAL,M
MAGSON,M
WALDIRIA,F
WALDELINO,M
WALDELINA,F
WALDELANIA,F
WALDEIR,M
MARDON,M
VINAN,M
MARDEN,F
VINICIA,F
VIRGILINA,F
MARCULINO,M
VIRLEY,M
MARCONILDO,M
VISMAR,M
MARCONES,M
MARCONE,F
VITAL,M
VITALCI,X
VITALINO,M
MARCOLINO,M
VITALY,F
VITO,M
VITORINHA,F
MARCLINEIDE,F
VILTON,M
MARDONES,M
VILSO,M
VILKER,M
MARIALDO,M
VILANIR,M
VILCEMAR,M
VILDA,F
VILDER,M
MARGOT,X
MARGARITA,F
VILEIA,F
VILMARA,F
MARDONIO,M
VILMARIO,M
VILNETE,F
MARFISA,F
MARFAN,M
VILOBALDO,M
MAREN,F
MARED,X
MARECI,X
MARCLIN,X
MARCIVALDO,M
VITTOR,M
MARCCUS,M
WAJDI,X
WAKILA,F
MARCELENE,F
WALANNE,F
WALAS,M
WALBERT,M
WALBERTO,M
WALBURGA,F
MARANY,X
WAESSO,M
MARALINA,F
MARAIZA,F
MARAISA,F
WALCIRENE,F
WALDAIR,M
WALDECI,X
MANUELINA,F
MANUELE,F
WAGNE,F
MARCELIO,M
MARCIONILO,M
VIVIANO,M
MARCIONILA,F
MARCIONE,F
VITURINO,M
VIVEK,X
MARCIENE,F
MARCIELLY,F
MARCIEL,M
MARCIANO,M
VIVYANNE,F
MARCELL,M
VLADMIR,M
MARCI,X
MARCELY,F
VOLIA,F
VOLKER,M
VOLMAR,M
VONEZ,X
VORSTER,M
MAEWE,X
MAENIA,F
WENDRYLL,M
WEDER,M
WARNER,M
LUDINAURA,F
WARUICK,M
WASLEI,M
LUDIMYLLE,F
WASTY,X
LUDIMILIA,F
WATSON,M
WAVELL,M
WAYKA,F
LUDIMILHA,F
LUDIMAR,M
WAYNE,F
LUDGERO,M
WDILSON,M
WEBERTI,X
WEBERTON,M
LUCYNILA,F
LUCYLEA,F
WARLUCIO,M
WARLLEM,X
WARLEN,F
WANRLEY,M
LUIZINHA,F
LUIZIANNE,F
WANIR,M
LUIZIA,F
LUIZETE,F
LUIZABETE,F
WANNAH,F
WANOR,M
LUISINEIA,F
LUDMYLA,F
LUISIANA,F
LUISE,F
WANUZIA,F
LUILIA,F
LUENNA,F
LUENIA,F
WANY,X
LUDYMYLLA,F
LUCYENE,F
WEDSON,M
MAELYSON,M
WEGLISSON,M
WELLERTH,X
LUCINALDO,M
WELLES,M
WELLINGSON,M
WELLISON,M
WELLYNGTON,M
LUCIMEIRE,F
WELMA,F
LUCIMARIO,M
WELYZA,F
LUCIMA,F
LUCILVANA,F
LUCILIO,M
LUCILIA,F
WEMERSON,M
LUCILENA,F
WEN,F
WENCESLAU,M
WENDER,M
WELLERSON,M
LUCINEA,F
WELLEN,F
WELBERT,M
WEIBSON,M
WELAINE,F
LUCLECIA,F
LUCIVANIA,F
WELBER,M
LUCIVANA,F
WELBERSON,M
LUCIVALTER,M
LUCIOMAR,M
LUCINELMA,F
LUCIOLA,F
WELDER,M
LUCINILMA,F
LUCINILDA,F
LUCINHO,M
LUCINHA,F
WELDO,M
WELIGTON,M
LUIZMAR,M
LUMA,F
LUMEM,X
WANESKA,F
LYSSYA,F
LYSS,X
LYSLANE,F
LYRA,F
LYNDON,M
LYLLIAN,M
WALQUIRA,F
WALSON,M
LYDIE,F
LYDIANE,F
WALTAIR,M
LYBIO,M
LYARA,F
LYANE,F
LUZO,M
WALTECIR,M
WALTENCIR,M
LUZMARINA,F
WALTERCID,X
LYVIA,F
WALQUIR,M
WALNEIDA,F
MADAIA,F
WALLTON,M
MAELY,F
MAELTON,M
WALMA,F
MADIANITA,F
MADIAN,M
MADELON,M
MADALENA,F
WALMOR,M
LYZA,F
MADAI,X
WALMYR,M
MACILIO,M
MACIEL,M
MACELLO,M
WALNEI,M
MAC,M
MABI,X
LUZIVETE,F
LUZIVALDO,M
WALTERLANDIA,F
LURI,X
LUTHERO,M
LUTERO,M
LUSSARA,F
WANDERCLEYDE,F
WANDERCY,X
LUSINETE,F
WANDERLAN,M
WANDERLINO,M
WANDERLUCIA,F
LUTZ,X
WANDERLY,F
WANDERMILSON,M
LUPERCIA,F
LUNIA,F
WANDICK,M
WANDILSON,M
WANDIR,M
WANDREIA,F
LUTHIANE,F
WANDEMBERG,M
WALTERLINS,M
WALTTER,M
LUZIMARA,F
WALTOIR,M
LUZILENE,F
LUZILEA,F
LUZIENE,F
WALTON,M
LUZIEE,X
LUZIANIA,F
WALYSSON,M
LUVERCIDES,M
WAMBERTO,M
LUZHELENE,F
LUZETE,F
LUZENILDO,M
LUZENILDE,F
LUZELIA,F
LUZANIRA,F
WANAIA,F
UBALDININHA,F
RODRIGUS,M
UANDERLINO,M
SAULOS,M
SAMILLE,F
PERSON,M
PERSIA,F
PERPETUA,F
PEROLINA,F
SAMMARA,F
PERIJALDO,M
SAMMY,X
SAMO,M
PERICELIO,M
PERCY,X
PERCILIANA,F
SAMOEL,M
PERCILIA,F
PERCIA,F
SAMY,X
PERACIO,M
SANAA,F
SANAY,X
PETRA,F
SAMIH,X
PETRONEO,M
PHILIPPE,M
PIETRY,X
PIERRI,X
SALVATORE,X
SALVELINA,F
SALVIANO,M
SALVINO,M
SALVIO,M
SAMAENE,F
PHILIP,M
PETRONILIA,F
SAMEA,F
PETTERSON,M
SAMELA,F
PETRUSKA,F
PETRUSCA,F
SAMELLA,F
PETRUCIO,M
SAMI,X
SAND,X
PEDRITO,M
SANDERLINA,F
SAO,M
SANTOS,M
PARICIDA,F
SANTUZZA,F
SANYA,F
PARACELSO,M
SANYELLE,F
PAOLO,M
PAOLLA,F
PAMILA,F
PASCOAL,M
SARAI,X
SARITA,F
SARRANDRA,F
SATILA,F
SATIRO,M
PALMIRA,F
SATOMI,X
SAULIMAR,M
SANTANA,F
SANNY,X
PEDA,F
SANDRIENE,F
PAULYANNE,F
PAULLINY,X
SANDI,X
PAULINE,F
SANDIVAL,M
PAULIA,F
PAULETE,F
SANDOVALDO,M
PAULEANY,X
SANMIRA,F
SANIA,F
PATRYCIA,F
PATRY,X
PATRIK,M
SANILDE,F
SANLEY,M
SANLLAY,X
SANMARA,F
SALOMY,X
SALOME,X
PIO,M
QUEREN,F
QUINTINA,F
RUIDEGLAN,M
QUEZIEL,M
RUIMAR,M
RULIAN,M
QUESLE,X
RUSSEL,M
QUERUBINA,F
QUENIO,M
RUDNEY,M
RUSSWELT,X
QUENIA,F
QUELLEN,F
RUTENES,M
QUELI,F
RUTHANE,F
QUEDMA,F
QUECIANE,F
RUDSON,M
RUDIMAR,M
PYETRA,F
RUBISSON,M
RUBEVAN,M
RUBIAM,X
RUBICLEIS,X
RUBINALDA,F
RUBINALVA,F
RAEL,M
RUBIO,M
RADUAN,M
RUBNEIDE,F
RAABE,X
RADJALMA,F
RUDA,F
RADILSON,M
RADI,X
RADAMIR,M
RADAMES,M
RUDDY,X
RUDI,X
QELLI,F
PRYSCILLA,F
PIRAGIBE,X
POLION,M
SAIONARA,F
POLYANDRA,F
SAIRO,M
SALANIZA,F
SALENTIM,M
SALERME,X
SALETIEL,M
POLLIANA,F
POLIANNE,F
SAHRA,F
SALIMAR,M
SALLY,F
SALMA,F
POLANIA,F
SALMIRA,F
SALMOS,M
PITAVORAS,M
PIRAJARA,F
SAINT,X
SAFIRA,F
RUTI,X
RUZIMAR,M
RUTILA,F
RUTILEIA,F
RUTINELLI,F
RUVER,M
PRIMO,M
PRICYLLA,F
PRICILLA,F
RUZEL,M
RYANDDRE,M
SADIA,F
RYCHARD,X
SAADIA,F
SAARTJE,X
PREGENTINO,M
POTENGY,X
SABINE,F
PORFIRIO,M
PONCIANO,M
PALLOMA,F
SAURO,M
RAFAELINA,F
PALAGIA,F
ORIEL,M
SHIRLANE,F
ORIDIA,F
ORIANDO,M
ORFILENO,M
ORFEU,M
ORESVALDO,M
SHIRLEINIRA,F
SHYRLEI,M
SHYRLENE,F
ORESTES,M
ORESSIO,M
ORDECY,X
SHYRLEY,M
SIANA,F
SIANE,F
SIBELE,F
ORCILIO,M
SICI,X
ORIMAR,M
ORIVAL,M
SHIRLA,F
ORLEIDE,F
ORSIZIA,F
ORSENI,F
ORQUIDEA,F
ORONI,X
ORNEMIA,F
ORMANDO,M
SHELLYDA,F
ORLETE,F
ORLEI,M
ORIVAN,M
ORLEANS,M
SHENEVILLE,F
SHERYDA,F
SHESLY,F
SHEYLENA,F
SHIMONE,F
ORLANDIM,M
ORLANDA,F
SIDARTHA,F
ORACY,X
SIDELIA,F
OLIVEIROS,M
SIDNY,X
OLNA,F
SIDONIO,M
SIDRONIO,M
SIERRA,F
OLIVETE,F
OLIVERIO,M
SILDENIA,F
SILDEVANDRO,M
OLVINDA,F
OLIVEIRA,F
SILENO,M
SILEY,M
OLIVAL,M
OLINTO,M
SILMARIO,M
SILMARY,X
SILNARA,F
OLVIMAR,M
OLYMPIA,F
ORACI,X
SIDIANA,F
SIDENEY,M
ONIVON,M
ONIVALDO,M
ONISLENE,F
ONEZIO,M
SIDERLAN,M
ONESIMA,F
ONER,M
ONELDIO,M
SIDNEA,F
ONEIZES,M
ONEDIO,M
ONALDO,M
OMERY,X
SIDINEA,F
SIDINEY,M
SIDIVALDO,M
OLYNTHO,M
ORUALDO,M
ORVACIO,M
ORVAL,M
SELVIRO,M
SELENIA,F
SELIMOL,M
SELITA,F
OTOMAR,M
SELMI,X
OTO,M
SELMO,M
SELOMI,X
SELVONEIDE,F
OZAIAS,M
SENISE,F
OTHANIEL,M
SENNE,F
OTAVIANO,M
OTALMIR,M
SERGEI,M
SERGIA,F
SERGIVALDO,M
SELENE,F
OZALIA,F
SERIO,M
SCHEILLA,F
SAVYO,M
PABLISSON,M
PABLA,F
OZORIO,M
OZIMAR,M
SAYOMARA,F
OZILDO,M
SCHARLE,X
OZILANE,F
SELANIRA,F
SCHIRLEY,M
OZIANE,F
OZENI,F
OZELITO,M
SEIDLER,M
OZELIO,M
OZANIRA,F
SEILA,F
SERILUCIA,F
OSWALDINO,M
SHELLY,F
SHARLENE,F
OSIROS,M
SHANNON,M
OSIRIS,X
OSIEL,M
SHARLA,F
OSIA,F
OSEMIR,M
OSELIO,M
OSEIR,M
OSMAN,M
SHARLENY,X
SHARON,M
SHARY,X
SHAUMA,F
OSDY,X
SHAYANE,F
OSAIR,M
SHEIBA,F
OSMAIR,M
OSMANDO,M
SERLANE,F
SEUNG,X
OSVALDIRAN,M
OSVALDIR,M
SERVIO,M
OSVALDERLI,F
OSVAIR,M
OSORIO,M
SETEMBRINO,M
OSNILDO,M
SEVERIANO,M
SHAIANE,F
OSMUNDO,M
SEVERO,M
SEVIRINO,M
SEYR,M
OSMAROSWALDO,M
SHADIA,F
SHAHLA,F
OSMARINO,M
RAFAELE,F
RUBEVAL,M
UALAME,X
RELZA,F
ROSALIRA,F
RILDA,F
RILANE,F
RIGOBERTO,M
RIGELDO,M
ROSALITA,F
RICHELE,F
RICHARLISSON,M
ROSALY,F
ROSAN,M
ROSANI,F
ROSANIR,M
ROSANITA,F
RICCELLY,F
ROSANO,M
RICARTE,X
ROSBINDA,F
RIBERTO,M
RIANE,F
ROSALINDA,F
ROSALI,F
ROSAIRA,F
RONOS,M
RONNIELLE,F
RISONETE,F
RISETE,F
RISAELMA,F
RINALVA,F
RONNYEL,M
RINALDIR,M
RIMAR,M
RONYSON,M
ROSAINE,F
RONYWALDO,M
RONZELENE,F
ROOSEWELT,X
ROOSSEWELTH,X
ROOSYVANIA,F
RILDON,M
ROQUELI,F
ROQUEMAR,M
RHOVANI,F
ROSECLAIR,M
RHODSON,M
RENARD,X
ROSELINE,F
RENAUT,X
RENATTA,F
ROSELITA,F
ROSELMIRO,M
ROSEMA,F
ROSEMAR,M
RENATHA,F
RENALVO,M
ROSELANGE,X
ROSEMARIO,M
ROSEMARLEI,M
REMO,M
REMILTON,M
ROSEMERES,M
REMIGIO,M
ROSEMILTON,M
ROSEMIRA,F
RENIELLY,F
RENILDE,F
ROSECLAY,X
RESENDO,M
REZONE,F
REYSLA,F
ROSECLEIA,F
REYLA,F
REVERTON,M
REVELINO,M
REUZA,F
REUBER,M
RERLEN,F
ROSELANE,F
RENZO,M
RENY,X
RENO,M
ROSECLER,M
RENISE,F
ROSELAIN,X
RENIR,M
RENILSON,M
RONNEY,M
RITAMARA,F
RONNEI,M
ROLIVON,M
ROLANDO,M
ROCHANE,F
ROBYNEY,M
ROBSTEIN,X
ROLDAO,M
ROBNALDO,M
ROBLEDO,M
ROLDNEI,M
ROMANA,F
ROCHELE,F
ROBHYSON,M
ROBEYONCE,F
ROMANNINY,X
ROBEVAL,M
ROMANO,M
ROMANY,X
ROBERVANIA,F
ROBERVALDO,M
ROLAND,X
ROLAN,M
ROBERTSON,M
ROGERS,X
ROGATA,F
RODNE,F
ROGELIA,F
RODIVALDO,M
ROGERA,F
ROGERES,M
RODINEY,M
RODINELSON,M
RODILON,M
ROIORBISON,M
ROGERVAL,M
ROGIMEIRE,F
RODILANDY,X
RODERLEI,M
ROCIO,M
ROGIVALDO,M
ROCIEL,M
ROCI,X
ROMAR,M
ROMAYANA,F
RITAMARIS,X
RONIE,M
RONDOLFA,F
RIVES,M
RIVERSON,M
RIVANE,F
RONE,F
RONEIDE,F
RIVANA,F
RONELIO,M
RONILDA,F
RIVONYLDA,F
RIVALDAVIO,M
RIVALDA,F
RIVAERCIA,F
RIVADAVIA,F
RIUMAR,M
RONNEESLEY,M
RIUDO,M
RITHA,F
RONDINELE,F
RONALDY,X
ROMEL,M
ROBERIA,F
ROMELSON,M
ROMENIA,F
ROMERITO,M
ROMI,X
ROMILDES,M
ROMIR,M
ROBERMY,X
ROMOLO,M
ROMUALDA,F
RONAILDO,M
ROBERG,M
ROBEN,F
ROBEMNILZA,F
RIZONETE,F
ROMUZIA,F
RIZELIO,M
RIZELIA,F
RONADIA,F
REMER,M
ROSENAIR,M
RUBERLAN,M
ROSENEA,F
RAMONE,F
ROSSI,X
ROSSINE,F
ROSTAN,M
RAMIREZ,M
ROSYANE,F
ROTHIER,M
RAMILDO,M
RAMASIO,M
ROURE,X
ROUZELI,F
RAMA,F
RAM,X
ROVANE,F
RALLYSON,M
RAIZA,F
RAITZA,F
RAISSE,F
ROXELI,F
RAMONY,X
RAMYLA,F
ROSSANNA,F
ROSIVAL,M
ROSINES,M
RANNE,F
RANILSON,M
RANILDO,M
RANILDA,F
ROSIRLEI,M
ROSITA,F
RANIELLE,F
ROSIVAN,M
RANARA,F
RANIELE,F
RANGEL,M
RANE,F
RANDRIENE,F
RANDES,M
RANDAL,M
ROSIWANIA,F
ROSMARI,X
RAISCA,F
ROZA,F
RAIOLANDA,F
ROZUILA,F
ROZINHA,F
ROZIRENE,F
RAIL,M
ROZISTELA,F
ROZITA,F
ROZIVALDO,M
RAIANA,F
RAGNIELL,M
RAGLAN,M
ROZINEIDE,F
ROZY,X
RAFFAELA,F
ROZZANNA,F
RAFAELY,F
RAFAELO,M
RUANNA,F
RUBENILCE,F
RUBENITE,F
RAILDA,F
RAILDE,F
RAINERIO,M
RAIMER,M
RAINER,M
RAINE,F
ROZALDO,M
RAINARA,F
ROZANGELA,F
ROZELAINE,F
ROZELENE,F
ROZELITA,F
ROZENETE,F
ROZINALDO,M
ROZIENE,F
ROZILANE,F
RAILSSA,F
RAILSON,M
RAILMA,F
RAILENE,F
RAILDO,M
ROZIMEIRY,X
ROSINELIO,M
RANUZY,X
RANYELLE,F
REGINILSON,M
REIDVALDO,M
REGYCLEIA,F
REGNOBERTO,M
ROSI,X
ROSIANNY,X
REGIVALDO,M
ROSIANY,X
ROSICLEA,F
REGINEI,M
REILA,F
REGINEA,F
REGINAMIO,M
ROSICLEI,M
ROSICLEIDE,F
REGINALDA,F
ROSIDALVA,F
REGIMEIRE,F
ROSIENE,F
REIGINALDO,M
REILSON,M
ROSILA,F
REINHARD,X
REJAINE,F
ROSENETTE,F
REIZEMBERQUE,M
ROSENI,F
REIVALDO,M
REINOUDS,X
REINILDE,F
REINIER,M
REINE,F
REINALDA,F
REINATE,X
ROSENILDO,M
ROSENILSON,M
REINAN,M
ROSENY,X
ROSEVANE,F
ROSEVANIA,F
ROSEVETER,M
REGILSON,M
REGIARA,F
ROSINEILE,X
RAUCE,F
RAVANA,F
ROSIMARIA,F
ROSIME,X
ROSIMEIRY,X
RAULWYSON,M
ROSIMEYRE,X
ROSINA,F
RAULIM,M
RASLAN,M
RAWLINSON,M
RAQUELLE,F
RAQUELITA,F
ROSINALVA,F
RAQUECE,F
RAPHAELLE,F
ROSINDA,F
ROSINEA,F
ROSINEIA,F
RAVENNA,F
RAY,X
REGIANI,F
RAYNERO,M
REGIA,F
REDIVAN,M
ROSILEA,F
ROSILEI,M
RAYSA,F
RAYRON,M
RAYRLA,F
RAYRA,F
RAYNER,M
ROSILVA,F
ROSILENY,X
ROSILEY,M
RAYNARA,F
RAYMUNDO,M
RAYMUNDA,F
ROSILIA,F
RAYMOND,X
RAYANNE,F
SILNE,F
SILO,M
OLEXANDR,M
THAIZA,F
NATHIENE,F
NATHANIEL,M
NATHANE,F
TELIO,M
TELMAR,M
TELMIRA,F
NATHALI,F
NATHACHILA,F
TELTON,M
NATERCIO,M
TEMIS,X
TEMOTEO,M
NATCHA,F
TENORIO,M
TEOBALDO,M
NATANY,X
NATANNAEL,M
NATANIELLY,F
NATANAGILDO,M
NATIELE,F
NATILES,M
NATIVA,F
NAYHANNE,F
NAZAH,F
NAYSIA,F
TCHERENA,F
TEILA,F
NAYSA,F
TELCILENE,F
NAYMA,F
TELCIO,M
NAYDJANARA,F
NAUBER,M
TELES,M
TELESFORO,M
TELIA,F
NAYALA,F
NAYAANA,F
NAURIA,F
NAUPLIO,M
NAUIR,M
TEODOMIRO,M
TEODORA,F
NATALLINO,M
NARAINA,F
NARDO,M
TERNA,F
NARCY,X
TERNILSON,M
NARCILIO,M
TERSIO,M
NARAYANNA,F
NARAYANA,F
TETSU,X
NARIAM,X
TEURACI,X
NAPOLIAO,M
THADYANARA,F
THAIANY,X
THAILA,F
NANNA,F
NANIO,M
NANDA,F
NARENDRA,F
NARITON,M
NATALLIA,F
NATAIR,M
NATALINA,F
TEODULFO,M
TERCILIO,M
TERENA,F
TERES,M
NATALI,F
NATAL,M
TEREZALDINA,F
NATACHA,F
NARJARA,F
NASTASSJA,F
NASSARA,F
NASCIMENTO,M
NASCIME,X
NASARENO,M
NARRIMA,F
NARLI,F
TEREZINO,M
TCHELLA,F
TCHARLLIS,X
TAYSE,F
TAPIRACI,X
NELITO,M
NELISE,F
TANATIANA,F
TANCREDO,M
TANEA,F
TANHA,F
TANIELZY,X
NELCILENE,F
TAPIRAJARA,F
TAMYRES,F
NEIZA,F
NEIVAN,M
TARCIARA,F
NEISVALDO,M
NEISE,F
TARCISO,M
NEIRON,M
NEIRIVAM,X
NELITON,M
NELIVALDO,M
TARINA,F
NEMER,M
NENILSON,M
NENARIO,M
NEMILLA,F
NEMIAS,M
NEMEZIANO,M
TALISSA,F
NEMESIO,M
NEMERCIA,F
TALLYTA,F
TAMY,X
NELTON,M
TALSIA,F
TALVANES,M
TAMIA,F
NELSINO,M
TAMIRYS,X
TAMIS,X
TAMMY,X
TARIJA,F
TARLES,M
NAZARET,X
NECI,X
TAUANA,F
NEDY,X
NEDSON,M
NEDILSON,M
NEDIA,F
NECY,X
TAWANY,X
NECIVALDO,M
NAZOR,M
TATYLLA,F
NAZIME,X
NAZIDE,F
NAZIBIA,F
TAYANNA,F
NAZIANA,F
TAYANNE,F
NAZI,X
NAZARETE,F
NEHEMIAS,M
TATYANA,F
NEIRIVALDO,M
NEILIANE,F
NEIRIVALDA,F
NEIRIOL,M
NEIRIAN,M
TARLIS,X
TARSILA,F
TASSIANE,F
NEILMA,F
TASSOS,M
TATHIANE,F
NEIBER,M
NEIL,M
NEIGMAR,M
NEIFLAVIO,M
NEIDINALVA,F
TATIELI,F
NEIDIANNA,F
NEIDI,X
TATIELLI,F
THAISEANY,X
NANCE,F
OLESIA,F
NAMIR,M
MONAINA,F
THYRSO,M
TIBIRICA,F
MOIRA,F
TICIARA,F
TIELIDY,X
TILZA,F
TIMOTEO,M
TISSIANE,F
TOBIAS,M
TOINEY,M
MOANA,F
TOMAZA,F
TOME,X
MOAB,X
TOMPSON,M
MIVACI,X
MITZI,X
MITZ,X
MONAISE,F
THYANA,F
THULYO,M
MONTINNY,X
MORGAN,M
MORENA,F
THIANNE,F
THIARLES,M
MONYELLE,F
THIARLLIANE,F
THICIANE,F
MONYA,F
MONNIQUE,M
THOMPSON,M
MONNEGLESIA,F
MONNALISA,F
THIEGO,M
MONISSON,M
THIEKO,M
THIERS,X
THOME,X
MONIKA,F
MITSUO,M
TORQUATA,F
TORQUATO,M
TULYANA,F
TUANNY,X
TUANY,X
MIRELY,F
TUBAL,M
TULA,F
TULIA,F
MIRELE,F
MIREILLE,F
MIRALEO,M
MIRIANE,F
MIRALDA,F
MIRACY,X
MIRACI,X
MIRABEL,M
TYRONE,F
MIRA,F
UACI,X
MIQUERLAM,X
TUANIA,F
MIRIANGREI,M
MITSUKO,M
TOVAR,M
MISSAEL,M
MISSAE,X
MISONETE,F
MISIA,F
TORRES,M
TOSHIYUKI,X
MIRNNA,F
MIRNE,F
TRACY,X
MIRIDAN,M
MIRLEY,M
TREYCE,F
MIRLEDA,F
MIRIENE,F
MIRIELLEN,F
MIRIELI,F
TRYANTA,F
TUANI,F
THIANA,F
MORISES,M
MORONI,X
NAHESSON,M
THANIA,F
NAIL,M
THATIANA,F
THATIANNE,F
THATIANNY,X
NAIA,F
NAHUM,X
NAHISSA,F
NAGILA,F
THAMISE,F
THATIARA,F
NAELTON,M
NAELSON,M
NAEDSON,M
THATYANNE,F
THAYANA,F
THAYANE,F
NADINNI,X
THANAN,M
NAILZA,F
THAYANNE,F
NAJOMARY,X
NALZIRA,F
THAIZE,F
NALIANA,F
THALIANE,F
THALIANY,X
NALCIONI,X
THALINE,F
NALBA,F
NAJLO,M
NAIMAR,M
THALLYS,X
NAJLA,F
THALLYTA,F
NAIZA,F
NAISE,F
NAIRIANE,F
THAME,X
THAMER,M
NADINEL,M
NADIM,M
MORVANY,X
THEOFILO,M
THELY,F
MUTSUO,M
MURILIO,M
MURIEL,M
MURAD,X
MUNYA,F
THEMES,M
THEOFFILLO,M
THEOGENES,M
MYCHEEL,M
THEOZYANNE,F
THEURY,X
MOZANI,F
MOZANDI,X
THIALA,F
MOSAR,M
MOSA,F
MORVILLE,F
MYANNA,F
MYCHELL,M
NADILSON,M
NACELIO,M
NADIJA,F
NADIANNA,F
NADHY,X
NADER,M
NADEDJA,F
NAD,X
NACTA,F
NACNO,M
NACELE,F
MYCHELLY,F
NABOR,M
NAARA,F
MYRTIANY,X
MYRTES,M
THAYRON,M
MYRNA,F
THAYSSA,F
THAZIA,F
NEOCLACIRA,F
NEOLMAR,M
NEOMILCE,F
TAITA,F
SISSY,F
SISTANE,F
SIUMAR,M
SIVANDA,F
NUBELIA,F
NOUJAIN,X
SIVIRINO,M
NOUDENIR,M
NOSVALDO,M
SIXTO,M
NORMELENA,F
NORMANIA,F
NORMANDO,M
SOEL,M
NORMACI,X
SOELAINE,F
NORIVALDO,M
SOENI,F
NORISVALDO,M
SISSA,F
SISNEY,M
NUCIA,F
NYEBERTH,X
OCEANIRA,F
OBEDE,F
OBADIAS,M
OALAS,M
OADIR,M
NYLANE,F
NYEGIRTON,M
SIONE,F
SIRLANDE,F
SISNANDO,M
NYDIA,F
SIRLE,X
NYCOLAS,M
NURIA,F
NUNCIA,F
NUDECI,X
NUCINEI,M
SIRNEY,M
NORDEVAL,M
SOLANEA,F
SOLANO,M
STEFFANI,F
STEFANI,F
NOEDSON,M
STEFANIA,F
NOBUHIRO,M
NOBIO,M
NOADIA,F
NIZIA,F
NIZELENA,F
NIVANIA,F
STARLINO,M
STELAMARES,M
STELIO,M
STEPHAN,M
STEPHANE,F
NIVALCY,X
NIVACILDA,F
STEPHANNIE,F
NIVA,F
NOEIDE,F
SOUZERLI,F
NONATO,M
NOELY,F
SOLEDADE,F
SOLI,F
SOLIDONIO,M
NOILTON,M
SOLIENE,F
NOILA,F
SOLIVAM,X
SOLYANE,F
NOELMO,M
SOSTHENES,M
NOELMA,F
SONAIRA,F
SONALE,X
SONALLY,F
SONI,X
SONILDA,F
SONNIA,F
SORELIA,F
OCELIO,M
SINTIQUE,M
OCIAN,M
ODORICO,M
OG,X
SILVANIDE,F
SILVANY,X
SILVER,M
OFELIA,F
OELMA,F
OEBER,M
SILVERIA,F
ODONIAS,M
OIBE,X
SILVETE,F
ODON,M
SILVIANA,F
ODOELSON,M
ODMAR,M
ODIVAN,M
ODIVAL,M
ODITE,F
OIACY,X
OIDE,F
ODINEY,M
OLCINEA,F
OLENILDO,M
OLENDINA,F
SILONI,X
OLDICLEA,F
OLDENIR,M
SILSA,F
SILTON,M
SILVAIR,M
SILVAM,X
SILVANETTE,F
OLAVIO,M
OLANILSO,M
OLAIR,M
OLAINE,F
SILVANEIDE,F
OLAIDES,M
OITY,X
OILTON,M
ODIOR,M
ODINELI,F
OCILEA,F
ODALEA,F
ODELINA,F
ODEIZE,F
ODECI,X
ODEANE,F
ODALIO,M
ODALICE,F
ODALEIA,F
ODALECIO,M
SINDOVAL,M
SINAIDE,F
ODAILSON,M
ODACYR,M
OCTACIANO,M
OCLAIR,M
OCIVALDO,M
OCINEIDE,F
OCINEA,F
SINFRONIO,M
ODEMIR,M
ODENAR,M
SILVIANE,F
ODILCEIA,F
ODINEIA,F
ODINEA,F
ODINAEL,M
ODIMIR,M
ODIMILSON,M
ODILTON,M
ODILIO,M
ODILEY,M
ODILARDO,M
ODENILCE,F
SIMEAO,M
SIMON,M
ODETTE,F
SIMONEY,M
ODERLENE,F
ODERIO,M
ODEQUES,M
ODENIR,M
NIURA,F
NITHIANANDA,F
NISIO,M
NEWARNEY,M
SYBELLE,F
NEYTON,M
NEYLANNE,F
SYGLIA,F
SYLVAIN,X
SYLVANA,F
SYNARA,F
NEWMA,F
NEVES,M
SUZIRENE,F
NEVERSON,M
NEVENTON,M
NEVANDIR,M
NEUZIMEIRE,F
NEUZIMAR,M
NEUZILENE,F
NEUZILDA,F
NEUZI,X
SWELLEN,F
SUZINARA,F
TABATTA,F
SUZELY,F
SUZELENA,F
NICODEMOS,M
NICIVALDA,F
NICIR,M
NICIA,F
SUZELEY,M
NICELLI,F
NICEA,F
SUZEMARA,F
NEYVAN,M
NICANDRO,M
NICACIO,M
SUZIARIA,F
SUZIE,F
NIARCOS,M
NEZILOUR,M
NEZIA,F
NEYZE,X
NEUZETE,F
NEUVANIA,F
SUZELAYNE,F
TAINAH,F
TAIANY,X
NERIVAN,M
NERITO,M
NERINO,M
NERIA,F
NERGITON,M
TAILANE,F
TAIME,X
TAINARA,F
NERUCIA,F
NEREIDE,F
NEREIDA,F
NEREDINALDO,M
NERCINA,F
NERCILIA,F
NERCI,X
TAIONARA,F
NEON,M
NERTAN,M
NERVAL,M
TABIRA,F
TAGIANE,F
NEUSANI,F
NEUSAMAR,M
TACILDO,M
NEURIVANY,X
NEURIVALDO,M
TACITO,M
NEURIDE,F
NEUMORA,F
TAHIANA,F
NERVAN,M
TAHIS,X
NEUDSON,M
TAHYARA,F
NESIO,M
NESILDO,M
NESI,X
NERYLSON,M
TAIANE,F
NICOLA,F
SUZANY,X
STEPHANY,X
NILVAN,M
NILZO,M
NILZILENE,F
NILZENE,F
SUELIR,M
SUELLEM,X
NILVANIA,F
SUELMA,F
NILVANDO,M
SUENE,F
NIMIO,M
SUENNE,F
NILTOMAR,M
NILTO,M
NILTA,F
SUIZE,F
SULA,F
SULAMITA,F
NILSENEA,F
SUELINE,F
NINO,M
NILSEA,F
STHERFANY,X
NISIAEL,M
NISE,F
STEPHEN,F
NISA,F
NIRVANI,F
NIRLENE,F
NIRIA,F
NIREIDE,F
NIRALDO,M
SUEDA,F
STIFANY,X
SUANNE,F
NIRACY,X
NIRA,F
NIOMAR,M
SUANY,X
NIOBE,X
SUE,F
NILSEIA,F
NILSA,F
SUZANNY,X
NIEGE,X
NIETE,F
SUYANE,F
NIEPCE,F
SUYARE,X
NIELZA,F
NIELSON,M
NIELSEN,F
SUYEN,F
NIDOVAL,M
NIKEILA,F
SUZANGELA,F
NIDERLON,M
NICOLY,F
NICOLLY,F
SUZANI,F
SUZANNA,F
NICOLLAS,M
NICOLI,F
NIGIAN,M
SUSIMARI,X
SULEIMA,F
SURAMA,F
SUMAIA,F
NILMARA,F
SUMAMI,X
NILDIA,F
NILDETE,F
SURA,F
SURAIA,F
NILDARIO,M
NILCINEIA,F
NIKOLETA,F
NILCENILDE,F
NILCELENE,F
SUREYA,F
SURIPONGSE,F
SUSANI,F
SUSETE,F
SUSIANY,X
SUSIELE,F
THAYNAH,F
AARAO,M
LENIN,X
DEMIAN,M
DEMETRIO,M
DEMETHRIUS,M
DEMESIO,M
DEMERSON,M
DELZUITO,M
DELZIONE,F
DELY,F
DELVANIA,F
DELVAN,M
DELSUITA,F
DELSUC,X
DELOURDES,M
DELNIR,M
DELNICE,F
DELMIR,M
DELMERINDA,F
DELMER,M
DELMACIO,M
DELLANO,M
DELIZETE,F
DELIVALDA,F
DELIO,M
DELIE,F
DELICE,F
DELIANY,X
DELIANA,F
DELIA,F
DEMETRIUS,M
DEMOCRITO,M
DASY,F
DEMONTIE,F
DEOPHANES,M
DEONIZIO,M
DEONISIO,M
DEONICE,F
DEOMICIO,M
DEOLINDA,F
DEODORO,M
DEOCLIDES,M
DEOCLESIO,M
DEO,M
DENYSE,F
DENYA,F
DENNIA,F
DENIZART,X
DENIZARD,X
DENIVAL,M
DENISIO,M
DENISA,F
DENILVA,F
DENILSE,F
DENILDE,F
DENILCY,X
DENILCEA,F
DENIEUSA,F
DENICE,F
DENANCY,X
DEMOSTENES,M
DELFINO,M
DELECIR,M
DELCY,X
DELCIRENE,F
DEIDVID,X
DEDSON,M
DECIVALDO,M
DEBRANDINO,M
DEBRAIR,M
DEARTHAGAN,M
DEA,F
DAYZE,X
DAYNE,F
DAYDE,F
DAYB,X
DAYANY,X
DAYANIS,X
DAYANI,F
DAWSON,M
DAVYD,X
DAVIS,X
DAVINO,M
DAVILSON,M
DAVILA,F
DAVIANE,F
DAUTO,M
DAURY,X
DAURIMAR,M
DAUREMA,F
DAUGLIS,X
DAUANA,F
DEILI,F
DEILSO,M
DEINE,F
DELACIR,M
DELCINEIA,F
DELCINA,F
DELCIN,X
DELCIENE,F
DELCI,X
DELBA,F
DELAYLA,F
DELANA,F
DELAMARK,X
DELAIR,M
DELAINE,F
DELAIDE,F
DEJENANA,F
DEIS,X
DEJANEIA,F
DEJAMIR,M
DEJALCYR,M
DEJAIR,M
DEJAIME,X
DEIZE,F
DEIZARY,X
DEIZA,F
DEIVIS,X
DEIVIDI,X
DEIVE,X
DEISI,X
DEORGELES,M
DEOSDALIA,F
DEOSVALDO,M
DIL,M
DINILSON,M
DINEZIO,M
DINELISE,F
DINELI,F
DINEIA,F
DINAMIR,M
DINAMAR,M
DINALIA,F
DINAIR,M
DIMONA,F
DIMITRIUS,M
DIMITRI,X
DIMITRE,X
DILZE,X
DILVIMAR,M
DILSELITA,F
DILOIR,M
DILICIANA,F
DILEUZA,F
DILERMANDO,M
DILENISI,X
DILCINEIA,F
DILCIMAR,M
DILCELIA,F
DILCEA,F
DILCE,F
DILAINE,F
DINO,M
DINOMAR,M
DIOCINIR,M
DIONY,X
DIRCIONEI,M
DIRCILENE,F
DIRCELIA,F
DIOVANNI,X
DIOVANNA,F
DIOVANIO,M
DIOVANI,F
DIOVANER,M
DIORNES,M
DIORLE,X
DIORGES,M
DIORGENES,M
DIONIZIA,F
DIOJANE,F
DIONIS,X
DIONIR,M
DIONEZIO,M
DIONES,M
DIONEL,M
DIONEIRE,F
DIONEE,X
DIONATHAN,M
DIONATAN,M
DIOMERIO,M
DIOMAR,M
DIOLINDA,F
DILACIR,M
DIJESUS,M
DERCILIO,M
DIJAN,M
DEUZELI,F
DEUZANIRA,F
DEUZAMAR,M
DEUSZUITA,F
DEUSVAL,M
DEUSELINE,F
DEUSELINA,F
DEUSEDIR,M
DEUSDETINA,F
DEUSDETES,M
DEUSDEDIT,X
DEURIVAN,M
DEUEL,M
DESYREE,X
DESSIRRE,X
DESONILTON,M
DESIREE,X
DESIO,M
DEROCI,X
DERLY,F
DERLEIDA,F
DERIVALDO,M
DERIVAL,M
DERISVALDO,M
DERISCLEIA,F
DERIO,M
DERIANE,F
DEUZENICE,F
DEUZIMAR,M
DEUZUITA,F
DHION,M
DIHEGO,M
DIESSON,M
DIEMESLENO,M
DIELSON,M
DIELLY,F
DIELLEN,F
DIEISON,M
DIDIMA,F
DIARRILA,F
DIANNE,F
DI,X
DHONES,M
DHIOGO,M
DEVAIR,M
DHIEGO,M
DHIANCARLOS,M
DHEYMERSONN,X
DHENIS,X
DHARIS,X
DHANYANE,F
DEYVE,X
DEWILSON,M
DEVYLSON,M
DEVSON,M
DEVANY,X
DEVANIL,M
DATIVO,M
DARY,X
CLAUDILEDE,F
CLEYDSON,M
CLEYDEMARA,F
CLEYDE,F
CLEVES,M
CLEUZILAINE,F
CLEUZENI,F
CLEUSONI,X
CLEUMIR,M
CLEUDON,M
CLEUDISON,M
CLEUDIR,M
CLEUDIMAR,M
CLEUDIANE,F
CLEUDENIR,M
CLEUCIO,M
CLEUBER,M
CLETHO,M
CLESO,M
CLESIVANIA,F
CLERTON,M
CLERIVALDO,M
CLERISTON,M
CLERIS,X
CLERES,M
CLEOPATRA,F
CLEONISIA,F
CLEONIR,M
CLEONILTON,M
CLEYDIANNE,F
CLEYSSON,M
DARWIN,X
CLEZIA,F
CORNELIA,F
CORDELIA,F
CORBINIANO,M
CORACY,X
CONSOELIO,M
CONCUELO,M
COMARCI,X
COLBERT,M
CLYVONEIDE,F
CLYTON,M
CLOVIA,F
CLOSATO,M
CLORIS,X
CLOIR,M
CLODOVIL,M
CLODOVEU,M
CLODOMIRO,M
CLODOMAR,M
CLODIMAR,M
CLISTENES,M
CLISANGELA,F
CLINGER,M
CLIMENES,M
CLIJOMAR,M
CLIDOVAL,M
CLIDIOMAR,M
CLIDENOR,M
CLEONILSON,M
CLEONILDE,F
CLEONIA,F
CLEONERUBENS,M
CLEDIVALDO,M
CLEDI,X
CLEDENIR,M
CLEDENILSON,M
CLEDENICE,F
CLECIMA,F
CLECIA,F
CLEBIA,F
CLAYSE,F
CLAYRTON,M
CLAYRE,X
CLAUZIO,M
CLAUZEMIR,M
CLAUMIR,M
CLAUMER,M
CLAUDYANNE,F
CLAUDOVIL,M
CLAUDOMIRO,M
CLAUDOMI,X
CLAUDOBERTO,M
CLAUDIVAN,M
CLAUDIUS,M
CLAUDIONILSO,M
CLAUDIONEI,M
CLAUDIOMIR,M
CLAUDINEIA,F
CLAUDINE,F
CLEIBE,X
CLEICIA,F
CLEIDER,M
CLEMIR,M
CLEONEIDE,F
CLEON,M
CLEOMIR,M
CLEOGENES,M
CLEOFAS,M
CLEOCY,X
CLENISE,F
CLENILSON,M
CLENICE,F
CLENIA,F
CLENI,F
CLENDA,F
CLEMILTON,M
CLEIDESELMA,F
CLEMILDA,F
CLEMENTINA,F
CLEMENS,M
CLEMENCEAU,M
CLEMAR,M
CLELIO,M
CLEISI,X
CLEIRISTON,M
CLEIR,M
CLEILTON,M
CLEIDIU,X
CLEIDIJANE,F
CORNELIO,M
COSIMO,M
COSMEA,F
DALVANIR,M
DANIVIO,M
DANIVAL,M
DANILZA,F
DANILTON,M
DANILA,F
DANIELY,F
DANIELTON,M
DANIELO,M
DANIEGE,X
DANICHI,X
DANI,F
DANEI,M
DANDARA,F
DANAE,X
DAN,M
DAMYAN,M
DAMON,M
DAMASIO,M
DAMASIEL,M
DAMARES,M
DALZA,F
DALYLA,F
DALYANNE,F
DALVIR,M
DALVINO,M
DALVINA,F
DALVETE,F
DANNIA,F
DANNIEL,M
DANNIELLE,F
DARCLEY,M
DARTESON,M
DARLISE,F
DARLEI,M
DARLA,F
DARKYANA,F
DARKSON,M
DARISMAR,M
DARINKA,F
DARILTON,M
DARILHO,M
DARIALVA,F
DARDIELLE,F
DARCIO,M
DANNILO,M
DARCILESIO,M
DARCILEIA,F
DARCIEL,M
DANYLO,M
DANYELLA,F
DANYEL,M
DANUZA,F
DANUSIA,F
DANUBIA,F
DANTON,M
DANNYSON,M
DANNY,X
DALVANISA,F
DALVANETE,F
CREILDES,M
DALVACIR,M
CYBELLE,F
CRYSLAINE,F
CRISVALTER,M
CRISTOFFER,M
CRISTINIANA,F
CRISTIANNO,M
CRISTHYANE,F
CRISTHOPHE,X
CRISTHIAN,M
CRISONEIA,F
CRISOLEIDE,F
CRISLENE,F
CRISLEI,M
CRISLAINE,F
CRISIANE,F
CRISCIAN,M
CRISANTO,M
CRIS,X
CRHISTINNE,F
CREUMIR,M
CREUDES,M
CREPSON,M
CREOVELUCIA,F
CREOSVALDO,M
CREONI,X
CREMIR,M
CREISE,F
CYEL,M
CYL,M
CYNARA,F
DAIRO,M
DALTRO,M
DALTI,X
DALMIRO,M
DALMIR,M
DALLYANA,F
DALLILA,F
DALINE,F
DALINA,F
DALIA,F
DALGLISH,X
DALGISA,F
DAIVISON,M
DAILSON,M
CYNERAYLLY,F
DAILANE,F
DAIENNE,F
DAIENE,F
DAIELI,F
DAIANNI,X
DAGOMAR,M
DAELSON,M
DADSON,M
DACY,X
DACIANE,F
D,X
CYRILLA,F
DIRCLE,X
DIRIS,X
DIRLEI,M
ELISANIR,M
ELISANDRO,M
ELISANA,F
ELISAMAR,M
ELISABET,X
ELIONILSON,M
ELIONILDO,M
ELIONEIDE,F
ELIONE,F
ELIOENAI,X
ELIODORIA,F
ELINILCIA,F
ELINELSON,M
ELINDALVA,F
ELIMARIO,M
ELILDA,F
ELIFAZ,M
ELIFAS,M
ELIEZIR,M
ELIEZILDA,F
ELIETH,F
ELIETA,F
ELIENILDO,M
ELIENAY,X
ELIELZA,F
ELIELMA,F
ELIELDO,M
ELIEIDE,F
ELISANIA,F
ELISCLEIA,F
DIRLEIDE,F
ELISELMA,F
ELMIR,M
ELMER,M
ELLENCRISTINA,F
ELLAINE,F
ELKYER,M
ELIZITARIO,M
ELIZIO,M
ELIZIANI,F
ELIZIANE,F
ELIZE,F
ELIZANDRA,F
ELIZAMARA,F
ELIZAMA,F
ELIZALDO,M
ELIZABET,X
ELIVANA,F
ELIVAN,M
ELITON,M
ELISSANDRO,M
ELISSANDRA,F
ELISSA,F
ELISRAEL,M
ELISON,M
ELISMEIA,F
ELISIANA,F
ELISIA,F
ELISEO,M
ELIEDA,F
ELIDIO,M
ELIDIANE,F
ELICIMAR,M
ELEANDRO,M
ELEANDRA,F
ELEANARA,F
ELEANA,F
ELEALZA,F
ELDONOR,M
ELDIS,X
ELDIR,M
ELDIO,M
ELDANIR,M
ELCY,X
ELCK,X
ELCIOMAR,M
ELCINEIA,F
ELCIAS,M
ELCI,X
ELCA,F
ELANO,M
ELANIR,M
ELANIO,M
ELANI,F
ELANA,F
ELAIDE,F
ELAICE,F
ELADIR,M
ELADARIO,M
EIMAIR,M
ELECI,X
ELEHU,X
ELEILSON,M
ELESBAO,M
ELIBENE,F
ELIARA,F
ELIANTONIA,F
ELIANNE,F
ELIANGELA,F
ELIANDRO,M
ELIAKIM,M
ELIABE,X
ELGINA,F
ELEUSA,F
ELETICE,F
ELETA,F
ELER,M
ELENAIDE,F
ELEOTERIA,F
ELEONI,X
ELEONEIDE,F
ELEOMARIA,F
ELENY,X
ELENIZE,F
ELENISSE,F
ELENIS,X
ELENILTO,M
ELENILSON,M
ELENILDO,M
ELENILDES,M
ELMIRIA,F
ELMIRO,M
ELNO,M
ENEAS,M
ERASIVAN,M
ERANDI,X
EPSON,M
EPONINA,F
ENVER,M
ENOKI,X
ENOILCE,F
ENODITO,M
ENNIO,M
ENNE,F
ENNALI,F
ENIVALDO,M
ENISEA,F
ENILDE,F
ENIL,M
ENIELSON,M
ENIEDSON,M
ENGRACIA,F
ENGEL,M
ENES,M
ENELIO,M
ENEILTON,M
ENEIDINA,F
ENEIDES,M
ENEIDE,F
ENEIAS,M
ENEDYLSON,M
ERBSON,M
ERCILIO,M
ERCIO,M
ERIDAN,M
ERIVANDO,M
ERIVAL,M
ERITO,M
ERISVAN,M
ERISTON,M
ERISNALVA,F
ERINILDO,M
ERINEIA,F
ERINALDO,M
ERIMAR,M
ERILTO,M
ERILANE,F
ERIDA,F
EREDILSON,M
ERICSSON,M
ERICSON,M
ERICLIS,X
ERICLER,M
ERICKA,F
ERICHARDSON,M
ERIALDO,M
ERENITA,F
ERENILDA,F
ERENI,F
ERENALDO,M
EREMITA,F
ENEDINA,F
ENDYRA,F
ELOILZA,F
ENDERSON,M
ELZITO,M
ELZIARIA,F
ELZENIR,M
ELZENI,F
ELZEMARY,X
ELZELI,F
ELZE,X
ELZANORA,F
ELZAHRA,F
ELYUDIENNE,F
ELYSON,M
ELYSABETH,F
ELYROUSE,F
ELYN,F
ELVYS,X
ELVIA,F
ELVERTON,M
ELUIZA,F
ELTTON,M
ELSIO,M
ELSIE,F
ELSI,X
ELOYDES,M
ELOYANE,F
ELON,M
ELOISIA,F
ELOIO,M
EMANNUEL,M
EMANOELE,F
EMANUELA,F
EMIVALDO,M
ENARA,F
ENALDO,M
ENALDA,F
ENAIDE,F
ENADY,X
ENA,F
EMNIELLE,F
EMMERSON,M
EMMELY,F
EMMANUELA,F
EMMANOEL,M
EMMA,F
EMIRTON,M
EMANUELLY,F
EMIR,M
EMILLIANO,M
EMILITINO,M
EMILIANO,M
EMILIANE,F
EMIDIAN,M
EMIDIA,F
EMES,M
EMERITA,F
EMELY,F
EMELINE,F
EMELIE,F
EIDER,M
EGUINALDO,M
EGUINALDE,F
DOUGLLAS,M
EBBER,M
DYRNEY,M
DYRCEU,M
DYRCE,F
DYONES,M
DYOGO,M
DYLENY,X
DYLAN,M
DYENNE,F
DYEGO,M
DUVAL,M
DUNCKER,M
DUNCAN,M
DULIO,M
DULCIRENE,F
DULCINE,F
DULCIMARA,F
DULCILENE,F
DULCILEA,F
DULCIDIO,M
DULCICLEIA,F
DULCECLEIA,F
DUCILENE,F
DRIELSON,M
DRAURIO,M
DOWIGES,M
DOVERCINO,M
EBENEZER,M
EBERSON,M
EBERTE,X
EDECI,X
EDENI,F
EDENETTE,F
EDEMIR,M
EDEM,X
EDELVINO,M
EDELEUZA,F
EDELCYR,M
EDELBERTO,M
EDELA,F
EDEILDO,M
EDEILDE,F
EDEGAR,M
EDE,F
EBERVAL,M
EDDER,M
EDCLECIA,F
EDCARLOS,M
EDAHIL,M
EDA,F
ECLESINA,F
ECIVALDO,M
ECIONE,F
ECILDO,M
ECILA,F
EBNEZER,M
EBIO,M
DOURIVALDO,M
DOUGIVAL,M
EDENILDA,F
DORVI,X
DOMECILIA,F
DOMARIO,M
DOLORES,M
DOCENI,F
DOALDO,M
DOACIR,M
DMITRY,X
DJONES,M
DJILSON,M
DJARI,X
DJANIR,M
DJALMIR,M
DJACY,X
DJACI,X
DIVANIR,M
DIVANILDO,M
DIVANETE,F
DIVAM,X
DIVALUCIA,F
DIVAL,M
DIUNES,M
DIULIE,F
DIULA,F
DISNEY,M
DISNEI,M
DIRTY,X
DIRLEY,M
DOMICINHA,F
DOMINICO,M
DOMINIQUE,M
DORIAN,M
DORVENCINA,F
DORVALINA,F
DORVAL,M
DORVACI,X
DOROTEA,F
DORIVALDO,M
DORISVAN,M
DORINETHE,F
DORILO,M
DORILA,F
DORIGEYSE,F
DORIEDSON,M
DORIAM,X
DONA,F
DORCINA,F
DORALINA,F
DORAISY,F
DORACIR,M
DONIZETTI,M
DONIVAL,M
DONIL,M
DONATO,M
DONATELLA,F
DONATA,F
DONALDO,M
DONALD,X
EDENIA,F
EDENILDE,F
EGUIMAR,M
EDJERSON,M
EDNON,M
EDNILDO,M
EDNILDA,F
EDNILCE,F
EDNEUSA,F
EDNELIA,F
EDNEIDE,F
EDNEI,M
EDNAR,M
EDNALDA,F
EDNAENE,F
EDNADIR,M
EDMO,M
EDMILSAN,M
EDMIDOUGLAS,M
EDMERY,X
EDMERCIA,F
EDMEIRE,F
EDMEIA,F
EDMEE,X
EDME,X
EDMARCIO,M
EDLON,M
EDLEUZA,F
EDLEUSA,F
EDLEILA,F
EDLAMAR,M
EDON,M
EDRAS,M
EDRIENE,F
EDZANA,F
EGON,M
EGMAR,M
EGLER,M
EGLAIR,M
EGIVAN,M
EGIVALDO,M
EGILTON,M
EGILDA,F
EGAIR,M
EFREM,X
EFRAIM,M
EFIGENIO,M
EDYR,M
EDSAMY,X
EDYENE,F
EDWARD,X
EDVON,M
EDVARDO,M
EDVARDES,M
EDVANDIR,M
EDVALDA,F
EDVA,F
EDUIDEN,F
EDUI,X
EDUALEIDE,F
EDU,X
EDLAINE,F
EDJANDIR,M
EDENILTON,M
EDJAMES,M
EDIMARCIO,M
EDILSA,F
EDILIA,F
EDILEUCE,F
EDILEIDE,F
EDILANI,F
EDILANE,F
EDIL,M
EDIJA,F
EDIGAR,M
EDICLEUBER,M
EDICLEIA,F
EDICACIO,M
EDIANO,M
EDIANE,F
EDIANA,F
EDIALA,F
EDGARDO,M
EDFRANKLIN,X
EDEVALDO,M
EDEVALDA,F
EDEVAL,M
EDEUVALDO,M
EDES,M
EDERVAL,M
EDERNEY,M
EDERILSON,M
EDIMARIO,M
EDIMIR,M
EDIMO,M
EDIRSON,M
EDJALMA,F
EDIZOGO,M
EDIZIO,M
EDIWALDO,M
EDIVANIO,M
EDIVANILSON,M
EDIVANDO,M
EDIVANA,F
EDIVA,F
EDISOM,X
EDISMAR,M
EDIS,X
EDIRIA,F
EDIMON,M
EDIRENI,F
EDIONE,F
EDIOCLECIO,M
EDINOR,M
EDINIZIO,M
EDINEZ,X
EDINETE,F
EDINEA,F
EDINARDO,M
EDINAMAR,M
EDINAM,X
EDINAEL,M
CLAUDIMAR,M
CLAUDILEA,F
LENILDE,F
ALTANIRA,F
ALTAMIRANDO,M
ALSON,M
ALRELINO,M
ALOYSIA,F
ALONCO,M
ALOMA,F
ALMANY,X
ALLYSSON,M
ALLYNNE,F
ALLYNE,F
ALLIVIA,F
ALLINY,X
ALLEXANDRE,M
ALLEX,M
ALLANI,F
ALLANA,F
ALKIMAR,M
ALISSANDRA,F
ALIOSMAR,M
ALIONKA,F
ALINY,X
ALINNY,X
ALINNE,F
ALINDO,M
ALINDAI,X
ALIETE,F
ALIENE,F
ALTANIR,M
ALTEMIR,M
ALDAIRES,M
ALTENIZA,F
AMARITO,M
AMARILTON,M
AMARILIO,M
AMARANDO,M
AMARAL,M
AMARA,F
AMADOR,M
AMABLE,X
AMABIA,F
ALZINETA,F
ALZILEIDE,F
ALZEMIR,M
ALZEMAR,M
ALYNNI,X
ALVIR,M
ALVINA,F
ALVIM,M
ALVIDOMAR,M
ALVERINO,M
ALVARINO,M
ALUF,X
ALUECI,X
ALTIVO,M
ALTINEA,F
ALTINA,F
ALTEVIR,M
ALTEREDO,M
ALIANDRA,F
ALHAN,M
ALGEU,M
ALGEMIRO,M
ALDY,X
ALDOVARGAS,M
ALDIZIO,M
ALDIVA,F
ALDISON,M
ALDIMAR,M
ALDILENE,F
ALDICLEYA,F
ALDICEIA,F
ALDI,X
ALDEZIR,M
ALDERISIO,M
ALDERICO,M
ALDER,M
ALDENO,M
ALDENIZIO,M
ALDENIERE,X
ALDEN,F
ALDEMY,X
ALDEMO,M
ALDEMIRO,M
ALDEMIRA,F
ALDEMI,X
ALDEMARIO,M
ALDEMARINO,M
ALDELY,F
ALDEIRTON,M
ALECIA,F
ALECIO,M
ALECSONIA,F
ALESANDRA,F
ALGACYR,M
ALFREDINA,F
ALFIERI,X
ALEYNE,F
ALEXSANDRE,M
ALEXIS,X
ALEXANDRINO,M
ALEXANDRINA,F
ALETICIA,F
ALETHEA,F
ALETEIA,F
ALESSIO,M
ALEQUEXANDRE,M
ALEFE,X
ALEONES,M
ALENILDE,F
ALENICE,F
ALENE,F
ALENCAR,M
ALEMAX,M
ALEMAR,M
ALELITO,M
ALEKSANDRA,F
ALEKSANDR,M
ALEKSANDER,M
ALEIDA,F
AMARIUDO,M
AMASILI,F
AMAZILIS,X
ANDRIARA,F
ANICETO,M
ANICE,F
ANIBAS,M
ANIA,F
ANI,F
ANGIOMAR,M
ANGILENE,F
ANGELITTA,F
ANGELINE,F
ANGELIA,F
ANEXANDRA,F
ANESTOR,M
ANESIO,M
ANESIA,F
ANERCILIA,F
ANEMIAS,M
ANEMARIE,F
ANELIZE,F
ANELITA,F
ANELIA,F
ANEKECIA,F
ANEIDE,F
ANE,F
ANDUME,X
ANDRYELLE,F
ANDRIZA,F
ANDRIO,M
ANIDA,F
ANIDAY,X
ANIDETE,F
ANNANDA,F
ANTOGILDO,M
ANTINO,M
ANORIVALDA,F
ANOEL,M
ANNYA,F
ANNOVA,F
ANNIBAL,M
ANNETTE,F
ANNETE,F
ANNELYSE,F
ANNELIZA,F
ANNELISE,F
ANNALZIRA,F
ANIE,F
ANNALINA,F
ANIZIA,F
ANIUSKA,F
ANISSE,F
ANIS,X
ANILDA,F
ANIETIELE,F
ANIELY,F
ANIELLI,F
ANIELLE,F
ANIELI,F
ANIEL,M
ANDRIELLY,F
ANDREYA,F
AMAZONEIDE,F
ANDRES,M
ANAILTON,M
ANAHY,X
ANAGILDO,M
ANAELSON,M
ANAEL,M
ANADIR,M
ANADESIA,F
ANACLEYDE,F
ANACILIA,F
ANABELLE,F
ANABELA,F
AMSTERDA,F
AMOS,M
AMITA,F
AMISTERDAN,M
AMIRCE,F
AMINI,X
AMILSON,M
AMILSE,F
AMILCAR,M
AMILAR,M
AMENIL,M
AMENE,F
AMENA,F
AMELIO,M
AMAZONITA,F
AMAZONINO,M
ANAIRAN,M
ANAISA,F
ANAIZA,F
ANCELITA,F
ANDRERIKA,F
ANDRELINO,M
ANDREISA,F
ANDREIMAR,M
ANDREAS,M
ANDOUGLAS,M
ANDINA,F
ANDETE,F
ANDERLEIA,F
ANDERLANE,F
ANCILLA,F
ANCELMO,M
ANAZILDA,F
ANALI,F
ANAVITA,F
ANAURELINO,M
ANATALIEL,M
ANATALIA,F
ANASTAZIO,M
ANARIO,M
ANARA,F
ANAMELIA,F
ANAMARI,X
ANALU,X
ANALIDICE,F
ANALICIA,F
ALDAROSA,F
ALDAGIZA,F
CLAUDILANE,F
ADENORA,F
ADENOEL,M
ADENIZIO,M
ADENISIO,M
ADENILZA,F
ADENILSE,F
ADENILDA,F
ADENICE,F
ADENIA,F
ADENAUER,M
ADENALDO,M
ADENAIR,M
ADEMILDE,F
ADEMILDA,F
ADEMACI,X
ADELZITA,F
ADELNIDO,M
ADELMIR,M
ADELMAR,M
ADELLE,F
ADELIZE,F
ADELIR,M
ADELICE,F
ADELE,F
ADELCINA,F
ADEJI,X
ADEJAINA,F
ADEJACIR,M
ADENOR,M
ADERITO,M
ALDAFRANKLE,X
ADERLANGE,X
ADJARDO,M
ADJANIRA,F
ADJAIR,M
ADJA,F
ADIVAR,M
ADIVAN,M
ADIVALDO,M
ADISALAO,M
ADIRSON,M
ADINEY,M
ADINARA,F
ADINALDO,M
ADILOUR,M
ADILMAR,M
ADILEIA,F
ADILEA,F
ADILA,F
ADICINEIA,F
ADIBE,X
ADIB,X
ADI,X
ADEVAL,M
ADESIVAL,M
ADESIO,M
ADERVAL,M
ADERNALDO,M
ADERLI,F
ADEIR,M
ADEILDE,F
ADEILDA,F
ADECY,X
ACCACIO,M
ABYMAEL,M
ABSOLOM,X
ABRILINO,M
ABRAO,M
ABNILSON,M
ABINAIR,M
ABIMAELSON,M
ABIGUINEIDE,F
ABIEZER,M
ABIDALASES,M
ABIAS,M
ABIAH,F
ABERNON,M
ABELIO,M
ABELI,F
ABELARIO,M
ABEILARD,X
ABDORAL,M
ABDI,X
ABDENEGO,M
ABDENAGA,F
ABDELHAK,X
ABAPORANG,X
ABAETE,F
ABADIO,M
ABADIAS,M
ACEMIR,M
ACEU,M
ACEVESMORENO,M
ADALGIZA,F
ADEBALECY,X
ADDISON,M
ADAURI,X
ADAOTINO,M
ADANILSON,M
ADAMILSON,M
ADALY,F
ADALTRO,M
ADALNIO,M
ADALMIR,M
ADALMI,X
ADALIO,M
ADALGISO,M
ACHILLES,M
ADALGISA,F
ADALGIMAR,M
ADALARDO,M
ADAILTOM,X
ADAIAS,M
ADAHILTON,M
ADAFRAM,X
ACRISIO,M
ACONY,X
ACMA,F
ACLES,M
ACILON,M
ADJOVANO,M
ADLA,F
ADLAREG,X
AILMA,F
ALBERES,M
ALBERDON,M
ALBERDAN,M
ALBEMERC,X
ALBANO,M
ALBANIZO,M
ALBANIZE,F
ALBANITA,F
ALBANISA,F
ALBANIA,F
ALAYANE,F
ALANEA,F
ALAINO,M
ALAIM,M
ALAILTON,M
ALAIDO,M
ALAIDES,M
ALAERCIO,M
AKKINEIW,X
AISSA,F
AISE,F
AIRTO,M
AIRSON,M
AIRLIAN,M
AIRAN,M
AINOAM,X
AIMEE,X
ALBERIO,M
ALBERITO,M
ALBERONE,F
ALCILEDIO,M
ALDACIRA,F
ALCIVANDO,M
ALCIVAN,M
ALCITA,F
ALCIONIR,M
ALCIONELIA,F
ALCIO,M
ALCINEU,M
ALCINEA,F
ALCINDELIA,F
ALCINARA,F
ALCILENE,F
ALCIDINO,M
ALBERTA,F
ALCIDENISSO,M
ALCENY,X
ALCENOR,M
ALCENIR,M
ALCENI,F
ALCENEZ,X
ALCENDINO,M
ALCEBINO,M
ALBITERMAN,M
ALBIRATO,M
ALBINEI,M
ALBERTH,X
AIMARA,F
AILDSON,M
ADLER,M
AILA,F
ADVALDO,M
ADVA,F
ADUGAN,M
ADRUALDO,M
ADROVALDO,M
ADROALDO,M
ADRIZE,F
ADRIOR,M
ADRINE,F
ADRIENY,X
ADRIENNI,X
ADRIENNE,F
ADRIENE,F
ADRIELA,F
ADRIANY,X
ADRIANETE,F
ADONIS,X
ADONIRAM,X
ADONEL,M
ADONAY,X
ADOLPHO,M
ADOALDO,M
ADNEY,M
ADNERSIO,M
ADNA,F
ADMILTON,M
ADMA,F
ADY,X
ADYR,M
AECILDO,M
AGNALCY,X
AIDE,F
AIAS,M
AIANE,F
AHIRAM,X
AGUSTINHO,M
AGUSTIN,X
AGUEDA,F
AGRINALDO,M
AGRICOLA,F
AGNUS,M
AGNOR,M
AGNES,M
AGNAL,M
AEDSON,M
AGNAEL,M
AGLAIS,F
AGLAIA,F
AGILSON,M
AGILENO,M
AGENILSO,M
AGELVANDIA,F
AGASSIS,X
AFLANIO,M
AFFONSO,M
AERSON,M
AELTON,M
ANTOINE,F
ANTOINETTE,F
ANTONELMA,F
CARLYLE,X
CARLITA,F
CARLISA,F
CARLIENE,F
CARLIAN,M
CARLEUSA,F
CARLESSANDRO,M
CARLENE,F
CARLACI,X
CARIZA,F
CARISA,F
CARINEIA,F
CANDIDO,M
CAMYLA,F
CAMILLE,F
CAMELIA,F
CALIOPE,M
CALILA,F
CALIANDRA,F
CALERIA,F
CAIUBI,X
CAITANO,M
CAIRO,M
CAETANIO,M
CAETANA,F
CACIO,M
CACEA,F
BRYSA,F
CARLIZON,M
CARMA,F
ANTONGNIONI,X
CARMECI,X
CAULINO,M
CAUBY,X
CATIELMA,F
CATIANE,F
CATHARINA,F
CATERINA,F
CATARINE,F
CASTOR,M
CASSYANO,M
CASSIMIRO,M
CASSIMILA,F
CASSIANE,F
CASEMIRO,M
CARROMBERTH,X
CARROBERTO,M
CARRILHO,M
CAROLINY,X
CAROLINI,X
CARMINHA,F
CARMINE,F
CARMENISIA,F
CARMELUCIA,F
CARMELLA,F
CARMELIO,M
CARMELINDA,F
CARMELA,F
CARMECY,X
BRUNELMO,M
BRUCE,M
BRIZA,F
BRIGIDA,F
BEZALIEL,M
BEVERLY,F
BETYNA,F
BETULIA,F
BETINA,F
BESACI,X
BERTIANE,F
BERTELANIA,F
BERTA,F
BERNYELLE,F
BERNARDET,X
BERNARD,X
BERLIM,M
BENVINO,M
BENVINDO,M
BENONI,X
BENONE,F
BENJAMIN,X
BENIMIRIA,F
BENILDE,F
BENIELIA,F
BENI,F
BENHUR,M
BENERVAL,M
BENEDICTO,M
BENAR,M
BEN,F
BI,X
BIANCCA,F
BIENVENIDO,M
BRASILIA,F
BRIAN,M
BREYTNER,M
BRENNA,F
BRENILSON,M
BREITNER,M
BRAZILINO,M
BRAZIEL,M
BRAYAN,M
BRAULO,M
BRAULITA,F
BRAULE,X
BRASILINO,M
BRASILA,F
BIMARIA,F
BOSCO,M
BORIS,X
BORBA,F
BONIFACIO,M
BONI,X
BONFIM,M
BOMFIM,M
BOAVENTURA,F
BLENDA,F
BLARANIS,X
BLANGE,X
BIVANILDA,F
CAYO,M
CAYZA,F
CECILIANO,M
CIDCREI,M
CISNAIDE,F
CIRTON,M
CIRSO,M
CIRLEI,M
CIRINEU,M
CIRILUCIA,F
CIRIACO,M
CIRENE,F
CIOMARA,F
CINZIA,F
CINTILA,F
CINIRO,M
CINEZIO,M
CINERVAL,M
CINELLI,F
CINCINATO,M
CINARIA,F
CIMONE,F
CILZANE,F
CILEA,F
CILDO,M
CILAS,M
CILAIR,M
CILA,F
CIGLE,X
CIDNEI,M
CIDLEY,M
CIVAL,M
CLACI,X
CLADEILTON,M
CLAUDECI,X
CLAUDICEA,F
CLAUDEVANILCE,F
CLAUDETH,F
CLAUDEONORA,F
CLAUDEONOR,M
CLAUDENOR,M
CLAUDENICIO,M
CLAUDEMIRA,F
CLAUDEMBERQUE,M
CLAUDELINO,M
CLAUDELICE,F
CLAUDECIRA,F
CLAUBERSON,M
CLADEMIR,M
CLASIO,M
CLARIZA,F
CLARIVAL,M
CLARISE,F
CLARINA,F
CLAREDINA,F
CLARCSON,M
CLAITON,M
CLAIRE,F
CLAIDE,F
CLADSON,M
CLADIR,M
CIDIOMAR,M
CIDAILDO,M
CEILANIA,F
CID,M
CHARLITON,M
CHARLEY,M
CHARBEL,M
CHAQUIBE,X
CHANDRE,M
CHABELY,F
CEYCA,F
CESIO,M
CESIA,F
CERGIO,M
CENOBILINA,F
CENIRO,M
CENIR,M
CENILDO,M
CENILDE,F
CELMARIO,M
CELLINE,F
CELIZIA,F
CELIZE,F
CELIVAN,M
CELIVALDO,M
CELISA,F
CELIOMAR,M
CELIELSON,M
CELICE,F
CELESTINO,M
CELERINO,M
CHARLIZE,F
CHARLYS,X
CHARTON,M
CHRISSIE,F
CIBELY,F
CIANA,F
CHUN,X
CHRYSTINA,F
CHRISTYANE,F
CHRISTOVAM,X
CHRISTOPHER,M
CHRISTINNE,F
CHRISTIELEN,F
CHRISTIANY,X
CHRISTIANA,F
CHRISTIA,F
CHRIS,X
CHASMULLER,M
CHOW,X
CHLOE,X
CHIRLI,F
CHIRL,M
CHEVERRY,X
CHESSMAN,M
CHERLA,F
CHERA,F
CHELSTON,M
CHEILA,F
CHEARA,F
CHATEAUBRIAND,X
BELO,M
BELMIRA,F
BELISIO,M
ARIKERLIS,X
ARIWILSON,M
ARIVELTOM,X
ARIVANE,F
ARIVAN,M
ARITON,M
ARISTON,M
ARISTOCLIDES,M
ARISTEVAL,M
ARISTEIA,F
ARISLENE,F
ARIOSTO,M
ARIONIA,F
ARIONI,X
ARIONEZIO,M
ARIONEIDE,F
ARIONE,F
ARIOMAR,M
ARINO,M
ARINILSON,M
ARINEIDE,F
ARINEA,F
ARINALDO,M
ARIMOCELE,F
ARIMAR,M
ARILU,X
ARILTON,M
ARILO,M
ARIZANEIDE,F
ARLANE,F
ARLENA,F
ARNAUD,X
ARSENIO,M
ARQUIMEDES,M
ARONILSON,M
ARON,M
ARNULFO,M
ARNOS,M
ARNON,M
ARNOLDO,M
ARNOBIO,M
ARNO,M
ARNILSON,M
ARNILDO,M
ARMYSTRON,M
ARLEO,M
ARMISTRONG,X
ARMINIO,M
ARMINDIO,M
ARMELI,F
ARLYSE,F
ARLLEY,M
ARLLEN,F
ARLLAN,M
ARLIVAM,X
ARLINETE,F
ARLINDA,F
ARLIETE,F
ARILDA,F
ARIETE,F
ARTEMIS,X
ARIELTON,M
ARAQUEM,X
ARANTES,M
ARAMIS,X
ARACI,X
ARACELLE,F
AQUILLA,F
APURINAN,M
APPIO,M
APOLONIO,M
APOLONIA,F
APOLINARIA,F
APOLIANO,M
APOENA,F
APLEDINEI,M
AOKI,X
ANUSKA,F
ANUAR,M
ANTUNIEL,M
ANTUNES,M
ANTULIO,M
ANTUERPIO,M
ANTONIONI,X
ANTONINO,M
ANTONINHO,M
ANTONINALDO,M
ANTONINA,F
ANTONIELA,F
ARARUA,F
ARARY,X
ARATI,X
ARIALDO,M
ARIELSON,M
ARIELE,F
ARIELA,F
ARICIO,M
ARICESAR,M
ARICENILDA,F
ARICENEIDE,F
ARICELIO,M
ARIANNA,F
ARIANI,F
ARIANA,F
ARIAMIRO,M
ARIADNY,X
ARCELIO,M
ARIADNI,X
ARGEU,M
ARGENTINA,F
ARETTA,F
AREOLINO,M
AREJACY,X
ARDALLA,F
ARCYLEU,M
ARCLEBSON,M
ARCILEI,M
ARCENIO,M
ARCELO,M
ARTEME,X
ARTYENE,F
BELISAIR,M
AURI,X
AYSLAN,M
AYRI,X
AYRANA,F
AYRA,F
AYNARA,F
AYLSON,M
AYDRA,F
AYDIR,M
AYDIL,M
AYANY,X
AYANA,F
AVNER,M
AVILA,F
AVANISE,F
AVANI,F
AVANETE,F
AUSTERLITZ,X
AUSAMIR,M
AURISTELA,F
AURIO,M
AURINETE,F
AURINEA,F
AURINDAX,M
AURIMAR,M
AURILENE,F
AURILEIDE,F
AURIEKSON,M
AYSLLANY,X
AYUB,X
AZEMAR,M
BEATRICE,F
BELIONISIA,F
BELINE,F
BELINDO,M
BELINDA,F
BELIDSON,M
BELCHOR,M
BELARMINO,M
BELARMINA,F
BELADETE,F
BEETHOVEN,F
BEDATI,X
BEATRYZ,X
BATHUEL,M
AZEMIR,M
BASILIO,M
BARTIRA,F
BARTHYRA,F
BARTHIRA,F
BARRY,X
BARBHARA,F
BALTHAZAR,M
BABLISA,F
AZUIL,M
AZIR,M
AZINETE,F
AZENEIDE,F
AURICELIA,F
AURENY,X
ARYANGELA,F
AURENIR,M
ATOS,M
ATONIEL,M
ATILIO,M
ATIBERTO,M
ATHAN,M
ATECIO,M
ATAURY,X
ATANAGILDO,M
ATAMIR,M
ATAIS,F
ATAIDE,F
ATAHUALPA,F
ATACI,X
ASVAGRIO,M
ASTRID,X
ASTREA,F
ASTERIO,M
ASSUERO,M
ASSIZIO,M
ASSIMA,F
ASSILON,M
ASKERY,X
ASIEL,M
ASEVEDO,M
ASDRUBAL,M
ASAS,M
ARYOSWALDO,M
AUCIRAN,M
AUDA,F
AUDALIO,M
AUGIZA,F
AUREMILTO,M
AURELINA,F
AURELIENNE,F
AURELICE,F
AURELIANE,F
AURELIA,F
AURECILIO,M
AUREAN,M
AUREALUZ,X
AURA,F
AUMI,X
AULENILCE,F
AUDREI,M
AUDENIR,M
AUDREA,F
AUDO,M
AUDIVALDE,F
AUDIRLEI,M
AUDIR,M
AUDINETE,F
AUDILEY,M
AUDICEIA,F
AUDIA,F
AUDI,X
AUDES,M
AUDERES,M
ERIVELSON,M
ERIVELTO,M
ERIVELTON,M
JESSIARA,F
JESSEKA,F
JESSA,F
JESONITA,F
JESIMIEL,M
JESIENE,F
JESEM,X
JESAIAS,M
JERZUI,X
JERRI,X
JERONITA,F
JEROME,X
JERMANA,F
JERLAYNNE,F
JERKO,M
JERILLY,F
JERFFERSON,M
JERCIANO,M
JEOVANO,M
JEOVANIO,M
JEOVANI,M
JEOVALDO,M
JEORGE,X
JENY,X
JENS,M
JENNY,X
JENNER,M
JENNEFER,M
JESSEY,M
JESSYCA,F
JANISSE,F
JESSYKA,F
JOA,F
JO,M
JNANA,F
JIVANEIDE,F
JISUALDO,M
JISALINE,F
JIMMY,X
JILVON,M
JILVAN,M
JILTON,M
JILDEMAR,M
JIECENIRA,F
JHOSE,F
JHONATHA,F
JHONATAN,M
JHONATAM,X
JHON,M
JEZIANE,F
JEZER,M
JEYSE,F
JESUSMAR,M
JESULINDO,M
JESUITO,M
JESUITA,F
JESUINO,M
JESUE,M
JESUALDO,M
JENIVAL,M
JENIEL,M
JENICE,F
JENESCA,F
JASIEL,M
JASER,M
JARSON,M
JARLENE,F
JARISMAR,M
JARIO,M
JARINNE,F
JARILTO,M
JARILDO,M
JARIB,X
JARDIENE,F
JARCY,X
JAQUISON,M
JAQUESON,M
JAQUES,M
JAOBERT,M
JANY,X
JANUIR,M
JANSLE,X
JANSICLEK,X
JANNY,X
JANNES,M
JANMILLI,F
JANMILLE,F
JANLOU,X
JANIVAN,M
JANIVALDO,M
JASIVA,F
JASSIELLEN,F
JATANIEL,M
JEDALVA,F
JENERVINO,M
JENER,M
JENE,F
JEMINA,F
JEMILY,F
JEIZA,F
JEISON,M
JEISA,F
JEINNY,X
JEFTE,M
JEDIEL,M
JEDENIR,M
JECONIAS,M
JAYLEI,M
JECILDA,F
JEANNY,X
JEANNINE,F
JEANNETTE,F
JEANI,F
JEANETE,F
JEANEI,M
JEANCARLOS,M
JAYR,M
JAYNEMAR,M
JAYNE,F
JAYLENE,F
JOABI,X
JOACIDES,M
JOACIL,M
JOEIDES,M
JOIVAN,M
JOIRA,F
JOILTON,M
JOILDES,M
JOILDA,F
JOILCE,F
JOICILEIDE,F
JOICELY,F
JOI,X
JOHANSON,M
JOHANNA,F
JOHANESS,X
JOGNES,M
JOGIVALDO,M
JOGELSON,M
JOFRE,X
JOFRANGITTE,X
JOFRAN,M
JOEVAL,M
JOETHE,F
JOETE,F
JOESSI,X
JOERCIO,M
JOEMIO,M
JOELTON,M
JOELINDO,M
JOELIA,F
JOLSIMAR,M
JOLUY,X
JOMALIA,F
JORCELENA,F
JORGENETE,F
JORGEMAR,M
JORGELINO,M
JORGEANY,X
JORGEANE,F
JORDELIA,F
JORDE,F
JORDDANA,F
JORDAO,M
JORDANO,M
JORDANNA,F
JORCELINO,M
JORCELEI,M
JOMARA,F
JORANE,F
JONSTON,M
JONSON,M
JONILDO,M
JONIEL,M
JONIA,F
JONI,X
JONEO,M
JONALVO,M
JONADABLE,X
JONADABE,X
JOMELIA,F
JOELCI,X
JOEDSON,M
JOADELIO,M
JODOCY,X
JOBENILSON,M
JOATAN,M
JOARES,M
JOAREIS,X
JOARA,F
JOAOZINHO,M
JOAOMENILDO,M
JOANNE,F
JOANIR,M
JOANILSON,M
JOANILDO,M
JOANILDE,F
JOANILDA,F
JOANICO,M
JOANICE,F
JOANGELA,F
JOANE,F
JOANAS,M
JOANAMAR,M
JOANAIDE,F
JOAN,M
JOAMIRA,F
JOAMILTON,M
JOAMAR,M
JOALUCY,X
JOALDO,M
JOADIR,M
JOBERTO,M
JOCEANE,F
JOCELINA,F
JOCIGLEUSON,M
JODETE,F
JODACI,X
JOCYANE,F
JOCY,X
JOCLEITA,F
JOCIVANIA,F
JOCIVALDO,M
JOCIMARA,F
JOCILENI,F
JOCILEIDE,F
JOCILEIA,F
JOCILEA,F
JOCIARA,F
JOCELINE,F
JOCIANO,M
JOCIANA,F
JOCEZILDO,M
JOCENILDO,M
JOCEMIR,M
JOCEMAR,M
JOCEMA,F
JOCELMA,F
JOCELLY,F
JOCELITO,M
JOCELIS,X
JOCELINO,M
JANIVAL,M
JANISE,F
ERLANE,F
IVANILTO,M
IVANILDES,M
IVANHOE,X
IVANE,F
IVANDERSON,M
IVANDA,F
IVAMBERGUE,M
IVAMAR,M
IVALDINA,F
IVAL,M
IVAINA,F
IVAILDES,M
IVACI,X
IUSSENY,X
IURE,X
ITELVINA,F
ITARACY,X
ITAPORA,F
ITANIELSON,M
ITAMIR,M
ITAMARA,F
ITAMA,F
ITALIA,F
ITAJIBA,F
ITAJACI,X
ITAIR,M
ITAGILDO,M
ITAGIBA,F
IVANILSON,M
IVANILTON,M
JANIR,M
IVANIZE,F
IZIDIO,M
IZIANE,F
IZETE,F
IZAQUIEL,M
IZANETE,F
IZANA,F
IZAMARIA,F
IZAIR,M
IZAIDE,F
IZAC,M
IZABELLE,F
IWENS,M
IVSON,M
IVONNE,F
IVONILTON,M
IVONILDO,M
IVONEIDE,F
IVONALDO,M
IVISON,M
IVETI,F
IVERSON,M
IVEM,X
IVELTON,M
IVELTE,X
IVAYR,M
IVANTUIL,M
IVANOEL,M
ITACY,X
ITACIREMA,F
ITACIRA,F
ITACIR,M
IRISLENE,F
IRISLANA,F
IRION,M
IRIO,M
IRINEUSA,F
IRINELSON,M
IRINEIA,F
IRINEA,F
IRINALMA,F
IRINALDO,M
IRINA,F
IRILDA,F
IRIANNE,F
IRENI,F
IRECER,M
IRAYDE,F
IRAVALDIR,M
IRAPOGI,X
IRANY,X
IRANVITH,X
IRANLEY,M
IRANIR,M
IRANILDES,M
IRANILDA,F
IRANDIR,M
IRANDES,M
IRAMY,X
IRISNALDA,F
IRISNEIDE,F
IRISNETE,F
ISEU,M
ITACINEY,M
ITA,F
ISON,M
ISOLINA,F
ISOLDE,F
ISNALDO,M
ISNALDA,F
ISMAELINO,M
ISLENE,F
ISLEDNA,F
ISIRI,X
ISILENE,F
ISENALVA,F
IRLANDA,F
ISAQUIEL,M
ISANETH,F
ISANA,F
ISAMAR,M
ISALTINO,M
ISACIO,M
ISABETH,F
ISABELY,F
IRLEI,M
IRLANIA,F
IRLANEIDE,F
IRLANDO,M
IZIDORA,F
IZIDORIO,M
IZIDORO,M
JAKSON,M
JANAYRA,F
JANAIR,M
JANAINE,F
JANAILTON,M
JANAILSON,M
JAMYSON,M
JAMYLLE,F
JAMMES,M
JAMILTON,M
JAMILSON,M
JAMILLA,F
JAMESSON,M
JAMESON,M
JAMERSON,M
JAMARA,F
JAMAL,M
JAMACY,X
JALVES,M
JALVARO,M
JALSER,M
JALMIRA,F
JALINE,F
JALERSON,M
JALE,X
JALDIR,M
JALDERIR,M
JALDEMIR,M
JANCILEIDE,F
JANDAIRA,F
JANDECIL,M
JANESSA,F
JANIMEIRE,F
JANILTON,M
JANILDO,M
JANILDE,F
JANILDA,F
JANILCE,F
JANIKELE,F
JANIELLE,F
JANIEIRY,X
JANICY,X
JANICELMA,F
JANIALY,F
JANESIO,M
JANDEILSON,M
JANEINA,F
JANEIDE,F
JANECLEIA,F
JANDYR,M
JANDUY,X
JANDUI,X
JANDUHY,X
JANDRESSON,M
JANDOILSON,M
JANDMARA,F
JANDERCLEI,M
JANDER,M
JALDECI,X
JAKLANE,F
IZIS,X
JAKELINNE,F
JACONIAS,M
JACOBETE,F
JACKIELINE,F
JACIVAL,M
JACIR,M
JACIONE,F
JACINEU,M
JACINEIDE,F
JACIMARA,F
JACILUZ,X
JACILETE,F
JACILEIA,F
JACIENE,F
JACIELE,F
JACIEL,M
JACENIRA,F
JACAUNAS,M
JACANA,F
JACAMAR,M
JABSON,M
JABES,M
JABER,M
JAAZIEL,M
JAANA,F
IZUMI,X
IZOMAR,M
IZOLETE,F
JACOPO,M
JACOSME,X
JACQUELINNE,F
JAIDETE,F
JAIUZA,F
JAIRSON,M
JAIRLON,M
JAINILSON,M
JAINE,F
JAIMS,X
JAIMEL,M
JAILSO,M
JAILMA,F
JAILINE,F
JAILDSON,M
JAILDO,M
JAICE,F
JACQUELLINE,F
JAIANDRA,F
JAIANA,F
JAFE,X
JAELSON,M
JAEDITH,X
JADISON,M
JADILTON,M
JADERSON,M
JADE,F
JACYRO,M
JACYELI,F
JACSON,M
JORGEVAL,M
JORGI,X
JORGIANA,F
KLAISSA,F
KIYOSHI,X
KIVIA,F
KIVANIA,F
KITTY,X
KISCYLA,F
KIRAZ,M
KIRA,F
KIOLANDO,M
KIOKO,M
KILZA,F
KILME,X
KILLIAN,M
KILDER,M
KILBERT,M
KIANY,X
KIAHRA,F
KHRISNA,F
KHEYLA,F
KHELLEN,F
KHEILA,F
KHANDIDA,F
KEZIA,F
KEYSE,F
KEYLLA,F
KEYLHA,F
KEWRY,X
KETTRIN,X
KIZYE,X
KLARISSA,F
JORGIM,M
KLARTH,X
KUEYLA,F
KUELSON,M
KRISTINNE,F
KRISTIANNE,F
KRISLEY,M
KOLMAR,M
KOJIRO,M
KLINGER,M
KLEZIANE,F
KLEYVER,M
KLEYNIANNE,F
KLEYLAND,X
KLEYFFSON,M
KLEYBER,M
KLEUNER,M
KLESSIUS,M
KLESIO,M
KLENNY,X
KLENA,F
KLEISON,M
KLEISE,F
KLEINE,F
KLEIBER,M
KLEBETE,F
KLEBERSON,M
KLAUSE,F
KLAUBER,M
KETTLEN,F
KETLLE,F
KETHERIN,X
KEROLLAINE,F
KAZUYOSHI,X
KAYTA,F
KAYO,M
KAYNE,F
KAYNA,F
KAYKE,X
KATYENY,X
KATY,F
KATTY,F
KATTERINE,F
KATT,X
KATSON,M
KATRIN,X
KATIUCHA,F
KATIELLE,F
KATHYA,F
KATHY,X
KATHLENE,F
KATHLEN,F
KATHIA,F
KATHELEEN,F
KATE,X
KATARINA,F
KASSIUS,M
KASSIENE,F
KASSIE,F
KASSANDRA,F
KEDSON,M
KEFFREN,F
KEFREN,F
KELVYA,F
KERLY,F
KERLLY,F
KERLICE,F
KERLANE,F
KERENSKY,X
KEPLER,M
KENYS,X
KENNY,X
KENNEDER,M
KENNEA,F
KENIO,M
KELYANY,X
KELTON,M
KEILE,X
KELSIANE,F
KELMA,F
KELLYTON,M
KELLYN,F
KELLICE,F
KELLI,F
KELLEEN,F
KELITON,M
KELCIO,M
KELBES,M
KEITH,X
KEILLY,F
KURT,X
KYOKO,M
KYRIA,F
LAURENI,F
LEDAYANE,F
LECYMAR,M
LECY,X
LECILDO,M
LECIANE,F
LEBENITES,M
LEANDRE,M
LEACYR,M
LE,X
LAZARINA,F
LAYSSE,F
LAYSSA,F
LAYSA,F
LAVIO,M
LAUZIRA,F
LAURIZETE,F
LAURITA,F
LAURINETE,F
LAURINDO,M
LAURINDA,F
LAURIMEIA,F
LAURIMAR,M
LAURIANO,M
LAURIANE,F
LAURI,X
LAURENY,X
LAURENTINA,F
LEDEIR,M
LEDES,M
LEDI,X
LEINE,F
LENIL,M
LENEMIRIA,F
LENE,F
LENADE,F
LELY,F
LELIS,X
LELICE,F
LEIZE,F
LEIVA,F
LEISIANE,F
LEIS,X
LEIRIELLI,F
LEILTON,M
LEDIANA,F
LEILSON,M
LEILIANE,F
LEILIANA,F
LEILDO,M
LEILANNE,F
LEIDY,X
LEIDIOMAR,M
LEIDIJANE,F
LEIDIANY,X
LEICE,F
LEDIMAR,M
LEDILMA,F
LAURENICE,F
LAURENE,F
KYSSIA,F
LAURENCO,M
LAIRES,M
LAIRDO,M
LAIRANE,F
LAIRA,F
LAIDE,F
LAIARA,F
LAIANE,F
LAIA,F
LAHESIO,M
LAGERSON,M
LAFFAYETE,F
LAFAYETTE,F
LAERTIS,X
LAERTES,M
LAERT,M
LAERSON,M
LAENYA,F
LAENE,F
LAENA,F
LAELIA,F
LAECE,F
LADYSLENE,F
LADYANE,F
LADIJANE,F
LADIELSON,M
LADI,X
LACIMAR,M
LAIRTON,M
LAISSA,F
LAIZ,X
LAUDEIL,M
LAURENCIA,F
LAUDO,M
LAUDIONOR,M
LAUDINIO,M
LAUDINEIA,F
LAUDINEA,F
LAUDIMAR,M
LAUDILINO,M
LAUDILENE,F
LAUDILANE,F
LAUDEMAR,M
LAUDELITA,F
LAUCIDIO,M
LAJOSY,F
LAUANA,F
LARIZA,F
LARESSA,F
LARENA,F
LARAINA,F
LAODICEIA,F
LANIR,M
LANIO,M
LANI,F
LANE,F
LAMIR,M
LAMARTINE,F
KARYNNE,F
KARYNGE,X
KARY,X
JOSIANY,X
JOSYE,X
JOSSARA,F
JOSSANE,F
JOSOIR,M
JOSMIRO,M
JOSMARA,F
JOSMAEL,M
JOSIVANIA,F
JOSIVAN,M
JOSIVAL,M
JOSITAN,M
JOSINO,M
JOSINEZ,X
JOSINETE,F
JOSINELMA,F
JOSINALVA,F
JOSIMARI,X
JOSILIA,F
JOSILEY,M
JOSILENO,M
JOSILEIDE,F
JOSILEI,M
JOSILDO,M
JOSIELE,F
JOSIEDE,F
JOSIE,F
JOSICLER,M
JOUBERTE,X
JOULBER,M
JOVAN,M
JOZELIA,F
JUBIRACI,X
JUBEMAR,M
JUARY,X
JUARI,X
JUANDER,M
JUACIARA,F
JOZIVALDO,M
JOZILDO,M
JOZIELLEN,F
JOZIAS,M
JOZENIR,M
JOZEMA,F
JOZEL,M
JOVANE,F
JOZE,X
JOZAFA,F
JOYRA,F
JOYCIMARA,F
JOVITA,F
JOVILSON,M
JOVENIR,M
JOVENCIO,M
JOVELINA,F
JOVANKA,F
JOVANIO,M
JOVANIA,F
JOSICLEIDE,F
JOSIANNY,X
JUCELAINE,F
JOSIANNE,F
JOSELI,F
JOSELETE,F
JOSELE,F
JOSEIR,M
JOSEILMO,M
JOSEILDA,F
JOSEIAS,M
JOSEF,X
JOSEDIR,M
JOSEANNE,F
JOSEAN,M
JOSCELIA,F
JOSANIA,F
JOSAILDES,M
JOSAIDE,F
JOSAIDA,F
JOSAFAT,X
JOSADAQUE,M
JORZIVAL,M
JORZIA,F
JORRIMAR,M
JORNECI,X
JORMINIA,F
JORJAEL,M
JORIVAM,X
JORIELSON,M
JORGINO,M
JOSELIAS,M
JOSELINA,F
JOSELINDA,F
JOSENILDES,M
JOSIANI,F
JOSIANA,F
JOSIAN,M
JOSIALDO,M
JOSI,X
JOSEVANIA,F
JOSERLANE,F
JOSEPH,M
JOSENITO,M
JOSENITA,F
JOSENILTON,M
JOSENILIA,F
JOSENILDE,F
JOSELY,F
JOSENICIA,F
JOSENI,F
JOSENETE,F
JOSENEIDE,F
JOSENE,F
JOSENARA,F
JOSEMIR,M
JOSEMERY,X
JOSEMBERG,M
JOSEMAURO,M
JOSEMARY,X
JOSEMARI,X
JUCALBA,F
JUCENIR,M
KARLIANE,F
JURDINEY,M
JUVELINA,F
JUVELICIO,M
JUVANDI,X
JUTAHI,X
JUSTO,M
JUSTINO,M
JUSSIMARA,F
JUSSIER,M
JUSSIE,F
JUSSEMI,X
JUSSEI,M
JUSSANE,F
JUSMAR,M
JUSLAINE,F
JUSIANY,X
JUSELINO,M
JUSEIMAR,M
JUSCILEIDE,F
JUSCENILDO,M
JUSCELIO,M
JURUPYRA,F
JURUPITAN,M
JURRENILTON,M
JURIVE,X
JURIVALDO,M
JURGEN,F
JURENI,F
JUVENTINO,M
JUVERSON,M
JUZELLY,F
KAMYLE,X
KARITON,M
KARITHA,F
KARINY,X
KARINNA,F
KARININE,F
KARIME,X
KARILANE,F
KARGEAN,M
KAORU,X
KAOANA,F
KANDA,F
KAMYLLA,F
KAMYLA,F
KADJA,F
KAMILE,X
KALYLA,F
KALU,X
KALLINE,F
KALINI,X
KALI,F
KAITHY,X
KAISE,F
KAIQUE,M
KAIOMI,X
KAIOLLAINE,F
KAHLINNE,F
JUREA,F
JURCINO,M
JUCERLANIA,F
JURANITA,F
JULCIMAR,M
JULAINE,F
JUECINA,F
JUDIVAN,M
JUDACIA,F
JUCYRA,F
JUCIVALDO,M
JUCIVAL,M
JUCINILDE,F
JUCINEIDE,F
JUCINEA,F
JUCIMARIA,F
JUCIMARA,F
JUCIMAR,M
JUCILTON,M
JUCILIO,M
JUCILEINE,F
JUCILEA,F
JUCIENE,F
JUCIELY,F
JUCIELMO,M
JUCIELA,F
JUCIEL,M
JUCICLEA,F
JUCIANNY,X
JUCIANE,F
JUCIAN,M
JULIANELI,F
JULIANITA,F
JULIANNE,F
JUNAI,X
JURANI,F
JURANDYR,M
JURACIARA,F
JUOCERLEE,X
JUNOUT,X
JUNNIA,F
JUNIO,M
JUNIEL,M
JUNIE,F
JUNGPYO,M
JUNER,M
JUNALDO,M
JULYANNE,F
JULIELI,F
JULYAN,M
JULY,F
JULMAR,M
JULLYANO,M
JULLIETE,F
JULLIANE,F
JULLIANA,F
JULIZAR,M
JULINALDA,F
JULIETTY,X
JULIENNE,F
JULIEN,F
IRAMAR,M
IRAMAIA,F
IRALDO,M
GENNISSON,M
GENINHO,M
GENILUCIA,F
GENIGESIUM,X
GENICLEIDY,X
GENICE,F
GENIAS,M
GENIA,F
GENEZINO,M
GENESSY,F
GENESSI,X
GENESIS,X
GENEROSO,M
GENELSON,M
GENEILDO,M
GENALDO,M
GENALDIO,M
GENAINA,F
GEMIMA,F
GELZA,F
GELVACI,X
GELSOMINO,M
GELIANI,F
GELI,F
GELCIOMAR,M
GELCIO,M
GELCIMAR,M
GELCI,X
GENIR,M
GENOCLEMIA,F
GIOCONDA,F
GENVONE,F
GERCINIRA,F
GERCIMAR,M
GERCILENE,F
GERCELI,F
GERALVINO,M
GERALDIMAR,M
GEOVANO,M
GEOVANNI,X
GEOVANILDO,M
GEOVANI,F
GEOVALDO,M
GEOVA,F
GEORGYNA,F
GEORGIOS,M
GEORGINO,M
GEORGINETE,F
GEORGIANA,F
GEORGGIO,M
GEORGETTE,F
GEORGES,M
GEORGENES,M
GEORGEA,F
GEORDANE,F
GEONISIO,M
GEONINO,M
GEONE,F
GEOCARLOS,M
GEIZON,M
GEIZA,F
GEISILENE,F
GEISIANE,F
GABRYELLA,F
GABRIELLY,F
FURIA,F
FUMIKO,M
FUMIE,F
FRUTUOSO,M
FRIEDA,F
FREDY,X
FREDIMAR,M
FREDILSON,M
FREDDY,X
FRASSINETE,F
FRANSELMO,M
FRANKNILDO,M
FRANKCELINA,F
FRANCYELLY,F
FRANCYELLE,F
FRANCOISE,F
FRANCOIS,X
FRANCKLIN,X
FRANCIVALTER,M
FRANCIVALDA,F
FRANCISQUINHA,F
FRANCISMARY,X
FRANCISMAR,M
FRANCISLEI,M
FRANCISCLEYTON,M
GAETAN,M
GAIRO,M
GALBA,F
GEANETH,F
GEIRANE,F
GEINA,F
GEILDO,M
GEHLEN,F
GEDIEL,M
GEDEVAL,M
GEDER,M
GEDEON,M
GECYCLAN,M
GECIVAN,M
GEAZIR,M
GEANIA,F
GEANEIDE,F
GALENE,F
GEANDRO,M
GEANDRE,M
GEANDRA,F
GAUDENCIO,M
GARIBALDI,X
GARDIA,F
GARDENE,F
GARDEL,M
GAMALIEL,M
GALTIERI,X
GALILEU,M
GALENO,M
GERCINO,M
GERCIO,M
GERCY,X
GIDEON,M
GILDERLAN,M
GILDENILSON,M
GILDENE,F
GILDENAE,X
GILDEMAR,M
GILDELITO,M
GILDECI,X
GILDASIA,F
GILDARIO,M
GILDALBERTO,M
GILCINEIA,F
GILCILEIA,F
GILCIANE,F
GILCIANA,F
GILCELLY,F
GILCELLE,F
GILCELIA,F
GILCELI,F
GILCELEA,F
GILCEIA,F
GILCEA,F
GILBERVAR,M
GILBERTA,F
GILBERLI,F
GIESE,F
GIDYENNE,F
GIDIVAN,M
GILDMA,F
GILDOMAR,M
GILDOMARIO,M
GILVAM,X
GINEIDE,F
GILZEIDE,F
GILZE,X
GILZA,F
GILVONETE,F
GILVANISE,F
GILVANILDO,M
GILVANICIO,M
GILVANICE,F
GILVANEIDE,F
GILVANE,F
GILVANA,F
GILTAMAR,M
GILENO,M
GILSO,M
GILSIVAL,M
GILSELIA,F
GILSANDRA,F
GILO,M
GILNNEY,M
GILNARA,F
GILMARCIO,M
GILMAN,M
GILLIAN,M
GILLENE,F
GILES,M
GIDEVALDO,M
GICELI,F
GERDAL,M
GICELDA,F
GESMAR,M
GESIVALDO,M
GESINEY,M
GERZO,M
GERZIVILSON,M
GERVAZIO,M
GERTRUD,X
GERSONITA,F
GERSO,M
GERSEI,M
GERONIMO,M
GERONCIO,M
GERMINIO,M
GERLUCE,F
GERLINDA,F
GERLENA,F
GERLANY,X
GERLANE,F
GERLANDY,X
GERLANDIA,F
GERIVALDO,M
GERFSON,M
GERENCIO,M
GEREMILSON,M
GEREMI,X
GERDSON,M
GERDINEY,M
GESMIRO,M
GESSIANE,F
GESSIANNE,F
GEYZA,F
GICELA,F
GIBRAN,M
GIANY,X
GIANVICO,M
GIANNY,X
GIANLUIGI,X
GIANINNI,X
GIANINA,F
GIANE,F
GIAN,M
GIACOMO,M
GEZIEL,M
GEYSA,F
GESSIARA,F
GEYLSON,M
GEYLA,F
GEYCIANE,F
GEVANI,F
GEUZIVAN,M
GEUZA,F
GEUNICE,F
GEUCILEIA,F
GESYANNE,F
GESSY,F
GESSILDO,M
GESSILANE,F
FRANCIRLEY,M
FRANCIOLLI,F
FRANCINNE,F
ETHIENNY,X
EUNIFRAN,M
EUNA,F
EULUZE,X
EULENIA,F
EULAMPIO,M
EUGISLANE,F
EUGENIE,F
EUGEN,F
EUFRAZIA,F
EUFRASINO,M
EUDOXIA,F
EUDOS,M
EUDISLEY,M
EUDILUCIA,F
EUDI,X
EUDETE,F
EUDER,M
EUDELICE,F
EUDALEIA,F
EUDA,F
EUCLIS,X
EUCLENES,M
EUCLAIR,M
EUCELIA,F
EUCELI,F
ETYENE,F
ETIENNE,F
EUNORIA,F
EUREA,F
EURILENE,F
EVANEO,M
EVELINY,X
EVELINNY,X
EVELAR,M
EVEILTON,M
EVANY,X
EVANO,M
EVANIZE,F
EVANISA,F
EVANILZA,F
EVANILDE,F
EVANICE,F
EVANI,F
EVANEIDE,F
EURIVAN,M
EVANDES,M
EVAND,X
EVALDA,F
EVADIO,M
EUZENIRO,M
EUZELINA,F
EUZELIA,F
EUZAMAR,M
EUZA,F
EUVANIR,M
EUTIQUIANO,M
EUSTON,M
ETIANE,F
ETHIENE,F
EVELY,F
ETEUVINO,M
EROTILDO,M
EROTILDES,M
EROTILDE,F
EROS,M
ERONILSON,M
ERONI,X
ERONALDO,M
ERON,M
EROINA,F
ERODIRCE,F
ERNO,M
ERNILDO,M
ERNESTINO,M
ERNESTINA,F
ERNANY,X
ERNANDE,F
ERNALDO,M
ERMIVONE,F
ERMITA,F
ERMIRIO,M
ERMINIO,M
ERMIM,M
ERMANO,M
ERMANDO,M
ERLITA,F
ERLEN,F
ERLEI,M
ERRISTON,M
ERVANIO,M
ERYKA,F
ESTANIZA,F
ETERNO,M
ETELPINO,M
ESTEVAN,M
ESTENIA,F
ESTELLE,F
ESTELITO,M
ESTELITA,F
ESTELINA,F
ESTELE,F
ESTELAMARIS,X
ESTEBAN,M
ESTANLER,M
ESTANDERLAU,M
ESDRA,F
ESTACIO,M
ESPERANCA,F
ESMERINO,M
ESMERALDO,M
ESMERALCI,X
ESMAEL,M
ESLEY,M
ESLEN,F
ESIVANITO,M
ESINADEGE,X
ESFHAN,M
ESEQUIEL,M
EVELSON,M
EVENY,X
FRANCINILDA,F
FERES,M
FLORENCIA,F
FLORENCE,F
FLORDELIS,X
FLORANGELA,F
FLODOALDO,M
FLEURILENE,F
FLENIS,X
FLAVINIA,F
FLANINDAI,X
FLANELSON,M
FLAMINIO,M
FIRMO,M
FIRMANI,F
FILOMENO,M
FILLIPE,M
FILIPPO,M
FILIPPE,M
FILIPINO,M
FILIPI,X
FILEMON,M
FIDELIS,X
FIDELCINO,M
FIDEL,M
FIDECLINO,M
FHELIPPE,M
FERRUCIO,M
FERNANDINO,M
FLORENICE,F
FLORENILDO,M
FLORENIR,M
FRANCIELO,M
FRANCINI,X
FRANCINESE,F
FRANCINEL,M
FRANCINEIA,F
FRANCINARA,F
FRANCIMIR,M
FRANCIMEY,M
FRANCIMARIA,F
FRANCILIA,F
FRANCILENI,F
FRANCILEIDE,F
FRANCILANE,F
FRANCIELLY,F
FLORICE,F
FRANCIELIE,F
FRANCIEL,M
FRANCICLEIDE,F
FRANCIA,F
FRANCESCA,F
FRANCELINE,F
FRANC,X
FLORIVAL,M
FLORISVAL,M
FLORIPES,M
FLORIPE,M
FLORINDA,F
FERNANDINA,F
FERENC,X
EVERALDINA,F
FERDINAN,M
FABRINE,F
FABRICIANO,M
FABRICE,F
FABIENE,F
FABIANY,X
FABIANNE,F
FABIANN,X
EZIVALDO,M
EZEOMAR,M
EZARDIVAL,M
EYLEEN,F
EXDRAS,M
EWANDER,M
EWALDO,M
EWALD,X
EVONIO,M
EVONEY,M
EVONE,F
EVLA,F
EVILSON,M
EVILLYN,F
EVILANIA,F
EVIE,F
EVERTHON,M
EVERLANE,F
EVERI,X
EVERANDE,F
FABRISYA,F
FABRIZIO,M
FABRIZZIO,M
FATIMIH,X
FELUZIA,F
FELIZBERTO,M
FELIZARDO,M
FELISSA,F
FELIPO,M
FELINTRO,M
FELICIO,M
FELICIDAD,X
FAUSTON,M
FAUSTINIANO,M
FAUSTELINO,M
FAUSTA,F
FARID,X
FABYAN,M
FARIAS,M
FARAYDE,F
FANOR,M
FAIRUZE,X
FAIGA,F
FAGUNES,M
FAGNA,F
FADWA,F
FADUA,F
FACUNDO,M
FACUNDA,F
FABYANA,F
GINO,M
GIORDANNO,M
IRALDA,F
IACIR,M
IACELYS,X
HYTANEL,M
HYLANA,F
HYGOR,M
HUY,X
HUMPHRY,X
HUMBELINA,F
HUGNEI,M
HUBER,M
HUANDERSON,M
HOZANAN,M
HOSANO,M
HORTENCIO,M
HORST,X
HORRYS,X
HORACILDO,M
HONORIO,M
HONORIA,F
HONORATO,M
HONILSON,M
HIURY,X
HITAMAR,M
HISSAYO,M
HISAMU,X
HIRONOBU,X
HIRATAN,M
HIRAM,X
IACI,X
IALE,X
GIORDANO,M
IALLEN,F
IDELBRANDINA,F
IDELBERTO,M
IDEBLANDO,M
IDE,M
IDARLETE,F
IDANILDE,F
IDANILCE,F
IDALINO,M
IDALICIA,F
IDALECIA,F
IDALCI,X
IDAIR,M
IDACYR,M
IDACIR,M
ICLAIR,M
ICARA,F
IBRAHIM,M
IBIS,X
IBES,M
IBER,M
IASNAIA,F
IASMIM,F
IARACI,X
IANNA,F
IANI,F
IANCI,X
IANAMARY,X
HIRALDO,M
HIPOLITO,M
HINDENBURGO,M
HIMILCO,M
HEVELYN,F
HEVELINE,F
HEVEA,F
HEUZENIL,M
HESLEY,M
HESAU,M
HERYZANYA,F
HERVELTER,M
HERTZ,X
HERTALINE,F
HERTA,F
HERSON,M
HERONDINO,M
HERNESTO,M
HERNANI,M
HERNANDO,M
HERMOZINA,F
HERMOSA,F
HERMOGENIO,M
HERMINIA,F
HERMENEGILSON,M
HERMENEGILDO,M
HERMELIO,M
HERMELINDA,F
HERMAN,M
HERLLEN,F
HERLLANGE,X
HEVENY,X
HEVERLYN,F
HEWERTON,M
HILDEMAR,M
HILMAR,M
HILLO,M
HILKIAS,M
HILDONEI,M
HILDO,M
HILDEVANA,F
HILDETH,F
HILDES,M
HILDER,M
HILDENETE,F
HILDENE,F
HILDEMIRO,M
HILDELIZA,F
HIALE,X
HILDELIA,F
HILDELENA,F
HILDEGARDO,M
HILDEFONSO,M
HILDEBRANDINA,F
HILDACY,X
HILCA,F
HILBERTO,M
HIGO,M
HIGINO,M
HIDEAKI,X
HIATA,F
IDELMA,F
IDELMAR,M
IDELVAR,M
ILNETE,F
IOLE,X
INGREDI,X
INGO,M
INESIO,M
INELINO,M
INEI,M
INDRAMARA,F
INDIRA,F
INDIARA,F
INDIANA,F
INDIAMARIS,X
INDALECIO,M
INANA,F
INAJA,F
INAIARA,F
INAEL,M
INACILVA,F
IMGART,X
IMAIM,M
IMACULADA,F
ILZO,M
ILZENE,F
ILZANIRA,F
ILZAMAR,M
ILVA,F
ILTO,M
ILSE,F
IOLENE,F
IOLI,F
IOMARA,F
IRACILDE,F
IRALBERTO,M
IRAKILES,M
IRAKERLEY,M
IRAJARIA,F
IRAILSON,M
IRAILDES,M
IRAHILDO,M
IRAELSON,M
IRADIR,M
IRACYARA,F
IRACU,X
IRACILMA,F
IRACENIR,M
IOMIR,M
IORAN,M
IONIS,X
IONIRA,F
IONICIO,M
IONICE,F
IONI,X
IONEIDE,F
IONEIDA,F
IONARA,F
IONAR,M
IONA,F
ION,M
ILNOEL,M
ILNAR,M
IDENEIDE,F
ILNA,F
IJANILEIDE,F
IHATANDERSON,M
IGUARACY,X
IGO,M
IGNEZ,F
IESA,F
IELDA,F
IEDSON,M
IEDO,M
IEDJA,F
IEDIVALDO,M
IDYLA,F
IDVANIO,M
IDRISSA,F
IDOMEU,M
IDO,M
IDISON,M
IDILVA,F
IDEVALDO,M
IDEVAL,M
IDERSON,M
IDERLAN,M
IDERALDO,M
IDENIR,M
IDENILSON,M
IDENILDO,M
IDENILDA,F
IJEAN,M
IJOSENILDE,F
ILACI,X
ILDO,M
ILMOR,M
ILMO,M
ILMARA,F
ILLANA,F
ILICLEIA,F
ILIANO,M
ILETE,F
ILENI,F
ILENE,F
ILEIDIANE,F
ILEDOIR,M
ILDOMAR,M
ILDEUBERTO,M
ILAERCIO,M
ILDETE,F
ILDENEY,M
ILDENEI,M
ILDELITA,F
ILCO,M
ILCLEIA,F
ILCA,F
ILBERT,M
ILAYDIANY,X
ILARIO,M
ILANIO,M
ILANIA,F
HERLINDA,F
HERLENIA,F
HERLEIS,X
GLEIDIANY,X
GRACIELZA,F
GRACIELLE,F
GRACIELI,F
GRACIEDA,F
GRACIANO,M
GRACCHO,M
GRACALIZ,X
GOTARDO,M
GORGULINO,M
GORETI,F
GONZALO,M
GONZAGA,F
GONCALINA,F
GLORISTER,M
GLORIQUELE,F
GLORGIA,F
GLIVIA,F
GLIVANIA,F
GLIMAR,M
GLICERIO,M
GLEYSE,F
GLEYKN,X
GLEYCIMAR,M
GLEYBERSON,M
GLERIS,X
GLEISSOM,X
GLEISSE,F
GRACILDO,M
GRACIMARA,F
GRACINO,M
GRESSI,X
GUEDER,M
GUARACYARA,F
GUARABICHABA,F
GUANAYRA,F
GUANAIR,M
GUALDER,M
GUACIARA,F
GRINALDO,M
GRIGORIO,M
GRICIRENE,F
GRICIELLE,F
GREYZIELE,F
GRENEI,M
GRACY,X
GREICY,X
GRECIA,F
GRAZIELLI,F
GRAZIELLEN,F
GRAZIELLA,F
GRAZIANI,F
GRAYCE,F
GRASYELLE,F
GRASSIA,F
GRASIELLE,F
GRASIELLA,F
GRAICE,F
GLEIMIRIA,F
GLEID,X
GUIARA,F
GLEICIENE,F
GIVON,M
GIVALDA,F
GIVAL,M
GIUSILENE,F
GIUMAR,M
GIULLIANO,M
GIULIO,M
GIULIANE,F
GISSELEN,F
GISLEYNE,F
GISLENI,F
GISLEINE,F
GISLEIDIANE,F
GISLANY,X
GISEIA,F
GISDELSON,M
GIRLEY,M
GIRLENE,F
GIRLANIO,M
GIRCELIO,M
GIRCELIA,F
GIOVANO,M
GIOVANNY,X
GIOVANINI,X
GIORGIO,M
GIORGIANA,F
GIORGIA,F
GIZELE,F
GIZELI,F
GIZELY,F
GLAUCIMEIRE,F
GLEICI,X
GLEICEANE,F
GLEIBER,M
GLEDSA,F
GLEDE,F
GLEBER,M
GLAYDSTON,M
GLAYDISON,M
GLAUDMAR,M
GLAUDISTONIA,F
GLAUDERTONE,F
GLAUCIMEIRI,X
GLAUCIENE,F
GIZEUDA,F
GLAUCIE,F
GLAUCIANA,F
GLAUCCO,M
GLAUBA,F
GLARISTONIO,M
GLALCO,M
GLAIDSON,M
GLAEDE,F
GLADSTONNY,X
GLADSTONE,F
GLACIO,M
GLACIENE,F
GUERRADI,X
GUIERTA,F
HERLANDER,M
HELBERTH,X
HELOINA,F
HELNATA,F
HELMUT,X
HELMI,X
HELMER,M
HELMAN,M
HELMA,F
HELLIENE,F
HELLIADA,F
HELIZA,F
HELISMAR,M
HELISIA,F
HELIODORO,M
HELIOD,X
HELINTON,M
HELINGTON,M
HELIARDO,M
HELIARA,F
HELIANE,F
HELGES,M
HELENIZE,F
HELENIR,M
HELENILSON,M
HELENILDO,M
HELENEIDE,F
HELEM,X
HELDENI,F
HELOIZE,F
HELOYSE,F
HELYETT,X
HERBERTH,X
HERIVELTON,M
HERIVALDO,M
HERILDA,F
HERIKSON,M
HERIKA,F
HERIK,M
HERICA,F
HERGY,X
HERCIO,M
HERCILENE,F
HERCI,X
HERBERTO,M
HERBENIA,F
HELYNA,F
HERBENE,F
HERACLITON,M
HERACLITO,M
HERACLIO,M
HENRIQUETA,F
HENRIETTE,F
HENRI,X
HENIA,F
HENARD,X
HEMMANOEL,M
HEMILLY,F
HEMILIS,X
HELCA,F
HELBELT,X
GUILMA,F
HELBA,F
HAMONA,F
HAMISTENIE,F
HAMANDA,F
HALYSON,M
HALPHI,X
HALLER,M
HALISSON,M
HALEN,F
HALEI,M
HAKIMA,F
HAILLA,F
HAIDE,F
HAIANY,X
HAGNE,F
HAELITON,M
HADRIANE,F
HADIL,M
HADIJAMILE,X
HADIB,X
GYTHANA,F
GYSLANE,F
GYANNE,F
GUY,M
GUTHEMBERG,M
GUTENBERG,M
GUILSON,M
GUILMER,M
HANRLEY,M
HAQUILA,F
HARELI,F
HAYDEE,X
HELAYNE,F
HELANO,M
HELADY,X
HEINE,F
HEIDER,M
HEIDEANE,F
HEIDE,F
HEGMANN,X
HEDY,X
HEDILTON,M
HAYLE,X
HAYLA,F
HAYDE,F
HARIAN,M
HAYATAHANDESON,M
HAYA,F
HAVANDA,F
HATIRO,M
HARY,X
HARUMI,X
HARRISON,M
HARRI,X
HAROLD,X
HARLEY,M
HARLEM,X
HARIOLO,M
JEOVAN,M
