PNOME,QTDE
MARIA,2937
JOSE,2766
ANTONIO,1257
FRANCISCO,1014
JOAO,993
CARLOS,979
ANA,938
PAULO,907
LUIZ,829
MARCOS,515
JORGE,507
MARCELO,424
PEDRO,421
RAIMUNDO,395
SERGIO,394
MANOEL,344
FERNANDO,342
ANDRE,328
RICARDO,318
MARCIA,314
LUIS,297
ALEXANDRE,287
ROBERTO,284
EDUARDO,275
CLAUDIO,271
PATRICIA,270
RODRIGO,253
CLAUDIA,245
JULIANA,240
LUCIANA,235
MARCIO,232
DANIEL,230
FABIO,230
FERNANDA,221
ADRIANA,221
SANDRA,220
EDSON,212
RAFAEL,207
RENATA,207
SEBASTIAO,204
BRUNO,201
MARCO,195
LEONARDO,195
ALINE,194
SONIA,182
MARIO,174
JULIO,173
VERA,167
RENATO,167
FLAVIO,159
ANDREA,159
ROGERIO,156
GERALDO,154
REGINA,151
MAURICIO,149
CAMILA,148
MONICA,147
FLAVIA,147
THIAGO,147
ANGELA,146
GILBERTO,145
CRISTIANE,142
RITA,141
FRANCISCA,140
SIMONE,139
CARLA,138
TANIA,137
LUCIA,135
MARIANA,135
ELIANE,135
ROSANGELA,134
VANESSA,133
FELIPE,132
RONALDO,128
GUSTAVO,128
LUCIANO,128
MAURO,124
WILSON,121
RAQUEL,119
GUILHERME,118
LEANDRO,118
CAROLINA,115
DENISE,115
SILVIA,112
KATIA,109
DEBORA,108
NELSON,104
VALERIA,103
PAULA,102
DANIELA,101
ROBSON,101
ALESSANDRA,100
TATIANA,99
HELIO,96
ANTONIA,96
ANDERSON,94
WAGNER,92
MARINA,92
ROBERTA,91
MARTA,91
DIEGO,91
TIAGO,90
GILMAR,89
ALBERTO,88
GILSON,88
MIGUEL,87
ADILSON,87
EDMILSON,87
CELSO,87
HENRIQUE,85
PRISCILA,84
LARISSA,83
REGINALDO,82
CESAR,82
VIVIANE,82
EDILSON,82
JOAQUIM,82
LUCAS,81
FABIANA,81
ALEX,80
IVAN,79
CRISTINA,78
ELIAS,78
ROSA,78
ADRIANO,78
MARLENE,76
SILVIO,76
VANIA,76
CELIA,76
ANDREIA,76
LETICIA,75
EVANDRO,75
VALMIR,75
FATIMA,75
MILTON,74
DANIELLE,73
WALTER,73
BENEDITO,73
ELIZABETH,73
ELAINE,72
GABRIELA,72
SOLANGE,71
LILIAN,70
THAIS,69
BRUNA,69
JAIR,68
LEILA,68
SILVANA,68
JOANA,66
DOMINGOS,66
LIVIA,66
SAMUEL,66
OSVALDO,66
JONAS,66
BARBARA,65
EDNA,65
ROSANA,65
CICERO,65
NILSON,65
NATALIA,65
VINICIUS,64
MARCUS,64
EDVALDO,63
CAROLINE,63
LUANA,62
AMANDA,62
HUGO,62
MOISES,61
RAIMUNDA,60
DAVID,60
VALTER,60
VICENTE,59
WELLINGTON,59
GERSON,58
ALVARO,57
IGOR,57
NILTON,56
SANDRO,56
TEREZINHA,56
LAURA,56
ERIKA,56
JOEL,56
VALDIR,56
GABRIEL,56
GISELE,55
ELIANA,55
ISABEL,55
VICTOR,55
MARCELA,55
DIOGO,55
VITOR,55
AILTON,55
FREDERICO,54
KARLA,54
HELENA,53
JAQUELINE,53
SEVERINO,53
HUMBERTO,53
HELOISA,52
AUGUSTO,52
ANNA,52
RUBENS,52
DOUGLAS,52
JANAINA,51
LUIZA,51
MARILIA,51
KARINA,51
MARILENE,51
REINALDO,51
FABRICIO,50
FABIANO,50
TEREZA,50
CELIO,50
ERICA,50
NADIA,49
VERONICA,49
CRISTIANO,48
ALESSANDRO,48
SELMA,48
DANILO,47
ORLANDO,47
MICHELLE,47
ROSANE,47
ANGELICA,47
JAIME,47
SUELI,47
BEATRIZ,47
WASHINGTON,46
LUCIO,46
MARA,46
LUZIA,46
JUAREZ,46
JOSUE,45
TELMA,45
PRISCILLA,45
LUCIENE,45
ARNALDO,45
WILLIAM,45
ALICE,44
MICHELE,44
RUI,44
DANIELE,43
EVERALDO,43
MURILO,43
JAIRO,43
JANE,42
LIGIA,42
JEAN,42
JEFFERSON,42
RAFAELA,42
CARMEN,41
SUELY,40
MARLI,40
ALMIR,40
ALFREDO,39
MOACIR,39
DAVI,39
ADEMIR,39
DJALMA,38
VIRGINIA,38
NIVALDO,38
GLAUCIA,38
JACQUELINE,38
JULIA,38
GILVAN,38
REJANE,37
CINTIA,37
ELISA,37
MIRIAM,37
ADALBERTO,37
JESSICA,37
SHEILA,37
CLEBER,37
ALAN,36
JOSIAS,36
CHRISTIANE,36
SIDNEY,36
JUSSARA,36
KLEBER,36
TERESA,35
HAMILTON,35
ANDRESSA,35
DIANA,35
AIRTON,35
BERNARDO,35
EMERSON,34
KELLY,34
ARTHUR,34
DEBORAH,34
LIDIA,34
VILMA,34
ISABELA,34
IZABEL,33
CLOVIS,33
LOURIVAL,33
JANETE,33
LORENA,33
BIANCA,33
GEORGE,33
IARA,33
LILIANE,32
CLEIDE,32
ANGELO,32
LUCIANE,32
DEISE,31
NORMA,31
RODOLFO,31
CASSIA,31
SARA,31
GISELLE,30
CAIO,30
ADEMAR,30
MATHEUS,30
EDER,30
OTAVIO,30
SABRINA,30
ROMULO,30
CONCEICAO,30
CECILIA,30
IVONE,30
MANUEL,30
FILIPE,30
GLORIA,30
VALDEMIR,30
VIVIAN,30
VANDERLEI,29
CHARLES,29
MARGARETH,29
EVERTON,29
ELIZABETE,29
AFONSO,29
SUZANA,29
NUBIA,29
IVANILDO,29
CLARICE,28
OSMAR,28
MARISA,28
JULIANO,28
MAGDA,28
NEUSA,28
ROSEMARY,28
IVO,28
WALDIR,28
MARY,28
TATIANE,28
ELISANGELA,28
ELSON,28
EDISON,27
ADAO,27
EDNALDO,27
CASSIO,27
ELISABETE,27
ELZA,27
VILMAR,27
RAUL,27
SARAH,27
RENAN,27
ROSE,26
ISRAEL,26
EDIVALDO,26
ITAMAR,26
ERALDO,26
ISMAEL,26
ALCIDES,26
MIRIAN,25
EUGENIO,25
MAYARA,25
VANDA,25
CATIA,25
APARECIDA,25
TALITA,25
SHIRLEY,25
SAULO,25
ALLAN,25
ARMANDO,25
EVALDO,25
JEFERSON,25
CLARA,24
AMAURI,24
MAIRA,24
CRISTIANA,24
AMARILDO,24
DALVA,24
EDINALDO,24
NEIDE,24
DENILSON,24
RACHEL,24
VALDECI,24
AGNALDO,24
ARTUR,24
ELISABETH,23
INGRID,23
HAROLDO,23
LUCIMAR,23
NATHALIA,23
DANIELLA,23
MARGARIDA,23
NARA,23
JAILTON,23
PABLO,23
HUDSON,23
JANIO,23
ALTAIR,23
GELSON,23
LIDIANE,23
WANDERLEY,23
MILENA,23
ISABELLA,23
DARIO,23
IEDA,23
NILO,22
LAURO,22
EUNICE,22
JARBAS,22
VALDECIR,22
DENIZE,22
MARISTELA,22
CLARISSA,22
LAERCIO,22
ROSILENE,21
MATEUS,21
CARINA,21
COSME,21
UBIRAJARA,21
ROSELI,21
MARLUCE,21
ISAIAS,21
RUBEM,21
LAZARO,21
DAIANE,21
MAX,21
MONIQUE,21
MARLY,21
LEDA,21
HELEN,21
EMANUEL,21
AMARO,21
SIDNEI,21
ARLINDO,21
ELI,20
IVANA,20
RUY,20
ANDREZA,20
JOSEFA,20
ADRIANE,20
IRENE,20
MARGARETE,20
FABIOLA,20
IRACEMA,20
SORAYA,20
ELTON,20
TERESINHA,20
MARILDA,20
JOSIANE,20
JAILSON,20
WILTON,19
NEWTON,19
HELDER,19
LAIS,19
ALOISIO,19
JOSIMAR,19
KAREN,19
KARINE,19
WESLEY,19
JACKSON,19
OSCAR,19
DURVAL,19
MARIZA,19
ROQUE,19
UBIRATAN,19
EDILENE,18
JURANDIR,18
EDMAR,18
CARMEM,18
FAUSTO,18
INES,18
VILSON,18
ROGER,18
EVA,18
JAMES,18
RINALDO,18
JOSEMAR,18
TARCISIO,18
DAYSE,18
GIVALDO,18
BRENO,18
MARTHA,18
ALEXANDRA,18
CLAUDETE,18
MARCILIO,18
MESSIAS,18
WALMIR,17
SEVERINA,17
IVETE,17
MAGNO,17
JESUS,17
AURELIO,17
ELCIO,17
ALDO,17
EMILIA,17
ULISSES,17
ARLETE,17
RAPHAEL,17
VAGNER,17
NAYARA,17
ALISSON,17
ELIZEU,17
MANUELA,17
ELIZETE,17
ELIEZER,17
RUTH,17
DIVINO,17
LIA,17
CEZAR,17
ISAAC,16
ELIEL,16
MARCEL,16
TAIS,16
CYNTHIA,16
SUELLEN,16
ALUISIO,16
IONE,16
IZAIAS,16
JERONIMO,16
NEUZA,16
ELIETE,16
MARISE,16
YURI,16
AMILTON,16
IOLANDA,16
MARIANE,16
JESSE,16
CLEONICE,16
ESTER,16
GERALDA,16
LUDMILA,16
GEORGIA,16
GETULIO,16
JUSCELINO,16
ERNANI,16
SEBASTIANA,16
LOURDES,16
DAMIAO,16
ARY,15
ITALO,15
JOSAFA,15
BENEDITA,15
SAMARA,15
REGIS,15
EDMUNDO,15
JOELMA,15
RAISSA,15
WALDEMAR,15
SYLVIA,15
JAYME,15
JEANE,15
JUREMA,15
APARECIDO,15
RONALD,15
MARILZA,15
DENIS,15
NELIO,15
SALVADOR,15
ALEXANDER,15
YARA,15
ZELIA,15
AGENOR,15
DIRCEU,15
DAIANA,15
SUELEN,15
CAMILLA,14
IRIS,14
MAURILIO,14
PAOLA,14
WALLACE,14
EVELINE,14
ROSALINA,14
VALDEMAR,14
RUBIA,14
REBECA,14
ERICK,14
GENIVALDO,14
ALYSSON,14
MARLON,14
RAFAELLA,14
GLAUCO,14
ELLEN,14
FRANKLIN,14
EMANOEL,14
THALITA,14
ALDA,14
CATARINA,14
WLADIMIR,14
ROMILDO,14
ADELINO,14
AGUINALDO,14
VLADIMIR,14
EXPEDITO,14
DILSON,14
LEVI,13
MARIANGELA,13
WILLIAN,13
WILMA,13
DIOGENES,13
AUREA,13
ROSIMAR,13
EDIMAR,13
AGOSTINHO,13
OLGA,13
MARIVALDO,13
MARCELINO,13
VIRGILIO,13
ELEN,13
OSWALDO,13
HELENO,13
ELINE,13
ROSSANA,13
FABIANE,13
JURACI,13
FABRICIA,13
LUISA,13
ROBERVAL,13
TADEU,13
NILZA,13
VITORIA,13
GIOVANA,13
ANSELMO,13
ELIZANGELA,13
IVONETE,13
HILTON,13
ZENAIDE,13
GISLAINE,13
MAISA,13
TASSIA,13
GENIVAL,13
KEILA,13
VALQUIRIA,13
ARISTIDES,13
IRANI,13
SUSANA,13
MARCONI,13
ELIO,13
ALEXSANDRA,12
THALES,12
MARIANO,12
HERMES,12
ADELSON,12
RAMON,12
OLIVIA,12
LUCY,12
LINDOMAR,12
SILAS,12
DARCY,12
ROSIMEIRE,12
MICHEL,12
REGIANE,12
KAMILA,12
AROLDO,12
MERCIA,12
IVALDO,12
ENIO,12
LILIA,12
KENIA,12
EZEQUIEL,12
PALOMA,12
IRAN,12
MAURA,12
WANIA,12
AMELIA,12
LUCILENE,12
WANDA,12
JOSELITO,12
ZILDA,12
ELENICE,12
MARINALVA,12
VALDIVINO,12
ELOISA,12
DIRCE,11
JACIARA,11
IZABELA,11
ANNE,11
EMILIO,11
DELCIO,11
MELINA,11
POLIANA,11
AIDA,11
BRAULIO,11
ELIDA,11
LEONEL,11
WELINGTON,11
LEA,11
ILSON,11
THAYS,11
GENESIO,11
NAIARA,11
ALCIR,11
CINARA,11
ADAUTO,11
ROBERIO,11
DORALICE,11
IRINEU,11
LUCELIA,11
ISAC,11
JANICE,11
ALBA,11
ELY,11
WILMAR,11
GONCALO,11
JOYCE,11
MARCELLO,11
SYLVIO,11
NEI,11
HELCIO,11
GIOVANI,11
LINDALVA,11
ERNESTO,11
CLEITON,11
LARA,11
TACIANA,11
JOELSON,11
RIVALDO,10
JOICE,10
CELINA,10
ODETE,10
DAMIANA,10
IVANETE,10
ADAIR,10
ROSIANE,10
ADOLFO,10
ARI,10
FELIX,10
PETRONIO,10
HELLEN,10
NAIR,10
ALANA,10
STELLA,10
ODILON,10
DIMAS,10
DILMA,10
RUTE,10
MARINALDO,10
JOSIEL,10
ARLENE,10
ROGERIA,10
JUVENAL,10
VANDERLI,10
SAMANTHA,10
CAMILO,10
CANDIDA,10
SOCORRO,10
DORIS,10
JONATAS,10
JUAN,10
LIANE,10
INEZ,10
ALCIONE,10
GILDO,10
DULCE,10
CLODOALDO,10
EVELYN,10
NANCI,10
INACIO,10
ELANE,10
MELISSA,10
ENEIDA,10
CLAUDEMIR,10
MAXWELL,10
MARCONDES,10
REYNALDO,10
NATANAEL,10
DECIO,10
HERBERT,10
ANGELITA,10
ANELISE,10
HILDA,10
ANTENOR,10
KARIN,10
CLARISSE,10
NATASHA,10
ERIVALDO,10
ELISEU,10
NEIVA,10
WANESSA,10
DAISY,10
BERNADETE,10
ESTHER,10
ROSEANE,10
FRANCINE,9
LEOPOLDO,9
OTACILIO,9
LUCILA,9
WALDEMIR,9
ADONIAS,9
PLINIO,9
NIVIA,9
FRANCILENE,9
BENICIO,9
TOMAS,9
MARINETE,9
ALTAMIR,9
BRAZ,9
BRENDA,9
TULIO,9
HERCULES,9
JOSEANE,9
DARCI,9
ALONSO,9
BARTOLOMEU,9
CLAUDIONOR,9
GILMARA,9
IRACI,9
TAINA,9
GERMANO,9
WALBER,9
EMMANUEL,9
ERIC,9
ADELIA,9
ROMUALDO,9
SILVANIA,9
HEITOR,9
MARCELLE,9
DALMO,9
GISLENE,9
GIOVANNI,9
ADAILTON,9
POLLYANNA,9
ANDREI,9
JACY,9
CLECIO,9
LICIA,9
KELLEN,9
GRAZIELA,9
CINTHIA,9
ALZIRA,9
JACI,9
ELIS,9
NELI,9
VIVALDO,9
MAYRA,9
NADJA,9
NOEMI,9
DAYANA,9
LINCOLN,9
SORAIA,9
GRACE,9
GIL,9
ADELMO,9
WANDERSON,9
ARIADNE,9
MICHAEL,9
CIBELE,9
LEONICE,9
ISADORA,9
EVILASIO,9
CELESTE,9
CIRO,9
ZULEIDE,9
RAMIRO,9
ABEL,9
ABILIO,9
ILMA,9
EDITE,8
DIVINA,8
KAMILLA,8
EZEQUIAS,8
FLORA,8
SAMIR,8
FRANCIELI,8
SANDOVAL,8
JACKELINE,8
SAMIA,8
AECIO,8
NORBERTO,8
FABIA,8
FRANCIELE,8
FRANCIANE,8
GIOVANNA,8
CLOVES,8
EDILBERTO,8
ELIENE,8
GISELA,8
AMERICO,8
MARINES,8
EDIMILSON,8
GLEIDE,8
VANDER,8
ADERSON,8
ALDEMIR,8
LUCIVALDO,8
SALETE,8
VIVIANNE,8
JOHN,8
MAGALI,8
CHRISTIANO,8
GIULIANO,8
SHIRLEI,8
CICERA,8
THAISA,8
JULIETA,8
DELMA,8
EUCLIDES,8
CLAYTON,8
EMANUELLE,8
VALDINEI,8
GERMANA,8
ANISIA,8
HERMINIO,8
SILVAN,8
JOCIMAR,8
HERMANO,8
LANA,8
GEISA,8
ILZA,8
OCTAVIO,8
JOSELIA,8
EDITH,8
VALERIO,8
ARIVALDO,8
ROBERT,8
CLEUZA,8
SOFIA,8
CLEUSA,8
ELMAR,8
ALDAIR,8
NILDA,8
CRISTOVAO,8
AMAURY,8
EDGAR,8
VALDEMIRO,8
LEONIDAS,8
TAMIRES,8
MARINEZ,8
TAMARA,8
IVANIA,7
STENIO,7
SAMANTA,7
CRISTINE,7
JACINTO,7
GLAUBER,7
VALDEVINO,7
IVANIR,7
DALTON,7
DIONE,7
ERICO,7
HERCULANO,7
GRACA,7
CHRISTIAN,7
GABRIELLE,7
CELI,7
NELMA,7
EULINA,7
DENNIS,7
THEREZA,7
MOZART,7
EDERSON,7
THELMA,7
EUGENIA,7
SHEYLA,7
ELVIRA,7
ORIVALDO,7
URSULA,7
GENI,7
NAILTON,7
CLEIA,7
SHIRLENE,7
RAPHAELA,7
DELSON,7
RENE,7
RILDO,7
RENILDO,7
ROSINEIDE,7
TEMISTOCLES,7
OLAVO,7
GABRIELLA,7
MOACYR,7
ELENA,7
EDIVAN,7
DINA,7
CREUSA,7
ELISETE,7
ISMAR,7
NOEMIA,7
ISIS,7
ISAURA,7
PAULINO,7
GREICE,7
NICOLE,7
PATRICK,7
ROSILDA,7
FRANCIELLE,7
DONIZETE,7
GUIOMAR,7
ROMERO,7
ROMILDA,7
CLEVERSON,7
GUTEMBERG,7
NEY,7
MIRELLA,7
FRANCIS,7
FRANK,7
MISAEL,7
DEUSDETE,7
NESTOR,7
ERASMO,7
LOURENCO,7
JUCARA,7
ALCIMAR,7
JEOVA,7
WELITON,7
WALERIA,7
ANIBAL,7
ALAIDE,7
LIANA,7
MARIZETE,7
LUCINEIDE,7
LUCIMARA,7
ANGELINA,7
KAROLINE,7
JOILSON,7
JOAB,7
AFRANIO,7
ARILSON,7
ANISIO,7
LUAN,7
LENI,7
MAGNA,7
LAERTE,7
MARCILENE,7
AILSON,7
JOSENILDO,7
ANITA,7
ZENILDA,7
ISABELLE,6
DARLAN,6
MARLUCIA,6
RAISA,6
MORGANA,6
CREUZA,6
PERICLES,6
JESIEL,6
EDILMA,6
WILIAM,6
CLELIA,6
BENJAMIM,6
UZIEL,6
ETIENE,6
BERENICE,6
ZENILDO,6
NELCI,6
LISIANE,6
SIRLENE,6
JOSELITA,6
GLENDA,6
UMBERTO,6
JANDIRA,6
ILANA,6
CRISTIAN,6
JOSANE,6
LEONILDO,6
HELENICE,6
JUCELINO,6
JONES,6
ELENIR,6
TOMAZ,6
ARIOSVALDO,6
SIMAO,6
PAMELA,6
ELOI,6
ELMO,6
ALEXSANDRO,6
ALEXANDRO,6
CLEYTON,6
ZACARIAS,6
ROSEMERI,6
VANDIR,6
DIANE,6
ALBERTINA,6
ALBINO,6
FLORISVALDO,6
EURIPEDES,6
ROMEU,6
ARIANE,6
CREMILDA,6
GILDETE,6
WALACE,6
WANDER,6
RONEY,6
LAILA,6
BRUNNO,6
SINARA,6
SUZANE,6
ZILMA,6
TAISE,6
ELDER,6
JONATHAN,6
ROSELY,6
VANDERLEY,6
UBIRACI,6
WANDERLEI,6
JAMIL,6
ELIZA,6
ROSEMEIRE,6
EDVAN,6
OSEIAS,6
IVANILDA,6
IVANILDE,6
HERALDO,6
EDINALVA,6
VALDIRENE,6
ERIVAN,6
LIVIO,6
NIVEA,6
JADIR,6
GEOVANE,6
STEPHANIE,6
JADSON,6
EDEN,6
ATILA,6
GEORGINA,6
JULIANE,6
EDNEY,6
NOEL,6
MAYSA,6
MEIRE,6
TERCIO,6
JADER,6
WALESKA,6
MABEL,6
ONEIDE,6
HOMERO,6
ALTAMIRO,6
JOSILENE,6
NINA,6
JACO,6
ALUIZIO,6
MAXIMILIANO,6
GENILSON,6
GLAUCIO,6
RODOLPHO,6
EVERSON,6
NEILTON,6
LUZINETE,6
ADMILSON,6
EWERTON,6
ADELAIDE,6
JOSIVALDO,6
HILDEBRANDO,6
EMILSON,6
VALFREDO,6
POLLYANA,6
THADEU,6
CLAUDENIR,6
ILTON,5
ENILSON,5
CLAUDINEI,5
ROSIMERI,5
DENIO,5
OZIAS,5
CIRLENE,5
LUCINETE,5
WENDEL,5
NEUMA,5
SAYONARA,5
ANALIA,5
GENILDA,5
HILARIO,5
TONY,5
ESTELA,5
FRANCIMAR,5
ERONILDO,5
NEUTON,5
SILVESTRE,5
ANILSON,5
WEBER,5
ROSIMERE,5
EDELSON,5
RENALDO,5
ROSEANA,5
HERMANN,5
ESMERALDA,5
ADEMILSON,5
CLESIO,5
MOEMA,5
JUCELIO,5
EMIDIO,5
LEVY,5
RONI,5
JURACY,5
EUDES,5
DERMEVAL,5
ANGELINO,5
ROSELIA,5
EGIDIO,5
IAN,5
MYLENA,5
MYRIAN,5
JOHNNY,5
LARYSSA,5
ANDREY,5
MIRNA,5
CIBELLE,5
CLEMENTE,5
NADIR,5
OLIMPIO,5
ANDREZZA,5
ROSELAINE,5
HELTON,5
ALDECIR,5
GASPAR,5
ESDRAS,5
NAIRA,5
ADALTO,5
GASTAO,5
RAPHAELLA,5
THAISE,5
GERUSA,5
LINO,5
JOMAR,5
OMAR,5
HORACIO,5
EDESIO,5
ENILDO,5
RONILDO,5
IDA,5
ANASTACIO,5
ILKA,5
SIDINEI,5
VIOLETA,5
CELMA,5
ROSALVA,5
WELTON,5
ROSALIA,5
ANTONIETA,5
MARILU,5
ELBA,5
EFIGENIA,5
ELAYNE,5
ALCINO,5
CERES,5
CILENE,5
LINDEMBERG,5
SILVANE,5
MARCELLUS,5
TAMIRIS,5
ILMAR,5
RICHARD,5
WALQUIRIA,5
MARLOS,5
EDINA,5
LEO,5
NILCEA,5
DINALDO,5
IRMA,5
AMADEU,5
IVNA,5
DALILA,5
ABDON,5
DANUSA,5
ELEONORA,5
MAGNUS,5
MILENE,5
COSMO,5
VALCIR,5
SABINO,5
EVANIA,5
MAGALY,5
AGDA,5
WILLIAMS,5
GIULIANA,5
VALDO,5
GLADYS,5
ADENILSON,5
FILOMENA,5
BETANIA,5
VALDECY,5
RAYSSA,5
ERNANDES,5
KELY,5
MAIARA,5
WILIAN,5
JACIRA,5
IVANISE,5
VALDEIR,5
POLYANA,5
PETER,5
SIRLEI,5
SAMIRA,5
CRISPIM,5
ELIESER,5
WILLIANS,5
VALDOMIRO,5
ABRAAO,5
DORA,5
ABRAHAM,5
LUZIMAR,5
CACILDA,5
GLAUCE,5
SOSTENES,5
JOSINALDO,5
JACQUES,5
DOMINGAS,5
ACACIO,5
LOUISE,5
MANOELA,5
DULCINEA,5
GUARACI,5
AURINO,5
REBECCA,5
EDILEUZA,5
DEMERVAL,5
DAYANE,5
ELINALDO,5
CARLINDO,5
ELIOMAR,5
LISANDRA,5
LELIA,5
JUVENCIO,5
ROZILDA,5
QUEILA,5
VALDI,5
AURORA,5
EURICO,5
IURI,5
IZAURA,5
LIZIANE,5
JARDEL,5
EVARISTO,5
EUSTAQUIO,5
GREGORIO,5
DANYELLE,5
LILIANA,5
LENIRA,5
ACACIA,5
ARISTOTELES,5
NICOLAU,5
SALOMAO,5
WALDENIR,5
LIZETE,5
JUDITH,4
LINA,4
NORIVAL,4
GINA,4
JUDSON,4
DAGOBERTO,4
HENRY,4
NEILA,4
DAILTON,4
REBEKA,4
ENRICO,4
DAISE,4
LAECIO,4
DAMARIS,4
ESTANISLAU,4
ESPEDITO,4
ROSINETE,4
GENOVEVA,4
ROSARIO,4
HERMOGENES,4
ERISVALDO,4
NAZARE,4
GISLANE,4
NAZARENO,4
CLAUDIANE,4
ALMIRA,4
LADISLAU,4
JOSINEIDE,4
JOSETE,4
MARESSA,4
DANIELLY,4
SOLON,4
JOSENIR,4
SOLIMAR,4
TATYANE,4
GIZELDA,4
EDNALVA,4
JOSUEL,4
GERARDO,4
LILLIAN,4
NEIRE,4
ANAMARIA,4
DAVIDSON,4
NICOLLE,4
CLERIO,4
HEBERT,4
GRAZIELLE,4
CONSTANTINO,4
CONSUELO,4
TAISA,4
TAIANA,4
NIDIA,4
NIEDJA,4
ANANIAS,4
ODAIR,4
LUNA,4
SILVANI,4
GILDA,4
JONATHAS,4
LURDES,4
GILDASIO,4
EDGARD,4
WALDEMIRO,4
ENOQUE,4
GUILLERMO,4
SUZY,4
ANAIDE,4
WALDECIR,4
EDJANE,4
HAILTON,4
GRIMALDO,4
SUZETE,4
JUCELIA,4
SIMEI,4
EDLA,4
GICELE,4
HANDERSON,4
HANNA,4
MAITE,4
GRACIELE,4
SIZENANDO,4
ALZENIRA,4
SUERDA,4
ODIR,4
GILTON,4
ALIPIO,4
NILVA,4
GEREMIAS,4
GLEICE,4
DELANO,4
VLADEMIR,4
ROSINALDO,4
SILENE,4
MARCIUS,4
HELVECIO,4
CLECI,4
GILVANIA,4
ERIK,4
LUDMILLA,4
AMALIA,4
ADILTON,4
JOSEILDO,4
NILCE,4
CRESO,4
DARLENE,4
ENILDA,4
NELY,4
EDIR,4
GERUZA,4
MARCELLA,4
HELIDA,4
NILDE,4
EDIO,4
NILMA,4
GLICIA,4
JOSEILTON,4
HELIA,4
ENI,4
EPAMINONDAS,4
WLADEMIR,4
NANCY,4
RONEI,4
SCHEILA,4
BERNARDINO,4
MARINEIDE,4
EULALIA,4
LEILANE,4
ALCEU,4
SAVIO,4
CASSIANO,4
RONAN,4
JENNIFER,4
CASSANDRA,4
TITO,4
RAILTON,4
MICHELI,4
MARINHO,4
MICHELINE,4
SAUL,4
LEONI,4
BETTINA,4
WENDELL,4
MARTINHO,4
ISMENIA,4
VALMOR,4
MUCIO,4
VALBER,4
ASTROGILDO,4
DIONIZIO,4
FAUSTINO,4
THEREZINHA,4
JAMILE,4
MOYSES,4
IVA,4
BENTO,4
OTTO,4
ALCINA,4
MARILUCIA,4
VANUZA,4
THOMAS,4
ELDA,4
THOMAZ,4
FELICIANO,4
JAMILLE,4
MIZAEL,4
JEANNE,4
CEZARIO,4
UILSON,4
ABRAHAO,4
DINALVA,4
JANILSON,4
IRANILDO,4
JANIRA,4
IRAPUAN,4
ISA,4
CAETANO,4
RUBEN,4
LEIDE,4
MARKUS,4
KALINE,4
JANUARIO,4
BRUNNA,4
MARLEI,4
LUANDA,4
ARLEY,4
BRISA,4
MARLEY,4
ARISTEU,4
IRANDI,4
JEANINE,4
CARINE,4
CARMELITA,4
LISETE,4
ALCEBIADES,4
MIRTES,4
ACIR,4
LUCI,4
PETERSON,4
BIBIANA,4
CARLITO,4
ROMARIO,4
SANTO,4
ABNER,4
DULCINEIA,4
FRANCESCO,4
JASON,4
MIRIA,4
LEIDA,4
ISAQUE,4
MIRELA,4
ARAO,4
ROZANA,4
JANSEN,4
AUXILIADORA,4
VERIDIANA,4
ZENILDE,4
VALDENOR,4
ZOZIMO,4
NAJARA,4
LAVINIA,4
ABDIAS,4
OSMARIO,4
VERALUCIA,4
MAYCON,4
ESTEVAM,4
VALDENICE,4
VALDENI,4
MARILANE,4
BALTAZAR,4
VALDETE,4
LEONOR,4
AYRTON,4
DENILDO,4
HILDETE,4
JUNIA,4
MARIANNA,4
JOANITA,4
MARIANNE,4
ALDEMAR,4
ROSALVO,4
LENILDA,4
OSEAS,4
ESTEVAO,4
HOSANA,4
IZABELLA,4
VERISSIMO,4
AYLTON,4
NATALIE,4
NATALINO,4
POMPEU,4
JACYRA,4
VALDAIR,4
BELCHIOR,4
MARILEIDE,4
MARILEIA,4
FAGNER,4
HIGOR,4
RALPH,4
MYRIAM,4
GABRIELE,4
IVANICE,4
ALDENOR,4
MARILDO,4
APOLINARIO,4
LIZANDRA,4
JAKELINE,4
JULIMAR,4
ROSIVALDO,4
NATERCIA,4
MAURICEA,4
RONY,4
LAURENTINO,4
ELADIO,4
GENARO,4
LENISE,4
KELEN,4
GALDINO,4
WOLNEY,4
DJANE,3
DINEA,3
JOSILDA,3
ALIOMAR,3
SINVAL,3
EVILAZIO,3
YOLANDA,3
KEITY,3
ERNANDO,3
ADONIRAN,3
GILMA,3
ALOIZIO,3
NOELIA,3
LIZ,3
LUZIANE,3
SIOMARA,3
LISANDRO,3
LUZ,3
FIRMINO,3
FARLEY,3
RUBENITA,3
EDILA,3
ALISON,3
ROSILANE,3
SAIDE,3
GILVANDO,3
SALATIEL,3
EVANILDA,3
GILVANDRO,3
LOURIVALDO,3
ALMERINDA,3
JOUBERT,3
DIONISIO,3
DORACI,3
ROSILDO,3
SOELI,3
EVANILDO,3
DORGIVAL,3
GIOVANE,3
LILIAM,3
KASSIA,3
LYGIA,3
AISLAN,3
SAMILA,3
ROSILAINE,3
DJAIR,3
DJACIR,3
YGOR,3
ADSON,3
AGLAE,3
PIETRO,3
RUDINEI,3
DIVA,3
FABIULA,3
DORIVAL,3
ADRIELLE,3
KENNEDY,3
AIRES,3
JULIENE,3
FLAVIANA,3
GEANE,3
JUDITE,3
GEAN,3
WARLEY,3
SILEIDE,3
ALDECI,3
GARDENIA,3
RAMILTON,3
SERVULO,3
YEDA,3
DERALDO,3
SILMAR,3
SILMARA,3
LINDINALVA,3
OLINDA,3
WELLIGTON,3
ALEJANDRO,3
EBER,3
EROTIDES,3
OLDAIR,3
JUCILENE,3
KLEYTON,3
JUCILEIA,3
WELLITON,3
DERLI,3
JURANDY,3
LUCINEIA,3
ROSINEI,3
WELSON,3
GECY,3
ALDERI,3
GENILTON,3
ESTEFANIA,3
DEMILSON,3
ALDENIR,3
GENECI,3
GENARIO,3
ALDENICE,3
SHEILLA,3
GENY,3
ONILDO,3
ONESIMO,3
YANNA,3
ETELVINA,3
DENIR,3
KLEITON,3
GEOVANA,3
ETEVALDO,3
DENIZ,3
DENIZETE,3
LUDIMILLA,3
JUNIOR,3
OSIAS,3
DENYS,3
GERALDINA,3
DEIVISON,3
OTHON,3
OCIMAR,3
JUSTINIANO,3
GENILDO,3
GIANA,3
GIANCARLO,3
ERONILDES,3
SANTIAGO,3
SANTA,3
ODILIA,3
ROZIMAR,3
DAVISON,3
FORTUNATO,3
EURIDES,3
ALBER,3
LUCCAS,3
EUSEBIO,3
EDI,3
WESLLEY,3
PAULINA,3
SIMONI,3
SIMONY,3
ALICIO,3
DILMAR,3
XENIA,3
EUVALDO,3
ALAOR,3
EUZEBIO,3
ALBERTINO,3
JUCELI,3
FREDSON,3
PAMELLA,3
OTILIA,3
DEUSA,3
EUFRASIO,3
LUCILEIDE,3
GERVASIO,3
DEISIMAR,3
ROSIMERY,3
FRANCY,3
SILVANIO,3
SILVANO,3
LUCILEIA,3
SEBASTIAN,3
FRANCISLENE,3
GESSE,3
OZIEL,3
LIRIO,3
DEVANIR,3
GESSICA,3
FRANCINETE,3
SILVERIO,3
FRANCINEIDE,3
ADONAI,3
FRANCINALDO,3
LUCIDALVA,3
GESUALDO,3
ALBERT,3
AURENICE,3
GISELIA,3
ELVIS,3
CECILIO,3
ZENOBIO,3
ELCIMAR,3
ARCELINO,3
THIARA,3
RONILSON,3
CELMO,3
JERUSA,3
CENIRA,3
RONNY,3
MARILSA,3
CESARIO,3
ILDA,3
THEMIS,3
LAYLA,3
RONNIE,3
MYCHELLE,3
MARILENA,3
VANUSA,3
JEREMIAS,3
ADAIL,3
MONALIZA,3
IONETE,3
TRAJANO,3
CARMELIA,3
JAZIEL,3
LECIO,3
INOCENCIO,3
INDIANARA,3
ARIEL,3
VANILDA,3
LECI,3
ELOIZA,3
ARIANNE,3
INAJARA,3
MODESTO,3
INACIA,3
TIBERIO,3
MONALISA,3
THAYNARA,3
THATYANE,3
LAUDICEIA,3
HIDERALDO,3
ANNY,3
EDVANDO,3
ADEILDO,3
CLARINDA,3
CLARINDO,3
ANIVALDO,3
ADEILSON,3
ROSANIA,3
EMILIANA,3
JEZIEL,3
ADEILTON,3
EDUARDA,3
NATHANAEL,3
HERVAL,3
NAYANE,3
ADELAR,3
NAYRA,3
ROSARIA,3
NATAN,3
EDVAR,3
TEOFILO,3
HILMA,3
VERENA,3
CHRISTINA,3
CHRISTINE,3
MARIETA,3
JIVAGO,3
CIDALIA,3
LIDUINA,3
JOACIR,3
ZENEIDE,3
LEONORA,3
EDY,3
ANTONELLA,3
RICHARDSON,3
ANTHONY,3
ANTAO,3
JOANNA,3
VERUSKA,3
CARLUCIO,3
MIRLENE,3
CARLOTA,3
VALBERTO,3
ELISE,3
IVANI,3
BELMIRO,3
IVANEIDE,3
LENA,3
LENITA,3
JALMIR,3
ELISMAR,3
LELIO,3
CARLO,3
ELITA,3
ROBINSON,3
IURY,3
URBANO,3
ITALA,3
VALNEI,3
JANAYNA,3
JANDERSON,3
ZORAIDE,3
IVANIRA,3
IVANY,3
ELIESIO,3
AURELINO,3
AUREO,3
JACIMAR,3
JACOB,3
AURELIANO,3
VALDICE,3
MAYLA,3
AVANY,3
AVELINO,3
LENIR,3
VALDERI,3
AUGUSTA,3
IZA,3
IVY,3
IVONILSON,3
JADIEL,3
LENICE,3
BETHANIA,3
ABIMAEL,3
LEOMAR,3
IRES,3
IREMAR,3
UBIRACY,3
UBALDO,3
CALIXTO,3
CAMILE,3
MARK,3
MARJORIE,3
IRANEIDE,3
CANDICE,3
MARJA,3
ROMMEL,3
ARIOVALDO,3
ELMA,3
LEIA,3
IRACY,3
ZILA,3
ELENI,3
ROMILSON,3
IRIA,3
ELIAN,3
LEIDIANE,3
MICHELLI,3
ULYSSES,3
VALTEMIR,3
JANETH,3
ISIDORO,3
ARNOR,3
MIDIA,3
LEON,3
ELIZETH,3
MARLISE,3
JANINE,3
MIKAEL,3
MILA,3
LEONAM,3
BRENNO,3
MARLETE,3
MARLEIDE,3
CLAUDENICE,3
ROSEMERE,3
CLEZIO,3
ALYSON,3
LARISSE,3
HELIANA,3
CLEUTON,3
GLEISE,3
GREYCE,3
JOHNSON,3
MAGDALA,3
CLEISON,3
WALDECK,3
EDIVAL,3
DAIZE,3
ROSELENE,3
SUZE,3
GLADIS,3
AMIRALDO,3
JOSELMA,3
JORDAN,3
GLENIO,3
JOSENILSON,3
JOSENALDO,3
JORDANA,3
CONRADO,3
HELITON,3
TANISE,3
ALUIZO,3
HELGA,3
NILZETE,3
HELENITA,3
WALDYR,3
GUIDO,3
EDIVANIA,3
JONILSON,3
DACIO,3
ADEMILTON,3
ZAIRA,3
SUZIANE,3
NEREU,3
SUELENE,3
SUELEM,3
ALYNE,3
HEIDI,3
TALLES,3
ANANDA,3
TAISSA,3
JOSENILDA,3
HELBER,3
TALINE,3
CLEOMAR,3
EPITACIO,3
TALITHA,3
MANUELLA,3
MAICON,3
ERICH,3
GIVANILDO,3
EDMILTON,3
GRAZIELE,3
EDNEIA,3
NOELI,3
ADELIO,3
ADELINA,3
TATIANI,3
GISELY,3
TATIANY,3
HERBET,3
CYNTIA,3
ENAURA,3
GRACIANA,3
NILDO,3
ERI,3
HENIO,3
CLAUDINEY,3
GRACIA,3
ROSECLEA,3
ALTEMAR,3
ADHEMAR,3
EDIVAR,3
RIBAMAR,3
TAYANE,3
ADERBAL,3
JOSEANA,3
ROSENIR,3
GRACIELA,3
ANABEL,3
EDMIR,3
GRACILENE,3
TARCIANA,3
TARCIANO,3
MAIZA,3
NEIVALDO,3
VIVIANA,3
EDINELSON,3
GRASIELE,3
RENILDA,3
WALISSON,3
ROSENEIDE,3
HELOIZA,3
TARCIZIO,3
WALKIRIA,3
HELVIA,3
HELVIO,3
ALTINO,3
VITORINO,3
HELY,3
CRISTHIANE,3
JOELCIO,3
EDINEIA,3
ERCILIA,3
NOE,3
CLICIA,3
EVANDO,2
RICARDINA,2
LEIDIVAN,2
EVANDIR,2
ERMELINDA,2
ELIZANE,2
LICIO,2
KESIA,2
ERIBERTO,2
RAFAELLE,2
LAICE,2
ROBERTINO,2
LEIDIMAR,2
ERNANE,2
KESLEY,2
LAFAIETE,2
ELISIANE,2
EVANGELINA,2
KENYA,2
ELISAMA,2
ERLI,2
EVELIZE,2
QUITERIA,2
KELVIA,2
LENICIO,2
EVELYNE,2
QUEZIA,2
ERISON,2
KELSON,2
LADJANE,2
EVERARDO,2
LENIO,2
RODNEI,2
LADILSON,2
RODNEY,2
LENILDO,2
ERITON,2
LENILSON,2
LIDIO,2
REGILENA,2
EVELISE,2
ELISANDRA,2
KELVIN,2
LAEL,2
EVANGELISTA,2
ELIVALDO,2
REGIVANIA,2
ELIUDE,2
LENY,2
LISSANDRA,2
ELIUD,2
LIDIANNY,2
EVANIO,2
EVANIR,2
REGIO,2
LISTER,2
ROCHELLE,2
RADIR,2
EVELIN,2
KYARA,2
LIEGE,2
LADY,2
ELISANE,2
LACI,2
KESSIA,2
ERONIDES,2
ROBERTH,2
KLEVERSON,2
ETHEL,2
EMANUELLA,2
EMANUELL,2
EMANOELLE,2
EMANOELA,2
ESAU,2
RILSON,2
EMA,2
ELZO,2
RENI,2
RILTON,2
ELZIO,2
RAMAO,2
ELZIMAR,2
RENEE,2
EUCILENE,2
LEONIR,2
RISIA,2
ELZANIR,2
LAYANA,2
LARRY,2
RICIERI,2
LEONY,2
RAULINO,2
ESEQUIAS,2
LAUDICEA,2
RAONI,2
RANULFO,2
LAUDENOR,2
EMMANUELLE,2
LAUREN,2
RANIERI,2
LINDAURA,2
LAUDEMIRO,2
RANIERE,2
RENIVALDO,2
EMILI,2
RANIEL,2
LESLIE,2
KLAUS,2
EMILCE,2
LAUDELINA,2
LINDEBERG,2
ESIO,2
LASARO,2
LEOPOLDINA,2
LAYANE,2
ELYSIO,2
ERENILSON,2
ELOINA,2
ENY,2
EMILY,2
LIAMAR,2
EULINO,2
ELNA,2
LAIZA,2
LEONCIO,2
LAISE,2
EURICLEIA,2
LAISA,2
RAYANE,2
KRISTIANE,2
EUSA,2
LENINE,2
ELKA,2
ERCY,2
RAIANNE,2
ERENILDO,2
RAIANE,2
ELIZIEL,2
RAFHAEL,2
KRISHNA,2
RIZA,2
KIRLEY,2
ELOIR,2
LAYS,2
LANNA,2
LAYSE,2
LANDERSON,2
RAINA,2
KIM,2
LAZARA,2
KEYLA,2
ENILTON,2
ENOCK,2
RIVANDA,2
ENOI,2
ELSA,2
ELPIDIO,2
ELOY,2
ELOISIO,2
LEANDRA,2
LIZA,2
EULER,2
LILIANNE,2
LIS,2
EMANUELE,2
GILSA,2
PRISCYLA,2
HIPOLITA,2
MARIELE,2
JOACY,2
NAPOLEAO,2
MARIELA,2
HUELITON,2
MARIEL,2
MARICELIA,2
HORTENCIA,2
NARCISIO,2
MARIBEL,2
HIRAN,2
NATALICIO,2
JOACI,2
NATALY,2
NATANIEL,2
NATASCHA,2
JOAQUINA,2
JOAREZ,2
JOAS,2
JOBSON,2
MARIALVO,2
JOCELAINE,2
NATHALIE,2
HIDELBRANDO,2
NALVA,2
IANA,2
JORDANIA,2
NAIANA,2
ILDEFONSO,2
MARILISE,2
MARILIO,2
JESSIKA,2
IGNACIO,2
MARILEA,2
NADINE,2
NADJANE,2
IDEMAR,2
IDELFONSO,2
NAGELA,2
NAIANE,2
IANARA,2
IDALICIO,2
IDALIA,2
NAILA,2
MARILCE,2
NAILDE,2
NAILSON,2
ICARO,2
IBSEN,2
MARIELZA,2
IANE,2
JIVALDO,2
MARIAH,2
NATHALYA,2
NAYANA,2
MARCELIA,2
MARCIAL,2
NELBE,2
JOHNATHAN,2
NELIA,2
NELIDA,2
HELIOMAR,2
JOICY,2
NELLY,2
MARCELUS,2
HELI,2
MARCELINA,2
MARCELE,2
HERTHA,2
HELAINE,2
HEDER,2
HEBER,2
NERO,2
NERY,2
JONEI,2
NEUCI,2
HANS,2
HANNAH,2
JONH,2
NEUSARINA,2
MARCILIA,2
NEIMAR,2
HENDERSON,2
JOEDNA,2
HERON,2
JOCELIO,2
HERNANE,2
HERNAN,2
NAYSE,2
MARI,2
MARGUIT,2
JOCENIR,2
MARGARET,2
HERLY,2
NAZIR,2
HERIVELTO,2
NEEMIAS,2
HERIBERTO,2
JOCILENE,2
JOCINEI,2
HERCILIO,2
HERCILIA,2
MARCY,2
HERBETH,2
MARCONY,2
JOE,2
NEILSON,2
ILDEMAR,2
MARILSON,2
MOZAR,2
MARTIN,2
MATHIAS,2
JALDO,2
MARYLAND,2
IVAM,2
IVALDIR,2
MERCEDES,2
JAMILA,2
MERI,2
ITANIA,2
JAMYLE,2
JANA,2
MICHAELE,2
MARLUCI,2
MARTIM,2
ISOLDA,2
MICHELLA,2
MARNICE,2
JANEISA,2
JANET,2
ISLANIA,2
MICHELY,2
ISAMARA,2
JANIA,2
MARLUCIO,2
IVANALDO,2
IVANDRO,2
MATIAS,2
IVANILCE,2
JACINTA,2
MAXIMO,2
JACILDA,2
MAURIZIO,2
MAYANA,2
MAYANE,2
JACYARA,2
IZOLDA,2
IZAQUE,2
IZAEL,2
MEIRIANE,2
MEIRY,2
IVONILDE,2
IVONICE,2
JADILSON,2
MELAINE,2
JAEL,2
MAURI,2
JAILZA,2
JAINA,2
JAIRA,2
JAISON,2
MATILDE,2
ISAEL,2
ISABELLY,2
ILDENIR,2
MOIZES,2
MARIS,2
MARINO,2
MOARA,2
INAURA,2
INARA,2
MODESTINO,2
INALDO,2
INAE,2
INA,2
JEOVAH,2
ABADIA,2
MONA,2
ISABELE,2
MARILZETE,2
MARILYN,2
MARILUZE,2
MONIKE,2
ILTAMAR,2
MARILUCE,2
JERRY,2
JERSON,2
MONIZE,2
ILIDIO,2
ILDEU,2
MOACI,2
MARISETE,2
MARISOL,2
MARISSOL,2
MARLICE,2
MILAGROS,2
MILANE,2
MILCA,2
MILLER,2
JANUARIA,2
IRENO,2
MARLA,2
IRENALDO,2
MILZE,2
MIQUEIAS,2
MARIZE,2
MIRABEAU,2
MIRAMAR,2
MARIVANIA,2
IRAI,2
MIRELLE,2
JASSON,2
JAVIER,2
JAYLSON,2
IRA,2
MIRLA,2
MARISTELLA,2
MANUELITA,2
GUNTHER,2
KELI,2
LUCILEA,2
OTILIO,2
FRED,2
OTON,2
OTONIEL,2
OZANA,2
FRANCO,2
OZEAS,2
FRANCIVALDO,2
JUSCELIA,2
OZILENE,2
FRANCINEI,2
JUSCIVALDO,2
JURANDIRA,2
PALMERIO,2
FRANCIELLI,2
JUVENIL,2
PASCHOAL,2
KAIO,2
PATRICE,2
LUCELENA,2
PATRICIO,2
FLORIVALDO,2
LUCE,2
KAISER,2
LUCIMARY,2
JURANDI,2
MANOELINA,2
LUCRECIA,2
ORDALIA,2
JULIANY,2
JULIE,2
GENISON,2
GENILDE,2
LUCYANA,2
GENEZIO,2
GENEBALDO,2
JULIUS,2
GENAURO,2
ORLANDINA,2
GEISY,2
LUCINDA,2
JULLIANY,2
JULLY,2
GEISLA,2
GEILZA,2
GEICE,2
GEDILSON,2
GECILENE,2
OSMIR,2
OSNI,2
OSNIR,2
OSVALDINA,2
FLORIANO,2
FLORENTINO,2
KALIANE,2
POLYANNA,2
KATHARINE,2
LORRAYNE,2
PLACIDO,2
KATHERINE,2
KATIANE,2
KATIUSCIA,2
POLIANE,2
LORENNA,2
POLLYANE,2
KATYA,2
POLLYANNE,2
LORECI,2
FLORENCIO,2
KAUARA,2
LOIVA,2
LOIRACI,2
LOIDE,2
KECIA,2
KEILIANE,2
KEILLA,2
PRICILA,2
EZIO,2
EZILDA,2
KELEM,2
PIERRE,2
PIERINA,2
FELICIA,2
PHILLIPE,2
KALINA,2
LUANNE,2
PEDRINA,2
FLAVIANO,2
FLAVIANE,2
FLAUSINO,2
KAREM,2
KARILENE,2
PENHA,2
PEPE,2
PERCIO,2
LOURINALDO,2
PERLA,2
FERNANDES,2
LOURENE,2
LOURDIANE,2
FELLIPE,2
KARLLA,2
FELISBERTO,2
FELIPPE,2
PHELIPE,2
KARLOS,2
KAROLINNE,2
GENTIL,2
ONOFRE,2
JULIANNA,2
GLAUCILENE,2
NILSO,2
JOSELINO,2
JOSELIO,2
MAGNOLIA,2
GLEICYANE,2
GLEICIANE,2
JOSENAIDE,2
GLEDSON,2
MAGNALDO,2
GLAURA,2
NINON,2
GLADSTON,2
MADSON,2
GLADSON,2
GIZELMA,2
GIZELLE,2
GIZELIA,2
GISSELE,2
GISLEIDE,2
GISLAYNE,2
JOSEVAL,2
GISELLY,2
JOSEVALDO,2
MAEVE,2
NILMAR,2
JOSEILSON,2
GODOFREDO,2
JOSEFINA,2
JORDECI,2
GUMERCINDO,2
GUINTER,2
NEYLA,2
GUILHERMINA,2
GUILHERMANO,2
GUARACY,2
NICANOR,2
GUALTER,2
NICE,2
GUACYRA,2
MANASSES,2
JORGETE,2
JORGINA,2
JORGINETE,2
GRACINDA,2
GRACILIANO,2
GRACIETE,2
GRACIENE,2
GRACIELLA,2
NILA,2
JOSANA,2
NILCEIA,2
GISELLA,2
GISELI,2
JULIAN,2
OLEGARIO,2
LUPERCIO,2
ODILSON,2
GEYSE,2
ODUVALDO,2
GESSI,2
GESNER,2
JUCIARA,2
GESIEL,2
LUIZIANE,2
JUCILEIDE,2
LUECY,2
OLICIO,2
JOSILAINE,2
OLIOMAR,2
OLIVAN,2
OLIVAR,2
OLIVEIRO,2
GERCINA,2
JUDAS,2
OLIVIO,2
GERALDINO,2
JUDY,2
GEOVANIA,2
GEOVAN,2
JUBER,2
ODILA,2
LUSIMAR,2
GIDEAO,2
GISELDA,2
NOELIO,2
GIRLANE,2
JOSIMARY,2
NOEMY,2
JOSMAR,2
LYDIA,2
NORA,2
JOSY,2
NORMALENE,2
JOVANA,2
NORTON,2
GILVANETE,2
JOVANI,2
NUBIO,2
JOVELINO,2
GILSOMAR,2
NUNO,2
GILNEI,2
GILMARIO,2
JOZETE,2
JUANA,2
JUARES,2
MUNIR,2
ZULMIRA,2
LENILTON,2
ALDECY,2
WELINTON,2
DIONEIA,2
DIONATAS,2
DION,2
VALMIRO,2
ASSUNTA,2
TARCILA,2
ASSUNCAO,2
CLEDSON,2
DINORAH,2
DINORA,2
ASSIS,2
DINIZ,2
CLEIDIANE,2
CLEIDSON,2
ALDENI,2
ALDENORA,2
SAMAI,2
CLEBIO,2
CLELSON,2
CLEANE,2
ATANASIO,2
DIVALDO,2
SADI,2
CLAUDIONORA,2
CLAUDIR,2
WENDY,2
ATAIDES,2
TATIANNE,2
TATHIANA,2
ALCINDO,2
TASSIANA,2
ALCINEI,2
CLAY,2
CLEA,2
ALCY,2
SALUSTIANO,2
VALMIRA,2
DINAURA,2
WECSLEY,2
CLAUDINO,2
DIJALMA,2
WANUSA,2
WANTUIL,2
TALES,2
DIDIMO,2
WANJA,2
VALTERSON,2
ALESSANDER,2
VAN,2
DEYSE,2
ARMINDO,2
SAYMON,2
WANDETE,2
ALFONSO,2
SCHIRLEI,2
DEUZARINA,2
DEUZA,2
CLESIVALDO,2
TALIA,2
CLEOMENES,2
SAMYA,2
WARE,2
DINAH,2
SAMYRA,2
VALTAIR,2
DIMAR,2
SANDER,2
DILVA,2
CLEMILSON,2
ARTURO,2
DILTON,2
SANDERSON,2
ALDIR,2
CLENES,2
DILNEI,2
CLENIO,2
CLENIR,2
CLEO,2
DILCELEA,2
CLAUDIOMAR,2
CLAUDINEIDE,2
DEUSELITA,2
AGILDO,2
TEODORICO,2
ROZANE,2
WILNA,2
CLAIR,2
AGNELO,2
DYANA,2
ROZILENE,2
AGRIPINO,2
DULCINEIDE,2
AGUILAR,2
AURENI,2
VALDINAR,2
DULCIMAR,2
WILLER,2
VALDINEIA,2
ROZINETE,2
CLARISMUNDO,2
TEODORIO,2
TEODORO,2
CLARK,2
ROXANE,2
EDDIE,2
AUSTREGESILO,2
ROSSANO,2
CIPRIANO,2
ROSSELINI,2
WLADMIR,2
WLADIA,2
AURINEIDE,2
ROSY,2
AERTON,2
CIRLEIA,2
VALDILEA,2
AGAMENON,2
WILZA,2
ROXANA,2
AGATA,2
AGEMAR,2
TELMO,2
CLAUBER,2
ALCEMIR,2
ALBANI,2
CLAUDIANA,2
WEVERSON,2
DOMICIO,2
TAYNA,2
ALBERICO,2
DOGIVAL,2
VALENTIM,2
VALESCA,2
CLAUDILENE,2
VALESKA,2
ATHOS,2
CLAUDIMIRO,2
DJENANE,2
DJANIRA,2
ATEVALDO,2
ALCELIO,2
ALCEMAR,2
TAYNARA,2
RUFINO,2
CLAUCIO,2
ALANE,2
WILLAMIS,2
DORVALINO,2
VALDIRA,2
AIME,2
WILL,2
AUGUSTINHO,2
AUDY,2
RUBIANE,2
CLAUDECY,2
CLAUDEILSON,2
AKEMI,2
WILDSON,2
ALADIM,2
DORACY,2
ALAILSON,2
CLAUDEMIRO,2
DONIZETI,2
DEUSIMAR,2
TAIA,2
ROSIRES,2
DEANE,2
ANALICE,2
ANALUCIA,2
ANALYANE,2
DAYENE,2
ANAPAULA,2
ANASTACIA,2
SILVILENE,2
SILVINA,2
STEPHANO,2
DAYANNE,2
SILZA,2
WADIH,2
SIMARA,2
DALCI,2
VOLNEI,2
ANDIARA,2
DAUSTER,2
APARICIO,2
WALCIR,2
DALETE,2
DAGMAR,2
CRISTOVAM,2
ARACY,2
AMINTAS,2
SUENY,2
CUSTODIO,2
CYBELE,2
AMIR,2
ARACELI,2
DEIVISSON,2
ARABELA,2
ANACLETO,2
SILVANDIRA,2
DEIVID,2
CYRO,2
AQUILES,2
APRIGIO,2
DAFNE,2
DALCY,2
VLAMIR,2
SILMA,2
ANETE,2
DARLEY,2
SINVALDO,2
ANEZIA,2
DALVO,2
SOPHIA,2
SONJA,2
SIRLEY,2
SIRLIANE,2
SONIVALDO,2
DANIELI,2
DANIELLI,2
VICENTINA,2
DANUZIA,2
DANILLO,2
VICTORIA,2
ANILDO,2
DANTE,2
VIRNA,2
STAEL,2
SIMONNE,2
STEFANE,2
VLADIA,2
ANDRESA,2
VIVIANI,2
VERNER,2
ANTONILDO,2
ANDRIELLE,2
VIVIA,2
STELA,2
SINEIDE,2
SINESIO,2
SINEZIO,2
STEFANO,2
STEFANIE,2
ANTONIEL,2
DALVANA,2
DARLY,2
DALVANIRA,2
CRISTIANI,2
VENICIO,2
CLETO,2
SYMONE,2
DEOCLECIO,2
ALLYSON,2
SHARA,2
VANDO,2
ALMIRO,2
ALOISIA,2
SUZIMAR,2
ALONCIO,2
DENILZA,2
VANER,2
SUZI,2
ARILENE,2
ARILENA,2
SUZELI,2
ALOYSIO,2
ARIENE,2
ARIELLE,2
SYDNEY,2
CLEVER,2
DENIA,2
CLEUZO,2
ARLI,2
DEUSDETH,2
CLEUDENICE,2
ARLEIDE,2
ARLEI,2
TABITA,2
VANDERLEIA,2
DERNIVAL,2
SERAFIM,2
CLEUNICE,2
ALIRIO,2
VANDERLICE,2
ARISTELA,2
DERCI,2
ALLINE,2
TABAJARA,2
ALLISON,2
WALKER,2
DENERVAL,2
AMERINO,2
DELMIRO,2
SUSI,2
SUSANNA,2
SUSANE,2
SIDICLEI,2
WALDINEI,2
DELMAR,2
SUSAN,2
ARGEMIRO,2
SIDIRLEI,2
CRISLANE,2
SUNNY,2
SUMAYA,2
SIGLIA,2
SILANE,2
DELCIR,2
CRISPINIANO,2
ARCANJO,2
DELMIRA,2
WALDINEY,2
SUZANNE,2
VANIR,2
WALFREDO,2
DEMILTON,2
VANIL,2
CONSTANCIA,2
ALVIMAR,2
CORACI,2
DEMETRIOS,2
CORINA,2
VANILDO,2
DELZUITA,2
ALZENIR,2
DELZA,2
SUYANNE,2
CRECENCIO,2
SUSY,2
AMANCIO,2
AMANDO,2
CINTHYA,2
ANIZIO,2
EDWALDO,2
ROSICLER,2
ELAINNE,2
ELAINY,2
ELGA,2
ELEUTERIO,2
ACHILES,2
TICIANE,2
BERNADETTE,2
THATYANA,2
ROSIANA,2
ROMILTON,2
ADIR,2
CASSIUS,2
EDINEI,2
THAUANE,2
ELENITA,2
EDINEIDE,2
BERGSON,2
ADENIR,2
BRANCA,2
ELENISE,2
ADIMILSON,2
EDINEUZA,2
ADIMAR,2
YASMINE,2
THATIANE,2
ELENILDE,2
ADENILTON,2
CELSON,2
ELIAQUIM,2
CELY,2
BRIVALDO,2
THAMIRIS,2
EDILEUSA,2
CAUE,2
VALDEMI,2
CATHERINE,2
TICIANA,2
TRICIA,2
CHRISTIANNE,2
ABSALAO,2
CARLSON,2
BERNARDINA,2
CATARINO,2
EDILTON,2
ADENILDE,2
THARCISIO,2
EDILZA,2
ZILDETE,2
EDNARDO,2
THERESA,2
ADAN,2
CARMELINO,2
EDILAMAR,2
BRASILINA,2
ZENIR,2
TONI,2
ZENIRA,2
BENIGNO,2
ADAIRTON,2
ROSEMERY,2
EDMARA,2
ZENON,2
BRASILIANO,2
RONDON,2
ROSEMBERG,2
ZENO,2
EDMA,2
UILIAN,2
BENILTON,2
ELDO,2
CHARLENE,2
BENTA,2
CHARLLES,2
THAYSE,2
ROSEMARIA,2
EDLENE,2
ROSEMARI,2
CARMO,2
ELECIR,2
ELBER,2
ELINETE,2
ZAQUEU,2
ADILIA,2
ROSENO,2
ADILENE,2
CHANG,2
ADA,2
ROSELE,2
RONIVALDO,2
ROSELENA,2
ZEZILDA,2
ELENILDA,2
ROSELINDA,2
ELEM,2
THAYNA,2
ROSENILDA,2
BRASIL,2
ADAILSON,2
CAROL,2
VALCEIR,2
ADEVALDO,2
BENEVALDO,2
CARMELO,2
ADALTON,2
EDILENO,2
ADERALDO,2
EDILAINE,2
ROSANY,2
EDERALDO,2
CELINO,2
VALDERIO,2
ELIEZIO,2
ADELCIO,2
BERTOLINO,2
ROSINALDA,2
AYLA,2
ABELARDO,2
ZEDEQUIAS,2
THALLES,2
VALDEREZ,2
EDNO,2
EDNILSON,2
AYRES,2
ROLF,2
CARIVALDO,2
VALDENIZE,2
ROSEANNE,2
ELIELSON,2
ZUILA,2
EDENIR,2
EDENILSON,2
CARIN,2
ROSINEY,2
RODRYGO,2
ADELMA,2
AYALA,2
EDVANIA,2
ELINARA,2
ELINA,2
ROGE,2
EDVAL,2
ELIMAR,2
BIANOR,2
ADRIEL,2
ELILSON,2
EDELZIO,2
ADELINE,2
ADRIANNE,2
THABATA,2
ZULEIKA,2
XISTO,2
VALDENIR,2
CELIANE,2
CARLINDA,2
VALDENILSON,2
CARLINHOS,2
UBIRATA,2
THAMARA,2
BOLIVAR,2
ROSILEIA,2
BALBINO,2
THAMIRES,2
ADEMARIO,2
YAN,2
VALDENEY,2
VALDENIA,2
ROSILEIDE,2
CACIA,2
VALDENILDO,2
BERTHA,2
ADNALDO,2
THYAGO,2
ABIGAIL,2
ROOSEVELT,2
EDIBERTO,2
MICHELLY,1
VANDREIA,1
MICHELSON,1
VANDRE,1
VANEA,1
MARISTANI,1
MICKAEL,1
VANEIDE,1
MIHARU,1
VANIZE,1
VANUSIA,1
UILZA,1
ULZENIR,1
ULDANCI,1
VANDIMAR,1
MARINOLIA,1
MIKA,1
VANNUSSO,1
MARILZE,1
MARIUZA,1
MARIUSKY,1
UMAYA,1
VANJA,1
VANIELLE,1
VANDINEI,1
MARIOCELIA,1
MARIONALDO,1
UIRA,1
VANDIQUE,1
MARITICIA,1
MIECIO,1
VANISE,1
VANIUS,1
ULMAR,1
UILLIAM,1
MICHIEL,1
VANEZA,1
UILLIS,1
MARISELIA,1
VANGIE,1
MARINEI,1
UILMA,1
VANILLE,1
VANINE,1
MARISANGE,1
MARINELSE,1
MIEKO,1
MIGACIR,1
VANILZA,1
VANILTON,1
VANILSON,1
MARINHA,1
ULIANA,1
MARIONE,1
ULRIKA,1
MIGUELINA,1
MARINEUZA,1
MARINILDA,1
MARIONELIO,1
MICILANE,1
VANEISA,1
MARISSILAS,1
VANICLEIA,1
MARIOSAN,1
MARINILCE,1
MARIOZAN,1
MARINIEL,1
ULRIKE,1
VANISA,1
MARINDIA,1
VANIRA,1
VANICE,1
MARINILDO,1
MAYLTA,1
VANUZIA,1
MILVA,1
VERONE,1
MARICILDA,1
MARICILDES,1
MARICLEI,1
UBIRANDIR,1
UBIRANEILA,1
MARIDALTO,1
UBIRANY,1
MARIDELIA,1
UBIRAPOA,1
MARIDETE,1
MARIDIA,1
MARIE,1
MILSON,1
MARIEDE,1
UBURAI,1
VEROCHILE,1
MILLENA,1
VERNON,1
MILLAN,1
MILITAO,1
VERITO,1
MARIELI,1
VERIOMARIO,1
MILEVAN,1
MILENY,1
MILENNA,1
MARIELLA,1
VERINALVA,1
UBIRAMAR,1
MARICELI,1
MARILUSA,1
MILZA,1
MARIAN,1
VIDYA,1
VIDIGAL,1
UBATANIA,1
VIDAL,1
VICTORINO,1
MARIANGELI,1
MARIANI,1
VICENCIA,1
MINIELI,1
MARIANINA,1
MARIANISE,1
VIANA,1
VERUSK,1
VERUSCA,1
VERSIERI,1
VERRAH,1
MARIANNI,1
MARIANNY,1
MINELLY,1
VERONILDA,1
MARIANTO,1
MILZON,1
VERONICIA,1
MILZETE,1
MARICE,1
UBIRAI,1
UBIRAJARBAS,1
MILZABETE,1
MARIELLE,1
UBYRAJARA,1
MARIELLI,1
UDENIR,1
MIKELE,1
VENIVA,1
UENDER,1
UESLEI,1
UESLEN,1
MARILI,1
MARILIANA,1
VENINA,1
VENILTON,1
UGO,1
MARILICE,1
UILAMI,1
MARILINDA,1
UILDICLER,1
VENILSON,1
MARILISA,1
VENICIOS,1
MARILIZA,1
VENANCIO,1
MARILSE,1
VEIR,1
VECI,1
VASTE,1
VASNY,1
VASCO,1
MARILUCI,1
VARLEY,1
UILIETE,1
VARETIANO,1
VENIZIO,1
MIKHAIL,1
MARILEDE,1
MARIHA,1
MILEN,1
UDEVANIR,1
MARIELSON,1
MILEIDE,1
MARIELY,1
VERIDIANO,1
VERICLEIDE,1
VERGILIO,1
MARIENE,1
MILDREY,1
VERENNA,1
MARIETE,1
UDIVAL,1
MARIJANE,1
UELINTON,1
MARIJARA,1
MILAY,1
MARILAND,1
MARILANDIA,1
UELBER,1
UELINGTON,1
VEREDIANE,1
VERDY,1
MARILDE,1
VERANDIR,1
MARILDETE,1
VERALICE,1
VEONICE,1
MARILEUSA,1
VANDEIR,1
VANDICLEIDE,1
MAURELEI,1
VALDELIR,1
VALDJANE,1
MAURICE,1
VALDELICE,1
VALDOIR,1
MAUREN,1
MELIZA,1
MAURICENE,1
MAURE,1
VALDOMIR,1
VALDONEI,1
VALERIANA,1
MELKA,1
MELL,1
MAURICELIA,1
MAURICI,1
MARYANNA,1
VALDIVIA,1
MELANIA,1
VALDENE,1
MELCHIOR,1
VALDIRLEY,1
VALDIVA,1
MAURILHO,1
MAURILEIA,1
MELINDA,1
VALDIVINA,1
MAURICYO,1
MELCIADES,1
VALDIZA,1
VALDIZAR,1
MAURICIANA,1
MATUZALEM,1
VALESIO,1
MATUTINA,1
MARYSTELA,1
VALCY,1
VALKER,1
VALCIRA,1
VALLESKA,1
MATARAZO,1
MARZANE,1
MARYNEA,1
MATUSALEM,1
MARYLUCE,1
VALMAR,1
MARYLOURDES,1
MARYLANE,1
VALCIMAR,1
VALME,1
VALIA,1
VALCYR,1
MATHIEU,1
VALDA,1
MELQUISEDEC,1
VALDEANA,1
VIGILATO,1
MELQUIEL,1
VALESSA,1
MELQUIADES,1
MELLINA,1
VALDECIDIO,1
MATREDE,1
VALDEDIR,1
MATTHIAS,1
VALDEIA,1
VALESK,1
MAURINA,1
MAURINHO,1
MAURITANIA,1
MAXUEL,1
MAYA,1
MAXWELLMA,1
MAYZA,1
VALDICIO,1
VALDIFATIMA,1
MAXWEL,1
MEG,1
MEIRI,1
VALDERISO,1
MAXMILLIAN,1
MEIRELANDE,1
MAXLANIO,1
VALDILEI,1
VALDERIDO,1
VALDERIZA,1
VALDERIZO,1
MAYAH,1
MAYALU,1
VALDICENA,1
VALDICELIO,1
MAYANI,1
VALDICEIA,1
MAYARD,1
MAYCOLN,1
MAYRO,1
VALDEVINA,1
MAYCUN,1
MAYKA,1
MAYKEL,1
VALDEVALDO,1
VALDESON,1
MEIRELLE,1
MAXIMINO,1
VALDIONIZIO,1
MEIZI,1
VALDINEA,1
VALDENIO,1
MAVIAEL,1
MEIRYELLEM,1
MAURY,1
MAURUSVAN,1
VALDINESIO,1
VALDILEIDE,1
VALDINETE,1
VALDINO,1
MAURIZETE,1
VALDINOR,1
MAURITONIO,1
VALDIOMIR,1
MAVILDA,1
MEIRYANGELA,1
VALDENISE,1
MAVILDE,1
MEIRIVAL,1
MEIRILANDE,1
VALDINA,1
VALDIMEIRE,1
MAXENCIO,1
VALDIMAR,1
VALDENORA,1
VALDIM,1
VALDEQUE,1
VALDER,1
MAXIMIANO,1
VALDILENE,1
MAXIMILLIAN,1
MARYELE,1
VALCILENE,1
VANDERVALDO,1
URBANIR,1
MARLIETE,1
MERSON,1
VANDEA,1
MERY,1
MARLIANA,1
VANDECIA,1
VANDECLEIDE,1
VANDALCI,1
MARLEUSA,1
MEYER,1
MAYLINE,1
MARLESSON,1
MICAELE,1
VANDEISA,1
MARLINA,1
MARLINDA,1
MARYANGELA,1
VALTOIR,1
MERLONG,1
MARLUCY,1
VALTERCIO,1
VALTERNI,1
VALTESIO,1
MERLOTTI,1
VALTONIA,1
VANALUCIA,1
VAMBERTO,1
MARLLON,1
MARLLEN,1
MARLLA,1
MARLINE,1
VANAIR,1
VANDELIR,1
MICAL,1
URANO,1
UNALDO,1
MARJORI,1
MARJANA,1
MICHELL,1
UOSNEI,1
VANDERLITA,1
VANDERLITO,1
MARIZANGELA,1
URANILDO,1
VANDERLUCIA,1
VANDERLUCIO,1
VANDERSON,1
UMBELINO,1
UMBELINA,1
MARIVALTON,1
VANDERLINDO,1
MARJORY,1
URACI,1
MARKE,1
URANDI,1
VANDERLENE,1
MICHELENI,1
MARKENE,1
MARKI,1
MARKO,1
VANDERLEA,1
VANDERLAN,1
MARKYLLWER,1
URANDY,1
MARLAINA,1
VANDENBERG,1
VANDELUCY,1
VALTENIS,1
VALTENIR,1
URSULINA,1
VALNEY,1
MENISSA,1
MARTINO,1
VALNECY,1
VAILSON,1
MARTINIANO,1
VAGNO,1
MENY,1
VALSEQUE,1
MARTINHA,1
MERARY,1
MARTINA,1
VALNISA,1
VALQUIDES,1
VALQUIMAR,1
MARTO,1
MARTONCHELES,1
MENILDES,1
MARUCIA,1
VALMIRIO,1
VALCERLI,1
MENDALLI,1
MENANDRO,1
MARUSKA,1
VALCI,1
MARUZANETE,1
MELQUISEDEQUE,1
VALMIRIM,1
VALCIDES,1
MARYANE,1
VALCIENY,1
MELQUISEDEK,1
MERCES,1
MARTILENE,1
MERIZE,1
MARLUZIA,1
MERILAN,1
MARLYZE,1
VALTEIR,1
VALTEISA,1
MARLUZIENE,1
MERINALVA,1
VALTEMBERGUE,1
MARTIANY,1
MERIS,1
MARLUZ,1
MARLUS,1
VALTEMI,1
MERIVALDO,1
VALTENCIR,1
VALTECI,1
MARNILVIA,1
MARONILDE,1
MAROUN,1
MARQUES,1
MERIELY,1
MERIAM,1
MARQUILENE,1
URUBATAN,1
USIEL,1
VALTAIRES,1
MARRI,1
UZANILDO,1
MARSHAL,1
MARSOE,1
UZILEIDE,1
VALSON,1
VALFRAN,1
MAMEDIO,1
VIGNA,1
XAMAN,1
WOLDAGLAS,1
LIVANIA,1
WOLMAR,1
LISTHIANE,1
WOLNI,1
WONNEY,1
WORDNER,1
LISSA,1
WU,1
LISMAR,1
WUARLLON,1
LISLEANDRA,1
LISIS,1
LISIENE,1
LISIE,1
LISIANNE,1
WYARA,1
LISENIR,1
WYLLIAM,1
WLISSES,1
WLAMYR,1
WLAMIR,1
LIZARENIA,1
LODES,1
WILSYNNARA,1
LODENIR,1
LOANDA,1
LOANA,1
LIZIANY,1
WILX,1
LIZETT,1
WINSTON,1
LIVIAN,1
WIRANDY,1
LIZANGELA,1
LIZANDRO,1
WISLEI,1
WISTON,1
LIZANA,1
WLADIANA,1
WLADILENE,1
WZIEL,1
XIRLEIDE,1
LINAURA,1
LISA,1
LINDOLPHO,1
LINDOLFO,1
YANE,1
LINDERVAL,1
LINDERNEVES,1
YANEISIS,1
LINDELMAR,1
LINDEEIDE,1
LINDECY,1
YARACYLDES,1
YARO,1
LINDAURY,1
YASCARA,1
YASMIM,1
LINDASELMA,1
LINDAMARIA,1
LINDAMARCIA,1
YASMIN,1
LINDA,1
LINDOMIRA,1
LINDON,1
LINDONOR,1
LINNIK,1
YACHIKO,1
YAGO,1
LIRA,1
LIONELA,1
LIONEIDE,1
LIOMAR,1
LINTZ,1
YAILI,1
LINNET,1
YAIMARA,1
LINEU,1
LINETE,1
LINEMAR,1
LINEKER,1
LINEIDE,1
LINEIA,1
LINDVAL,1
LINDORACY,1
LOECI,1
WILNALIA,1
WILLTON,1
LORAINE,1
LUCENILDA,1
LUCELY,1
WESKLEY,1
LUCELIO,1
WESLA,1
WESLAYNE,1
WESLEYENE,1
WESLLEN,1
WESLLER,1
WESMAR,1
WEVERTON,1
LUBERVALDO,1
LUARA,1
LUANNY,1
WEVERTTON,1
LUANNA,1
WEYDSON,1
WHYLLA,1
WIDNEY,1
LUCENILDE,1
LUCENIR,1
LUCESIA,1
LUCIDEA,1
WENILSON,1
LUCIFRAN,1
LUCIER,1
LUCIENNE,1
WENIO,1
LUCIELMA,1
WENYA,1
LUCIDIO,1
LUCIANY,1
WESIA,1
LUCIANNE,1
WERCYLEIDE,1
LUCIANARA,1
WERICA,1
WERIQUISON,1
WERNER,1
WERONICA,1
WESCLEY,1
LUA,1
WIDSON,1
WILBUR,1
WILLAS,1
WILLAMS,1
WILLAMY,1
WILLANY,1
LORRAINE,1
LOROINA,1
LORNA,1
LORISMAR,1
LORI,1
LORETO,1
LOUCELINO,1
LORENZO,1
WILLI,1
LORENY,1
LORENE,1
LOREN,1
LOREM,1
WILLIANA,1
WILLIS,1
LORYNE,1
LOUIS,1
WILDER,1
WILKEN,1
LOURINEIDE,1
LOURINE,1
WILDES,1
WILDNEI,1
LOURIMAR,1
LOURILENE,1
LOURICE,1
WILIANS,1
WILKENS,1
LOUISIANE,1
WILKER,1
WILLAM,1
WILLAME,1
WILLAMES,1
LOURDENER,1
LOURDEMEIRE,1
LOURACI,1
WILLAMI,1
YASSER,1
LINALDO,1
LUCILDO,1
LEONETE,1
LEONITO,1
LEONISIO,1
ZENIA,1
LEONISIA,1
ZENILTON,1
ZENIRTON,1
ZENITA,1
LEONIO,1
LEONILSON,1
LEONILDE,1
ZENY,1
LEONILDA,1
LEONIE,1
ZEQUIAS,1
ZEZICO,1
ZEZILDO,1
LEONIA,1
ZEZILIA,1
ZIDIONE,1
ZENEIDA,1
LEONTINO,1
ZELMA,1
LESSIO,1
LETICYA,1
ZEFERINA,1
LETIANE,1
LETHICIA,1
LETACIO,1
ZEILDE,1
ZEILE,1
LESSON,1
LESSANDRA,1
LEOPOLD,1
LESLY,1
ZELICE,1
LEOVERGILDO,1
ZELINA,1
LEOVANIR,1
ZELITA,1
LEOPOLDINO,1
ZELITO,1
LEONETTE,1
ZIGMANI,1
YBRAHIN,1
LEONESIA,1
ZITA,1
LENUTA,1
LENON,1
LENNON,1
LENNITA,1
ZIULDA,1
LENIZE,1
ZOE,1
ZORA,1
LENISIA,1
ZORAIA,1
ZORAIDA,1
LENISA,1
ZORALDO,1
ZOROASTRO,1
ZULDNEY,1
ZULEICA,1
ZULEMA,1
ZULMA,1
ZISKA,1
LEOCADIA,1
LEOCELIA,1
LEONARD,1
LEONELSON,1
LEONELO,1
LEONE,1
ZILDEIR,1
ZILDO,1
LEONARDA,1
ZILDOMAR,1
ZILFRAN,1
ZILSON,1
LEOCIDES,1
ZILTO,1
ZILTON,1
ZINAURA,1
ZIONIL,1
ZIRLENE,1
LEODORO,1
LEODORIO,1
LEODETE,1
LETIZIA,1
LETSILANE,1
LEU,1
LEUMAR,1
LIDIOMAR,1
YONE,1
YORDANKA,1
YOSHIHARU,1
YOSHIHIRO,1
LIDINALVA,1
LIDICE,1
LIDIANY,1
YOSHIO,1
YRLANDA,1
YSLAI,1
LIDIANNA,1
YSMAILYN,1
LIDIANA,1
YSMENIA,1
LIDIAN,1
YUAN,1
YUJI,1
LICIEUDA,1
YONARA,1
LIDYANNE,1
YOCABEL,1
YEHUDA,1
LILYANNE,1
YCARO,1
LILYANE,1
LILYAN,1
YEDO,1
LILLIAM,1
LILIENE,1
LILIANY,1
LILIANI,1
YOARIS,1
YELNYA,1
YGLESIO,1
YGRAINE,1
LILA,1
LIGIANE,1
YIFTAH,1
LIGIANA,1
YLMA,1
YUKARI,1
LICIENE,1
LICIANE,1
ZANETE,1
LEYLLANE,1
ZAMIR,1
LEYLANE,1
ZAN,1
LEYLAH,1
LEYLA,1
LEYDNAYRE,1
ZANDRA,1
LEWISON,1
LEYVIJANE,1
ZANIA,1
ZANONI,1
LEVON,1
LEVINO,1
ZARIA,1
LEVERTON,1
ZAUDER,1
ZAYDA,1
LEYNE,1
LEZINETE,1
LICIANA,1
LIARA,1
YULEYSI,1
LIBORIO,1
LIBIA,1
LIBERTINO,1
LIBERIA,1
YURIKO,1
LIBERALINO,1
LIBANIA,1
LIANI,1
ZAINAB,1
LIANEIDE,1
YVELISE,1
YVES,1
YVONNE,1
YWRY,1
YZILA,1
YZUMI,1
LHAIS,1
LUCILDA,1
WENDSON,1
MARIALVA,1
WALDIK,1
WALDER,1
MAIRIA,1
MAIRE,1
WALDEREZ,1
MAIQUE,1
MAINA,1
MAILLINE,1
MAILLA,1
WALDERI,1
WALDERLY,1
MAILA,1
MAIKA,1
WALDETH,1
MAIHARA,1
WALDEY,1
WALDEYR,1
MAIGA,1
MAIG,1
MAIDI,1
WALDENY,1
WALDENOR,1
MAIZE,1
WALDENIRA,1
WALDELIO,1
MANSUETO,1
MANOELLE,1
WALDELOURDES,1
WALDEMY,1
WALDENCIR,1
WALDENE,1
MANDARLAN,1
MIQUELA,1
MAJA,1
MAMEDE,1
MALVINA,1
MALVA,1
MALINDA,1
MALGORZATA,1
WALDENISE,1
MAKYSON,1
MAKELI,1
WALDICE,1
MAICYRA,1
WALLISSON,1
WALDINA,1
WALDO,1
MAGNILIA,1
WALDSON,1
WALDYMIR,1
MAGDO,1
MAGDI,1
WALENA,1
MAGDALIA,1
MAGDALENA,1
WALENIA,1
WALESSA,1
WALFRIDES,1
WALJUCY,1
MAGALIS,1
WALK,1
MAFALDA,1
WALKYRIA,1
WALLAS,1
MAEZIA,1
WALDIVIO,1
WALDIVINO,1
MAGNUCIA,1
MAIANA,1
WALDINAR,1
MAICOM,1
WALDINEIA,1
MAICO,1
MAICELMA,1
MAIBY,1
MAIBI,1
WALDINELSON,1
MAHAYANA,1
MAGNUM,1
WALDINEZ,1
WALDIONOR,1
WALDIRA,1
MAHATIMA,1
WALDIRENE,1
MAGVAL,1
MAGSON,1
WALDIRIA,1
WALDELINO,1
WALDELINA,1
WALDELANIA,1
WALDEIR,1
MARDON,1
VINAN,1
MARDEN,1
VINICIA,1
VIRGILINA,1
MARCULINO,1
VIRLEY,1
MARCONILDO,1
VISMAR,1
MARCONES,1
MARCONE,1
VITAL,1
VITALCI,1
VITALINO,1
MARCOLINO,1
VITALY,1
VITO,1
VITORINHA,1
MARCLINEIDE,1
VILTON,1
MARDONES,1
VILSO,1
VILKER,1
MARIALDO,1
VILANIR,1
VILCEMAR,1
VILDA,1
VILDER,1
MARGOT,1
MARGARITA,1
VILEIA,1
VILMARA,1
MARDONIO,1
VILMARIO,1
VILNETE,1
MARFISA,1
MARFAN,1
VILOBALDO,1
MAREN,1
MARED,1
MARECI,1
MARCLIN,1
MARCIVALDO,1
VITTOR,1
MARCCUS,1
WAJDI,1
WAKILA,1
MARCELENE,1
WALANNE,1
WALAS,1
WALBERT,1
WALBERTO,1
WALBURGA,1
MARANY,1
WAESSO,1
MARALINA,1
MARAIZA,1
MARAISA,1
WALCIRENE,1
WALDAIR,1
WALDECI,1
MANUELINA,1
MANUELE,1
WAGNE,1
MARCELIO,1
MARCIONILO,1
VIVIANO,1
MARCIONILA,1
MARCIONE,1
VITURINO,1
VIVEK,1
MARCIENE,1
MARCIELLY,1
MARCIEL,1
MARCIANO,1
VIVYANNE,1
MARCELL,1
VLADMIR,1
MARCI,1
MARCELY,1
VOLIA,1
VOLKER,1
VOLMAR,1
VONEZ,1
VORSTER,1
MAEWE,1
MAENIA,1
WENDRYLL,1
WEDER,1
WARNER,1
LUDINAURA,1
WARUICK,1
WASLEI,1
LUDIMYLLE,1
WASTY,1
LUDIMILIA,1
WATSON,1
WAVELL,1
WAYKA,1
LUDIMILHA,1
LUDIMAR,1
WAYNE,1
LUDGERO,1
WDILSON,1
WEBERTI,1
WEBERTON,1
LUCYNILA,1
LUCYLEA,1
WARLUCIO,1
WARLLEM,1
WARLEN,1
WANRLEY,1
LUIZINHA,1
LUIZIANNE,1
WANIR,1
LUIZIA,1
LUIZETE,1
LUIZABETE,1
WANNAH,1
WANOR,1
LUISINEIA,1
LUDMYLA,1
LUISIANA,1
LUISE,1
WANUZIA,1
LUILIA,1
LUENNA,1
LUENIA,1
WANY,1
LUDYMYLLA,1
LUCYENE,1
WEDSON,1
MAELYSON,1
WEGLISSON,1
WELLERTH,1
LUCINALDO,1
WELLES,1
WELLINGSON,1
WELLISON,1
WELLYNGTON,1
LUCIMEIRE,1
WELMA,1
LUCIMARIO,1
WELYZA,1
LUCIMA,1
LUCILVANA,1
LUCILIO,1
LUCILIA,1
WEMERSON,1
LUCILENA,1
WEN,1
WENCESLAU,1
WENDER,1
WELLERSON,1
LUCINEA,1
WELLEN,1
WELBERT,1
WEIBSON,1
WELAINE,1
LUCLECIA,1
LUCIVANIA,1
WELBER,1
LUCIVANA,1
WELBERSON,1
LUCIVALTER,1
LUCIOMAR,1
LUCINELMA,1
LUCIOLA,1
WELDER,1
LUCINILMA,1
LUCINILDA,1
LUCINHO,1
LUCINHA,1
WELDO,1
WELIGTON,1
LUIZMAR,1
LUMA,1
LUMEM,1
WANESKA,1
LYSSYA,1
LYSS,1
LYSLANE,1
LYRA,1
LYNDON,1
LYLLIAN,1
WALQUIRA,1
WALSON,1
LYDIE,1
LYDIANE,1
WALTAIR,1
LYBIO,1
LYARA,1
LYANE,1
LUZO,1
WALTECIR,1
WALTENCIR,1
LUZMARINA,1
WALTERCID,1
LYVIA,1
WALQUIR,1
WALNEIDA,1
MADAIA,1
WALLTON,1
MAELY,1
MAELTON,1
WALMA,1
MADIANITA,1
MADIAN,1
MADELON,1
MADALENA,1
WALMOR,1
LYZA,1
MADAI,1
WALMYR,1
MACILIO,1
MACIEL,1
MACELLO,1
WALNEI,1
MAC,1
MABI,1
LUZIVETE,1
LUZIVALDO,1
WALTERLANDIA,1
LURI,1
LUTHERO,1
LUTERO,1
LUSSARA,1
WANDERCLEYDE,1
WANDERCY,1
LUSINETE,1
WANDERLAN,1
WANDERLINO,1
WANDERLUCIA,1
LUTZ,1
WANDERLY,1
WANDERMILSON,1
LUPERCIA,1
LUNIA,1
WANDICK,1
WANDILSON,1
WANDIR,1
WANDREIA,1
LUTHIANE,1
WANDEMBERG,1
WALTERLINS,1
WALTTER,1
LUZIMARA,1
WALTOIR,1
LUZILENE,1
LUZILEA,1
LUZIENE,1
WALTON,1
LUZIEE,1
LUZIANIA,1
WALYSSON,1
LUVERCIDES,1
WAMBERTO,1
LUZHELENE,1
LUZETE,1
LUZENILDO,1
LUZENILDE,1
LUZELIA,1
LUZANIRA,1
WANAIA,1
UBALDININHA,1
RODRIGUS,1
UANDERLINO,1
SAULOS,1
SAMILLE,1
PERSON,1
PERSIA,1
PERPETUA,1
PEROLINA,1
SAMMARA,1
PERIJALDO,1
SAMMY,1
SAMO,1
PERICELIO,1
PERCY,1
PERCILIANA,1
SAMOEL,1
PERCILIA,1
PERCIA,1
SAMY,1
PERACIO,1
SANAA,1
SANAY,1
PETRA,1
SAMIH,1
PETRONEO,1
PHILIPPE,1
PIETRY,1
PIERRI,1
SALVATORE,1
SALVELINA,1
SALVIANO,1
SALVINO,1
SALVIO,1
SAMAENE,1
PHILIP,1
PETRONILIA,1
SAMEA,1
PETTERSON,1
SAMELA,1
PETRUSKA,1
PETRUSCA,1
SAMELLA,1
PETRUCIO,1
SAMI,1
SAND,1
PEDRITO,1
SANDERLINA,1
SAO,1
SANTOS,1
PARICIDA,1
SANTUZZA,1
SANYA,1
PARACELSO,1
SANYELLE,1
PAOLO,1
PAOLLA,1
PAMILA,1
PASCOAL,1
SARAI,1
SARITA,1
SARRANDRA,1
SATILA,1
SATIRO,1
PALMIRA,1
SATOMI,1
SAULIMAR,1
SANTANA,1
SANNY,1
PEDA,1
SANDRIENE,1
PAULYANNE,1
PAULLINY,1
SANDI,1
PAULINE,1
SANDIVAL,1
PAULIA,1
PAULETE,1
SANDOVALDO,1
PAULEANY,1
SANMIRA,1
SANIA,1
PATRYCIA,1
PATRY,1
PATRIK,1
SANILDE,1
SANLEY,1
SANLLAY,1
SANMARA,1
SALOMY,1
SALOME,1
PIO,1
QUEREN,1
QUINTINA,1
RUIDEGLAN,1
QUEZIEL,1
RUIMAR,1
RULIAN,1
QUESLE,1
RUSSEL,1
QUERUBINA,1
QUENIO,1
RUDNEY,1
RUSSWELT,1
QUENIA,1
QUELLEN,1
RUTENES,1
QUELI,1
RUTHANE,1
QUEDMA,1
QUECIANE,1
RUDSON,1
RUDIMAR,1
PYETRA,1
RUBISSON,1
RUBEVAN,1
RUBIAM,1
RUBICLEIS,1
RUBINALDA,1
RUBINALVA,1
RAEL,1
RUBIO,1
RADUAN,1
RUBNEIDE,1
RAABE,1
RADJALMA,1
RUDA,1
RADILSON,1
RADI,1
RADAMIR,1
RADAMES,1
RUDDY,1
RUDI,1
QELLI,1
PRYSCILLA,1
PIRAGIBE,1
POLION,1
SAIONARA,1
POLYANDRA,1
SAIRO,1
SALANIZA,1
SALENTIM,1
SALERME,1
SALETIEL,1
POLLIANA,1
POLIANNE,1
SAHRA,1
SALIMAR,1
SALLY,1
SALMA,1
POLANIA,1
SALMIRA,1
SALMOS,1
PITAVORAS,1
PIRAJARA,1
SAINT,1
SAFIRA,1
RUTI,1
RUZIMAR,1
RUTILA,1
RUTILEIA,1
RUTINELLI,1
RUVER,1
PRIMO,1
PRICYLLA,1
PRICILLA,1
RUZEL,1
RYANDDRE,1
SADIA,1
RYCHARD,1
SAADIA,1
SAARTJE,1
PREGENTINO,1
POTENGY,1
SABINE,1
PORFIRIO,1
PONCIANO,1
PALLOMA,1
SAURO,1
RAFAELINA,1
PALAGIA,1
ORIEL,1
SHIRLANE,1
ORIDIA,1
ORIANDO,1
ORFILENO,1
ORFEU,1
ORESVALDO,1
SHIRLEINIRA,1
SHYRLEI,1
SHYRLENE,1
ORESTES,1
ORESSIO,1
ORDECY,1
SHYRLEY,1
SIANA,1
SIANE,1
SIBELE,1
ORCILIO,1
SICI,1
ORIMAR,1
ORIVAL,1
SHIRLA,1
ORLEIDE,1
ORSIZIA,1
ORSENI,1
ORQUIDEA,1
ORONI,1
ORNEMIA,1
ORMANDO,1
SHELLYDA,1
ORLETE,1
ORLEI,1
ORIVAN,1
ORLEANS,1
SHENEVILLE,1
SHERYDA,1
SHESLY,1
SHEYLENA,1
SHIMONE,1
ORLANDIM,1
ORLANDA,1
SIDARTHA,1
ORACY,1
SIDELIA,1
OLIVEIROS,1
SIDNY,1
OLNA,1
SIDONIO,1
SIDRONIO,1
SIERRA,1
OLIVETE,1
OLIVERIO,1
SILDENIA,1
SILDEVANDRO,1
OLVINDA,1
OLIVEIRA,1
SILENO,1
SILEY,1
OLIVAL,1
OLINTO,1
SILMARIO,1
SILMARY,1
SILNARA,1
OLVIMAR,1
OLYMPIA,1
ORACI,1
SIDIANA,1
SIDENEY,1
ONIVON,1
ONIVALDO,1
ONISLENE,1
ONEZIO,1
SIDERLAN,1
ONESIMA,1
ONER,1
ONELDIO,1
SIDNEA,1
ONEIZES,1
ONEDIO,1
ONALDO,1
OMERY,1
SIDINEA,1
SIDINEY,1
SIDIVALDO,1
OLYNTHO,1
ORUALDO,1
ORVACIO,1
ORVAL,1
SELVIRO,1
SELENIA,1
SELIMOL,1
SELITA,1
OTOMAR,1
SELMI,1
OTO,1
SELMO,1
SELOMI,1
SELVONEIDE,1
OZAIAS,1
SENISE,1
OTHANIEL,1
SENNE,1
OTAVIANO,1
OTALMIR,1
SERGEI,1
SERGIA,1
SERGIVALDO,1
SELENE,1
OZALIA,1
SERIO,1
SCHEILLA,1
SAVYO,1
PABLISSON,1
PABLA,1
OZORIO,1
OZIMAR,1
SAYOMARA,1
OZILDO,1
SCHARLE,1
OZILANE,1
SELANIRA,1
SCHIRLEY,1
OZIANE,1
OZENI,1
OZELITO,1
SEIDLER,1
OZELIO,1
OZANIRA,1
SEILA,1
SERILUCIA,1
OSWALDINO,1
SHELLY,1
SHARLENE,1
OSIROS,1
SHANNON,1
OSIRIS,1
OSIEL,1
SHARLA,1
OSIA,1
OSEMIR,1
OSELIO,1
OSEIR,1
OSMAN,1
SHARLENY,1
SHARON,1
SHARY,1
SHAUMA,1
OSDY,1
SHAYANE,1
OSAIR,1
SHEIBA,1
OSMAIR,1
OSMANDO,1
SERLANE,1
SEUNG,1
OSVALDIRAN,1
OSVALDIR,1
SERVIO,1
OSVALDERLI,1
OSVAIR,1
OSORIO,1
SETEMBRINO,1
OSNILDO,1
SEVERIANO,1
SHAIANE,1
OSMUNDO,1
SEVERO,1
SEVIRINO,1
SEYR,1
OSMAROSWALDO,1
SHADIA,1
SHAHLA,1
OSMARINO,1
RAFAELE,1
RUBEVAL,1
UALAME,1
RELZA,1
ROSALIRA,1
RILDA,1
RILANE,1
RIGOBERTO,1
RIGELDO,1
ROSALITA,1
RICHELE,1
RICHARLISSON,1
ROSALY,1
ROSAN,1
ROSANI,1
ROSANIR,1
ROSANITA,1
RICCELLY,1
ROSANO,1
RICARTE,1
ROSBINDA,1
RIBERTO,1
RIANE,1
ROSALINDA,1
ROSALI,1
ROSAIRA,1
RONOS,1
RONNIELLE,1
RISONETE,1
RISETE,1
RISAELMA,1
RINALVA,1
RONNYEL,1
RINALDIR,1
RIMAR,1
RONYSON,1
ROSAINE,1
RONYWALDO,1
RONZELENE,1
ROOSEWELT,1
ROOSSEWELTH,1
ROOSYVANIA,1
RILDON,1
ROQUELI,1
ROQUEMAR,1
RHOVANI,1
ROSECLAIR,1
RHODSON,1
RENARD,1
ROSELINE,1
RENAUT,1
RENATTA,1
ROSELITA,1
ROSELMIRO,1
ROSEMA,1
ROSEMAR,1
RENATHA,1
RENALVO,1
ROSELANGE,1
ROSEMARIO,1
ROSEMARLEI,1
REMO,1
REMILTON,1
ROSEMERES,1
REMIGIO,1
ROSEMILTON,1
ROSEMIRA,1
RENIELLY,1
RENILDE,1
ROSECLAY,1
RESENDO,1
REZONE,1
REYSLA,1
ROSECLEIA,1
REYLA,1
REVERTON,1
REVELINO,1
REUZA,1
REUBER,1
RERLEN,1
ROSELANE,1
RENZO,1
RENY,1
RENO,1
ROSECLER,1
RENISE,1
ROSELAIN,1
RENIR,1
RENILSON,1
RONNEY,1
RITAMARA,1
RONNEI,1
ROLIVON,1
ROLANDO,1
ROCHANE,1
ROBYNEY,1
ROBSTEIN,1
ROLDAO,1
ROBNALDO,1
ROBLEDO,1
ROLDNEI,1
ROMANA,1
ROCHELE,1
ROBHYSON,1
ROBEYONCE,1
ROMANNINY,1
ROBEVAL,1
ROMANO,1
ROMANY,1
ROBERVANIA,1
ROBERVALDO,1
ROLAND,1
ROLAN,1
ROBERTSON,1
ROGERS,1
ROGATA,1
RODNE,1
ROGELIA,1
RODIVALDO,1
ROGERA,1
ROGERES,1
RODINEY,1
RODINELSON,1
RODILON,1
ROIORBISON,1
ROGERVAL,1
ROGIMEIRE,1
RODILANDY,1
RODERLEI,1
ROCIO,1
ROGIVALDO,1
ROCIEL,1
ROCI,1
ROMAR,1
ROMAYANA,1
RITAMARIS,1
RONIE,1
RONDOLFA,1
RIVES,1
RIVERSON,1
RIVANE,1
RONE,1
RONEIDE,1
RIVANA,1
RONELIO,1
RONILDA,1
RIVONYLDA,1
RIVALDAVIO,1
RIVALDA,1
RIVAERCIA,1
RIVADAVIA,1
RIUMAR,1
RONNEESLEY,1
RIUDO,1
RITHA,1
RONDINELE,1
RONALDY,1
ROMEL,1
ROBERIA,1
ROMELSON,1
ROMENIA,1
ROMERITO,1
ROMI,1
ROMILDES,1
ROMIR,1
ROBERMY,1
ROMOLO,1
ROMUALDA,1
RONAILDO,1
ROBERG,1
ROBEN,1
ROBEMNILZA,1
RIZONETE,1
ROMUZIA,1
RIZELIO,1
RIZELIA,1
RONADIA,1
REMER,1
ROSENAIR,1
RUBERLAN,1
ROSENEA,1
RAMONE,1
ROSSI,1
ROSSINE,1
ROSTAN,1
RAMIREZ,1
ROSYANE,1
ROTHIER,1
RAMILDO,1
RAMASIO,1
ROURE,1
ROUZELI,1
RAMA,1
RAM,1
ROVANE,1
RALLYSON,1
RAIZA,1
RAITZA,1
RAISSE,1
ROXELI,1
RAMONY,1
RAMYLA,1
ROSSANNA,1
ROSIVAL,1
ROSINES,1
RANNE,1
RANILSON,1
RANILDO,1
RANILDA,1
ROSIRLEI,1
ROSITA,1
RANIELLE,1
ROSIVAN,1
RANARA,1
RANIELE,1
RANGEL,1
RANE,1
RANDRIENE,1
RANDES,1
RANDAL,1
ROSIWANIA,1
ROSMARI,1
RAISCA,1
ROZA,1
RAIOLANDA,1
ROZUILA,1
ROZINHA,1
ROZIRENE,1
RAIL,1
ROZISTELA,1
ROZITA,1
ROZIVALDO,1
RAIANA,1
RAGNIELL,1
RAGLAN,1
ROZINEIDE,1
ROZY,1
RAFFAELA,1
ROZZANNA,1
RAFAELY,1
RAFAELO,1
RUANNA,1
RUBENILCE,1
RUBENITE,1
RAILDA,1
RAILDE,1
RAINERIO,1
RAIMER,1
RAINER,1
RAINE,1
ROZALDO,1
RAINARA,1
ROZANGELA,1
ROZELAINE,1
ROZELENE,1
ROZELITA,1
ROZENETE,1
ROZINALDO,1
ROZIENE,1
ROZILANE,1
RAILSSA,1
RAILSON,1
RAILMA,1
RAILENE,1
RAILDO,1
ROZIMEIRY,1
ROSINELIO,1
RANUZY,1
RANYELLE,1
REGINILSON,1
REIDVALDO,1
REGYCLEIA,1
REGNOBERTO,1
ROSI,1
ROSIANNY,1
REGIVALDO,1
ROSIANY,1
ROSICLEA,1
REGINEI,1
REILA,1
REGINEA,1
REGINAMIO,1
ROSICLEI,1
ROSICLEIDE,1
REGINALDA,1
ROSIDALVA,1
REGIMEIRE,1
ROSIENE,1
REIGINALDO,1
REILSON,1
ROSILA,1
REINHARD,1
REJAINE,1
ROSENETTE,1
REIZEMBERQUE,1
ROSENI,1
REIVALDO,1
REINOUDS,1
REINILDE,1
REINIER,1
REINE,1
REINALDA,1
REINATE,1
ROSENILDO,1
ROSENILSON,1
REINAN,1
ROSENY,1
ROSEVANE,1
ROSEVANIA,1
ROSEVETER,1
REGILSON,1
REGIARA,1
ROSINEILE,1
RAUCE,1
RAVANA,1
ROSIMARIA,1
ROSIME,1
ROSIMEIRY,1
RAULWYSON,1
ROSIMEYRE,1
ROSINA,1
RAULIM,1
RASLAN,1
RAWLINSON,1
RAQUELLE,1
RAQUELITA,1
ROSINALVA,1
RAQUECE,1
RAPHAELLE,1
ROSINDA,1
ROSINEA,1
ROSINEIA,1
RAVENNA,1
RAY,1
REGIANI,1
RAYNERO,1
REGIA,1
REDIVAN,1
ROSILEA,1
ROSILEI,1
RAYSA,1
RAYRON,1
RAYRLA,1
RAYRA,1
RAYNER,1
ROSILVA,1
ROSILENY,1
ROSILEY,1
RAYNARA,1
RAYMUNDO,1
RAYMUNDA,1
ROSILIA,1
RAYMOND,1
RAYANNE,1
SILNE,1
SILO,1
OLEXANDR,1
THAIZA,1
NATHIENE,1
NATHANIEL,1
NATHANE,1
TELIO,1
TELMAR,1
TELMIRA,1
NATHALI,1
NATHACHILA,1
TELTON,1
NATERCIO,1
TEMIS,1
TEMOTEO,1
NATCHA,1
TENORIO,1
TEOBALDO,1
NATANY,1
NATANNAEL,1
NATANIELLY,1
NATANAGILDO,1
NATIELE,1
NATILES,1
NATIVA,1
NAYHANNE,1
NAZAH,1
NAYSIA,1
TCHERENA,1
TEILA,1
NAYSA,1
TELCILENE,1
NAYMA,1
TELCIO,1
NAYDJANARA,1
NAUBER,1
TELES,1
TELESFORO,1
TELIA,1
NAYALA,1
NAYAANA,1
NAURIA,1
NAUPLIO,1
NAUIR,1
TEODOMIRO,1
TEODORA,1
NATALLINO,1
NARAINA,1
NARDO,1
TERNA,1
NARCY,1
TERNILSON,1
NARCILIO,1
TERSIO,1
NARAYANNA,1
NARAYANA,1
TETSU,1
NARIAM,1
TEURACI,1
NAPOLIAO,1
THADYANARA,1
THAIANY,1
THAILA,1
NANNA,1
NANIO,1
NANDA,1
NARENDRA,1
NARITON,1
NATALLIA,1
NATAIR,1
NATALINA,1
TEODULFO,1
TERCILIO,1
TERENA,1
TERES,1
NATALI,1
NATAL,1
TEREZALDINA,1
NATACHA,1
NARJARA,1
NASTASSJA,1
NASSARA,1
NASCIMENTO,1
NASCIME,1
NASARENO,1
NARRIMA,1
NARLI,1
TEREZINO,1
TCHELLA,1
TCHARLLIS,1
TAYSE,1
TAPIRACI,1
NELITO,1
NELISE,1
TANATIANA,1
TANCREDO,1
TANEA,1
TANHA,1
TANIELZY,1
NELCILENE,1
TAPIRAJARA,1
TAMYRES,1
NEIZA,1
NEIVAN,1
TARCIARA,1
NEISVALDO,1
NEISE,1
TARCISO,1
NEIRON,1
NEIRIVAM,1
NELITON,1
NELIVALDO,1
TARINA,1
NEMER,1
NENILSON,1
NENARIO,1
NEMILLA,1
NEMIAS,1
NEMEZIANO,1
TALISSA,1
NEMESIO,1
NEMERCIA,1
TALLYTA,1
TAMY,1
NELTON,1
TALSIA,1
TALVANES,1
TAMIA,1
NELSINO,1
TAMIRYS,1
TAMIS,1
TAMMY,1
TARIJA,1
TARLES,1
NAZARET,1
NECI,1
TAUANA,1
NEDY,1
NEDSON,1
NEDILSON,1
NEDIA,1
NECY,1
TAWANY,1
NECIVALDO,1
NAZOR,1
TATYLLA,1
NAZIME,1
NAZIDE,1
NAZIBIA,1
TAYANNA,1
NAZIANA,1
TAYANNE,1
NAZI,1
NAZARETE,1
NEHEMIAS,1
TATYANA,1
NEIRIVALDO,1
NEILIANE,1
NEIRIVALDA,1
NEIRIOL,1
NEIRIAN,1
TARLIS,1
TARSILA,1
TASSIANE,1
NEILMA,1
TASSOS,1
TATHIANE,1
NEIBER,1
NEIL,1
NEIGMAR,1
NEIFLAVIO,1
NEIDINALVA,1
TATIELI,1
NEIDIANNA,1
NEIDI,1
TATIELLI,1
THAISEANY,1
NANCE,1
OLESIA,1
NAMIR,1
MONAINA,1
THYRSO,1
TIBIRICA,1
MOIRA,1
TICIARA,1
TIELIDY,1
TILZA,1
TIMOTEO,1
TISSIANE,1
TOBIAS,1
TOINEY,1
MOANA,1
TOMAZA,1
TOME,1
MOAB,1
TOMPSON,1
MIVACI,1
MITZI,1
MITZ,1
MONAISE,1
THYANA,1
THULYO,1
MONTINNY,1
MORGAN,1
MORENA,1
THIANNE,1
THIARLES,1
MONYELLE,1
THIARLLIANE,1
THICIANE,1
MONYA,1
MONNIQUE,1
THOMPSON,1
MONNEGLESIA,1
MONNALISA,1
THIEGO,1
MONISSON,1
THIEKO,1
THIERS,1
THOME,1
MONIKA,1
MITSUO,1
TORQUATA,1
TORQUATO,1
TULYANA,1
TUANNY,1
TUANY,1
MIRELY,1
TUBAL,1
TULA,1
TULIA,1
MIRELE,1
MIREILLE,1
MIRALEO,1
MIRIANE,1
MIRALDA,1
MIRACY,1
MIRACI,1
MIRABEL,1
TYRONE,1
MIRA,1
UACI,1
MIQUERLAM,1
TUANIA,1
MIRIANGREI,1
MITSUKO,1
TOVAR,1
MISSAEL,1
MISSAE,1
MISONETE,1
MISIA,1
TORRES,1
TOSHIYUKI,1
MIRNNA,1
MIRNE,1
TRACY,1
MIRIDAN,1
MIRLEY,1
TREYCE,1
MIRLEDA,1
MIRIENE,1
MIRIELLEN,1
MIRIELI,1
TRYANTA,1
TUANI,1
THIANA,1
MORISES,1
MORONI,1
NAHESSON,1
THANIA,1
NAIL,1
THATIANA,1
THATIANNE,1
THATIANNY,1
NAIA,1
NAHUM,1
NAHISSA,1
NAGILA,1
THAMISE,1
THATIARA,1
NAELTON,1
NAELSON,1
NAEDSON,1
THATYANNE,1
THAYANA,1
THAYANE,1
NADINNI,1
THANAN,1
NAILZA,1
THAYANNE,1
NAJOMARY,1
NALZIRA,1
THAIZE,1
NALIANA,1
THALIANE,1
THALIANY,1
NALCIONI,1
THALINE,1
NALBA,1
NAJLO,1
NAIMAR,1
THALLYS,1
NAJLA,1
THALLYTA,1
NAIZA,1
NAISE,1
NAIRIANE,1
THAME,1
THAMER,1
NADINEL,1
NADIM,1
MORVANY,1
THEOFILO,1
THELY,1
MUTSUO,1
MURILIO,1
MURIEL,1
MURAD,1
MUNYA,1
THEMES,1
THEOFFILLO,1
THEOGENES,1
MYCHEEL,1
THEOZYANNE,1
THEURY,1
MOZANI,1
MOZANDI,1
THIALA,1
MOSAR,1
MOSA,1
MORVILLE,1
MYANNA,1
MYCHELL,1
NADILSON,1
NACELIO,1
NADIJA,1
NADIANNA,1
NADHY,1
NADER,1
NADEDJA,1
NAD,1
NACTA,1
NACNO,1
NACELE,1
MYCHELLY,1
NABOR,1
NAARA,1
MYRTIANY,1
MYRTES,1
THAYRON,1
MYRNA,1
THAYSSA,1
THAZIA,1
NEOCLACIRA,1
NEOLMAR,1
NEOMILCE,1
TAITA,1
SISSY,1
SISTANE,1
SIUMAR,1
SIVANDA,1
NUBELIA,1
NOUJAIN,1
SIVIRINO,1
NOUDENIR,1
NOSVALDO,1
SIXTO,1
NORMELENA,1
NORMANIA,1
NORMANDO,1
SOEL,1
NORMACI,1
SOELAINE,1
NORIVALDO,1
SOENI,1
NORISVALDO,1
SISSA,1
SISNEY,1
NUCIA,1
NYEBERTH,1
OCEANIRA,1
OBEDE,1
OBADIAS,1
OALAS,1
OADIR,1
NYLANE,1
NYEGIRTON,1
SIONE,1
SIRLANDE,1
SISNANDO,1
NYDIA,1
SIRLE,1
NYCOLAS,1
NURIA,1
NUNCIA,1
NUDECI,1
NUCINEI,1
SIRNEY,1
NORDEVAL,1
SOLANEA,1
SOLANO,1
STEFFANI,1
STEFANI,1
NOEDSON,1
STEFANIA,1
NOBUHIRO,1
NOBIO,1
NOADIA,1
NIZIA,1
NIZELENA,1
NIVANIA,1
STARLINO,1
STELAMARES,1
STELIO,1
STEPHAN,1
STEPHANE,1
NIVALCY,1
NIVACILDA,1
STEPHANNIE,1
NIVA,1
NOEIDE,1
SOUZERLI,1
NONATO,1
NOELY,1
SOLEDADE,1
SOLI,1
SOLIDONIO,1
NOILTON,1
SOLIENE,1
NOILA,1
SOLIVAM,1
SOLYANE,1
NOELMO,1
SOSTHENES,1
NOELMA,1
SONAIRA,1
SONALE,1
SONALLY,1
SONI,1
SONILDA,1
SONNIA,1
SORELIA,1
OCELIO,1
SINTIQUE,1
OCIAN,1
ODORICO,1
OG,1
SILVANIDE,1
SILVANY,1
SILVER,1
OFELIA,1
OELMA,1
OEBER,1
SILVERIA,1
ODONIAS,1
OIBE,1
SILVETE,1
ODON,1
SILVIANA,1
ODOELSON,1
ODMAR,1
ODIVAN,1
ODIVAL,1
ODITE,1
OIACY,1
OIDE,1
ODINEY,1
OLCINEA,1
OLENILDO,1
OLENDINA,1
SILONI,1
OLDICLEA,1
OLDENIR,1
SILSA,1
SILTON,1
SILVAIR,1
SILVAM,1
SILVANETTE,1
OLAVIO,1
OLANILSO,1
OLAIR,1
OLAINE,1
SILVANEIDE,1
OLAIDES,1
OITY,1
OILTON,1
ODIOR,1
ODINELI,1
OCILEA,1
ODALEA,1
ODELINA,1
ODEIZE,1
ODECI,1
ODEANE,1
ODALIO,1
ODALICE,1
ODALEIA,1
ODALECIO,1
SINDOVAL,1
SINAIDE,1
ODAILSON,1
ODACYR,1
OCTACIANO,1
OCLAIR,1
OCIVALDO,1
OCINEIDE,1
OCINEA,1
SINFRONIO,1
ODEMIR,1
ODENAR,1
SILVIANE,1
ODILCEIA,1
ODINEIA,1
ODINEA,1
ODINAEL,1
ODIMIR,1
ODIMILSON,1
ODILTON,1
ODILIO,1
ODILEY,1
ODILARDO,1
ODENILCE,1
SIMEAO,1
SIMON,1
ODETTE,1
SIMONEY,1
ODERLENE,1
ODERIO,1
ODEQUES,1
ODENIR,1
NIURA,1
NITHIANANDA,1
NISIO,1
NEWARNEY,1
SYBELLE,1
NEYTON,1
NEYLANNE,1
SYGLIA,1
SYLVAIN,1
SYLVANA,1
SYNARA,1
NEWMA,1
NEVES,1
SUZIRENE,1
NEVERSON,1
NEVENTON,1
NEVANDIR,1
NEUZIMEIRE,1
NEUZIMAR,1
NEUZILENE,1
NEUZILDA,1
NEUZI,1
SWELLEN,1
SUZINARA,1
TABATTA,1
SUZELY,1
SUZELENA,1
NICODEMOS,1
NICIVALDA,1
NICIR,1
NICIA,1
SUZELEY,1
NICELLI,1
NICEA,1
SUZEMARA,1
NEYVAN,1
NICANDRO,1
NICACIO,1
SUZIARIA,1
SUZIE,1
NIARCOS,1
NEZILOUR,1
NEZIA,1
NEYZE,1
NEUZETE,1
NEUVANIA,1
SUZELAYNE,1
TAINAH,1
TAIANY,1
NERIVAN,1
NERITO,1
NERINO,1
NERIA,1
NERGITON,1
TAILANE,1
TAIME,1
TAINARA,1
NERUCIA,1
NEREIDE,1
NEREIDA,1
NEREDINALDO,1
NERCINA,1
NERCILIA,1
NERCI,1
TAIONARA,1
NEON,1
NERTAN,1
NERVAL,1
TABIRA,1
TAGIANE,1
NEUSANI,1
NEUSAMAR,1
TACILDO,1
NEURIVANY,1
NEURIVALDO,1
TACITO,1
NEURIDE,1
NEUMORA,1
TAHIANA,1
NERVAN,1
TAHIS,1
NEUDSON,1
TAHYARA,1
NESIO,1
NESILDO,1
NESI,1
NERYLSON,1
TAIANE,1
NICOLA,1
SUZANY,1
STEPHANY,1
NILVAN,1
NILZO,1
NILZILENE,1
NILZENE,1
SUELIR,1
SUELLEM,1
NILVANIA,1
SUELMA,1
NILVANDO,1
SUENE,1
NIMIO,1
SUENNE,1
NILTOMAR,1
NILTO,1
NILTA,1
SUIZE,1
SULA,1
SULAMITA,1
NILSENEA,1
SUELINE,1
NINO,1
NILSEA,1
STHERFANY,1
NISIAEL,1
NISE,1
STEPHEN,1
NISA,1
NIRVANI,1
NIRLENE,1
NIRIA,1
NIREIDE,1
NIRALDO,1
SUEDA,1
STIFANY,1
SUANNE,1
NIRACY,1
NIRA,1
NIOMAR,1
SUANY,1
NIOBE,1
SUE,1
NILSEIA,1
NILSA,1
SUZANNY,1
NIEGE,1
NIETE,1
SUYANE,1
NIEPCE,1
SUYARE,1
NIELZA,1
NIELSON,1
NIELSEN,1
SUYEN,1
NIDOVAL,1
NIKEILA,1
SUZANGELA,1
NIDERLON,1
NICOLY,1
NICOLLY,1
SUZANI,1
SUZANNA,1
NICOLLAS,1
NICOLI,1
NIGIAN,1
SUSIMARI,1
SULEIMA,1
SURAMA,1
SUMAIA,1
NILMARA,1
SUMAMI,1
NILDIA,1
NILDETE,1
SURA,1
SURAIA,1
NILDARIO,1
NILCINEIA,1
NIKOLETA,1
NILCENILDE,1
NILCELENE,1
SUREYA,1
SURIPONGSE,1
SUSANI,1
SUSETE,1
SUSIANY,1
SUSIELE,1
THAYNAH,1
AARAO,1
LENIN,1
DEMIAN,1
DEMETRIO,1
DEMETHRIUS,1
DEMESIO,1
DEMERSON,1
DELZUITO,1
DELZIONE,1
DELY,1
DELVANIA,1
DELVAN,1
DELSUITA,1
DELSUC,1
DELOURDES,1
DELNIR,1
DELNICE,1
DELMIR,1
DELMERINDA,1
DELMER,1
DELMACIO,1
DELLANO,1
DELIZETE,1
DELIVALDA,1
DELIO,1
DELIE,1
DELICE,1
DELIANY,1
DELIANA,1
DELIA,1
DEMETRIUS,1
DEMOCRITO,1
DASY,1
DEMONTIE,1
DEOPHANES,1
DEONIZIO,1
DEONISIO,1
DEONICE,1
DEOMICIO,1
DEOLINDA,1
DEODORO,1
DEOCLIDES,1
DEOCLESIO,1
DEO,1
DENYSE,1
DENYA,1
DENNIA,1
DENIZART,1
DENIZARD,1
DENIVAL,1
DENISIO,1
DENISA,1
DENILVA,1
DENILSE,1
DENILDE,1
DENILCY,1
DENILCEA,1
DENIEUSA,1
DENICE,1
DENANCY,1
DEMOSTENES,1
DELFINO,1
DELECIR,1
DELCY,1
DELCIRENE,1
DEIDVID,1
DEDSON,1
DECIVALDO,1
DEBRANDINO,1
DEBRAIR,1
DEARTHAGAN,1
DEA,1
DAYZE,1
DAYNE,1
DAYDE,1
DAYB,1
DAYANY,1
DAYANIS,1
DAYANI,1
DAWSON,1
DAVYD,1
DAVIS,1
DAVINO,1
DAVILSON,1
DAVILA,1
DAVIANE,1
DAUTO,1
DAURY,1
DAURIMAR,1
DAUREMA,1
DAUGLIS,1
DAUANA,1
DEILI,1
DEILSO,1
DEINE,1
DELACIR,1
DELCINEIA,1
DELCINA,1
DELCIN,1
DELCIENE,1
DELCI,1
DELBA,1
DELAYLA,1
DELANA,1
DELAMARK,1
DELAIR,1
DELAINE,1
DELAIDE,1
DEJENANA,1
DEIS,1
DEJANEIA,1
DEJAMIR,1
DEJALCYR,1
DEJAIR,1
DEJAIME,1
DEIZE,1
DEIZARY,1
DEIZA,1
DEIVIS,1
DEIVIDI,1
DEIVE,1
DEISI,1
DEORGELES,1
DEOSDALIA,1
DEOSVALDO,1
DIL,1
DINILSON,1
DINEZIO,1
DINELISE,1
DINELI,1
DINEIA,1
DINAMIR,1
DINAMAR,1
DINALIA,1
DINAIR,1
DIMONA,1
DIMITRIUS,1
DIMITRI,1
DIMITRE,1
DILZE,1
DILVIMAR,1
DILSELITA,1
DILOIR,1
DILICIANA,1
DILEUZA,1
DILERMANDO,1
DILENISI,1
DILCINEIA,1
DILCIMAR,1
DILCELIA,1
DILCEA,1
DILCE,1
DILAINE,1
DINO,1
DINOMAR,1
DIOCINIR,1
DIONY,1
DIRCIONEI,1
DIRCILENE,1
DIRCELIA,1
DIOVANNI,1
DIOVANNA,1
DIOVANIO,1
DIOVANI,1
DIOVANER,1
DIORNES,1
DIORLE,1
DIORGES,1
DIORGENES,1
DIONIZIA,1
DIOJANE,1
DIONIS,1
DIONIR,1
DIONEZIO,1
DIONES,1
DIONEL,1
DIONEIRE,1
DIONEE,1
DIONATHAN,1
DIONATAN,1
DIOMERIO,1
DIOMAR,1
DIOLINDA,1
DILACIR,1
DIJESUS,1
DERCILIO,1
DIJAN,1
DEUZELI,1
DEUZANIRA,1
DEUZAMAR,1
DEUSZUITA,1
DEUSVAL,1
DEUSELINE,1
DEUSELINA,1
DEUSEDIR,1
DEUSDETINA,1
DEUSDETES,1
DEUSDEDIT,1
DEURIVAN,1
DEUEL,1
DESYREE,1
DESSIRRE,1
DESONILTON,1
DESIREE,1
DESIO,1
DEROCI,1
DERLY,1
DERLEIDA,1
DERIVALDO,1
DERIVAL,1
DERISVALDO,1
DERISCLEIA,1
DERIO,1
DERIANE,1
DEUZENICE,1
DEUZIMAR,1
DEUZUITA,1
DHION,1
DIHEGO,1
DIESSON,1
DIEMESLENO,1
DIELSON,1
DIELLY,1
DIELLEN,1
DIEISON,1
DIDIMA,1
DIARRILA,1
DIANNE,1
DI,1
DHONES,1
DHIOGO,1
DEVAIR,1
DHIEGO,1
DHIANCARLOS,1
DHEYMERSONN,1
DHENIS,1
DHARIS,1
DHANYANE,1
DEYVE,1
DEWILSON,1
DEVYLSON,1
DEVSON,1
DEVANY,1
DEVANIL,1
DATIVO,1
DARY,1
CLAUDILEDE,1
CLEYDSON,1
CLEYDEMARA,1
CLEYDE,1
CLEVES,1
CLEUZILAINE,1
CLEUZENI,1
CLEUSONI,1
CLEUMIR,1
CLEUDON,1
CLEUDISON,1
CLEUDIR,1
CLEUDIMAR,1
CLEUDIANE,1
CLEUDENIR,1
CLEUCIO,1
CLEUBER,1
CLETHO,1
CLESO,1
CLESIVANIA,1
CLERTON,1
CLERIVALDO,1
CLERISTON,1
CLERIS,1
CLERES,1
CLEOPATRA,1
CLEONISIA,1
CLEONIR,1
CLEONILTON,1
CLEYDIANNE,1
CLEYSSON,1
DARWIN,1
CLEZIA,1
CORNELIA,1
CORDELIA,1
CORBINIANO,1
CORACY,1
CONSOELIO,1
CONCUELO,1
COMARCI,1
COLBERT,1
CLYVONEIDE,1
CLYTON,1
CLOVIA,1
CLOSATO,1
CLORIS,1
CLOIR,1
CLODOVIL,1
CLODOVEU,1
CLODOMIRO,1
CLODOMAR,1
CLODIMAR,1
CLISTENES,1
CLISANGELA,1
CLINGER,1
CLIMENES,1
CLIJOMAR,1
CLIDOVAL,1
CLIDIOMAR,1
CLIDENOR,1
CLEONILSON,1
CLEONILDE,1
CLEONIA,1
CLEONERUBENS,1
CLEDIVALDO,1
CLEDI,1
CLEDENIR,1
CLEDENILSON,1
CLEDENICE,1
CLECIMA,1
CLECIA,1
CLEBIA,1
CLAYSE,1
CLAYRTON,1
CLAYRE,1
CLAUZIO,1
CLAUZEMIR,1
CLAUMIR,1
CLAUMER,1
CLAUDYANNE,1
CLAUDOVIL,1
CLAUDOMIRO,1
CLAUDOMI,1
CLAUDOBERTO,1
CLAUDIVAN,1
CLAUDIUS,1
CLAUDIONILSO,1
CLAUDIONEI,1
CLAUDIOMIR,1
CLAUDINEIA,1
CLAUDINE,1
CLEIBE,1
CLEICIA,1
CLEIDER,1
CLEMIR,1
CLEONEIDE,1
CLEON,1
CLEOMIR,1
CLEOGENES,1
CLEOFAS,1
CLEOCY,1
CLENISE,1
CLENILSON,1
CLENICE,1
CLENIA,1
CLENI,1
CLENDA,1
CLEMILTON,1
CLEIDESELMA,1
CLEMILDA,1
CLEMENTINA,1
CLEMENS,1
CLEMENCEAU,1
CLEMAR,1
CLELIO,1
CLEISI,1
CLEIRISTON,1
CLEIR,1
CLEILTON,1
CLEIDIU,1
CLEIDIJANE,1
CORNELIO,1
COSIMO,1
COSMEA,1
DALVANIR,1
DANIVIO,1
DANIVAL,1
DANILZA,1
DANILTON,1
DANILA,1
DANIELY,1
DANIELTON,1
DANIELO,1
DANIEGE,1
DANICHI,1
DANI,1
DANEI,1
DANDARA,1
DANAE,1
DAN,1
DAMYAN,1
DAMON,1
DAMASIO,1
DAMASIEL,1
DAMARES,1
DALZA,1
DALYLA,1
DALYANNE,1
DALVIR,1
DALVINO,1
DALVINA,1
DALVETE,1
DANNIA,1
DANNIEL,1
DANNIELLE,1
DARCLEY,1
DARTESON,1
DARLISE,1
DARLEI,1
DARLA,1
DARKYANA,1
DARKSON,1
DARISMAR,1
DARINKA,1
DARILTON,1
DARILHO,1
DARIALVA,1
DARDIELLE,1
DARCIO,1
DANNILO,1
DARCILESIO,1
DARCILEIA,1
DARCIEL,1
DANYLO,1
DANYELLA,1
DANYEL,1
DANUZA,1
DANUSIA,1
DANUBIA,1
DANTON,1
DANNYSON,1
DANNY,1
DALVANISA,1
DALVANETE,1
CREILDES,1
DALVACIR,1
CYBELLE,1
CRYSLAINE,1
CRISVALTER,1
CRISTOFFER,1
CRISTINIANA,1
CRISTIANNO,1
CRISTHYANE,1
CRISTHOPHE,1
CRISTHIAN,1
CRISONEIA,1
CRISOLEIDE,1
CRISLENE,1
CRISLEI,1
CRISLAINE,1
CRISIANE,1
CRISCIAN,1
CRISANTO,1
CRIS,1
CRHISTINNE,1
CREUMIR,1
CREUDES,1
CREPSON,1
CREOVELUCIA,1
CREOSVALDO,1
CREONI,1
CREMIR,1
CREISE,1
CYEL,1
CYL,1
CYNARA,1
DAIRO,1
DALTRO,1
DALTI,1
DALMIRO,1
DALMIR,1
DALLYANA,1
DALLILA,1
DALINE,1
DALINA,1
DALIA,1
DALGLISH,1
DALGISA,1
DAIVISON,1
DAILSON,1
CYNERAYLLY,1
DAILANE,1
DAIENNE,1
DAIENE,1
DAIELI,1
DAIANNI,1
DAGOMAR,1
DAELSON,1
DADSON,1
DACY,1
DACIANE,1
D,1
CYRILLA,1
DIRCLE,1
DIRIS,1
DIRLEI,1
ELISANIR,1
ELISANDRO,1
ELISANA,1
ELISAMAR,1
ELISABET,1
ELIONILSON,1
ELIONILDO,1
ELIONEIDE,1
ELIONE,1
ELIOENAI,1
ELIODORIA,1
ELINILCIA,1
ELINELSON,1
ELINDALVA,1
ELIMARIO,1
ELILDA,1
ELIFAZ,1
ELIFAS,1
ELIEZIR,1
ELIEZILDA,1
ELIETH,1
ELIETA,1
ELIENILDO,1
ELIENAY,1
ELIELZA,1
ELIELMA,1
ELIELDO,1
ELIEIDE,1
ELISANIA,1
ELISCLEIA,1
DIRLEIDE,1
ELISELMA,1
ELMIR,1
ELMER,1
ELLENCRISTINA,1
ELLAINE,1
ELKYER,1
ELIZITARIO,1
ELIZIO,1
ELIZIANI,1
ELIZIANE,1
ELIZE,1
ELIZANDRA,1
ELIZAMARA,1
ELIZAMA,1
ELIZALDO,1
ELIZABET,1
ELIVANA,1
ELIVAN,1
ELITON,1
ELISSANDRO,1
ELISSANDRA,1
ELISSA,1
ELISRAEL,1
ELISON,1
ELISMEIA,1
ELISIANA,1
ELISIA,1
ELISEO,1
ELIEDA,1
ELIDIO,1
ELIDIANE,1
ELICIMAR,1
ELEANDRO,1
ELEANDRA,1
ELEANARA,1
ELEANA,1
ELEALZA,1
ELDONOR,1
ELDIS,1
ELDIR,1
ELDIO,1
ELDANIR,1
ELCY,1
ELCK,1
ELCIOMAR,1
ELCINEIA,1
ELCIAS,1
ELCI,1
ELCA,1
ELANO,1
ELANIR,1
ELANIO,1
ELANI,1
ELANA,1
ELAIDE,1
ELAICE,1
ELADIR,1
ELADARIO,1
EIMAIR,1
ELECI,1
ELEHU,1
ELEILSON,1
ELESBAO,1
ELIBENE,1
ELIARA,1
ELIANTONIA,1
ELIANNE,1
ELIANGELA,1
ELIANDRO,1
ELIAKIM,1
ELIABE,1
ELGINA,1
ELEUSA,1
ELETICE,1
ELETA,1
ELER,1
ELENAIDE,1
ELEOTERIA,1
ELEONI,1
ELEONEIDE,1
ELEOMARIA,1
ELENY,1
ELENIZE,1
ELENISSE,1
ELENIS,1
ELENILTO,1
ELENILSON,1
ELENILDO,1
ELENILDES,1
ELMIRIA,1
ELMIRO,1
ELNO,1
ENEAS,1
ERASIVAN,1
ERANDI,1
EPSON,1
EPONINA,1
ENVER,1
ENOKI,1
ENOILCE,1
ENODITO,1
ENNIO,1
ENNE,1
ENNALI,1
ENIVALDO,1
ENISEA,1
ENILDE,1
ENIL,1
ENIELSON,1
ENIEDSON,1
ENGRACIA,1
ENGEL,1
ENES,1
ENELIO,1
ENEILTON,1
ENEIDINA,1
ENEIDES,1
ENEIDE,1
ENEIAS,1
ENEDYLSON,1
ERBSON,1
ERCILIO,1
ERCIO,1
ERIDAN,1
ERIVANDO,1
ERIVAL,1
ERITO,1
ERISVAN,1
ERISTON,1
ERISNALVA,1
ERINILDO,1
ERINEIA,1
ERINALDO,1
ERIMAR,1
ERILTO,1
ERILANE,1
ERIDA,1
EREDILSON,1
ERICSSON,1
ERICSON,1
ERICLIS,1
ERICLER,1
ERICKA,1
ERICHARDSON,1
ERIALDO,1
ERENITA,1
ERENILDA,1
ERENI,1
ERENALDO,1
EREMITA,1
ENEDINA,1
ENDYRA,1
ELOILZA,1
ENDERSON,1
ELZITO,1
ELZIARIA,1
ELZENIR,1
ELZENI,1
ELZEMARY,1
ELZELI,1
ELZE,1
ELZANORA,1
ELZAHRA,1
ELYUDIENNE,1
ELYSON,1
ELYSABETH,1
ELYROUSE,1
ELYN,1
ELVYS,1
ELVIA,1
ELVERTON,1
ELUIZA,1
ELTTON,1
ELSIO,1
ELSIE,1
ELSI,1
ELOYDES,1
ELOYANE,1
ELON,1
ELOISIA,1
ELOIO,1
EMANNUEL,1
EMANOELE,1
EMANUELA,1
EMIVALDO,1
ENARA,1
ENALDO,1
ENALDA,1
ENAIDE,1
ENADY,1
ENA,1
EMNIELLE,1
EMMERSON,1
EMMELY,1
EMMANUELA,1
EMMANOEL,1
EMMA,1
EMIRTON,1
EMANUELLY,1
EMIR,1
EMILLIANO,1
EMILITINO,1
EMILIANO,1
EMILIANE,1
EMIDIAN,1
EMIDIA,1
EMES,1
EMERITA,1
EMELY,1
EMELINE,1
EMELIE,1
EIDER,1
EGUINALDO,1
EGUINALDE,1
DOUGLLAS,1
EBBER,1
DYRNEY,1
DYRCEU,1
DYRCE,1
DYONES,1
DYOGO,1
DYLENY,1
DYLAN,1
DYENNE,1
DYEGO,1
DUVAL,1
DUNCKER,1
DUNCAN,1
DULIO,1
DULCIRENE,1
DULCINE,1
DULCIMARA,1
DULCILENE,1
DULCILEA,1
DULCIDIO,1
DULCICLEIA,1
DULCECLEIA,1
DUCILENE,1
DRIELSON,1
DRAURIO,1
DOWIGES,1
DOVERCINO,1
EBENEZER,1
EBERSON,1
EBERTE,1
EDECI,1
EDENI,1
EDENETTE,1
EDEMIR,1
EDEM,1
EDELVINO,1
EDELEUZA,1
EDELCYR,1
EDELBERTO,1
EDELA,1
EDEILDO,1
EDEILDE,1
EDEGAR,1
EDE,1
EBERVAL,1
EDDER,1
EDCLECIA,1
EDCARLOS,1
EDAHIL,1
EDA,1
ECLESINA,1
ECIVALDO,1
ECIONE,1
ECILDO,1
ECILA,1
EBNEZER,1
EBIO,1
DOURIVALDO,1
DOUGIVAL,1
EDENILDA,1
DORVI,1
DOMECILIA,1
DOMARIO,1
DOLORES,1
DOCENI,1
DOALDO,1
DOACIR,1
DMITRY,1
DJONES,1
DJILSON,1
DJARI,1
DJANIR,1
DJALMIR,1
DJACY,1
DJACI,1
DIVANIR,1
DIVANILDO,1
DIVANETE,1
DIVAM,1
DIVALUCIA,1
DIVAL,1
DIUNES,1
DIULIE,1
DIULA,1
DISNEY,1
DISNEI,1
DIRTY,1
DIRLEY,1
DOMICINHA,1
DOMINICO,1
DOMINIQUE,1
DORIAN,1
DORVENCINA,1
DORVALINA,1
DORVAL,1
DORVACI,1
DOROTEA,1
DORIVALDO,1
DORISVAN,1
DORINETHE,1
DORILO,1
DORILA,1
DORIGEYSE,1
DORIEDSON,1
DORIAM,1
DONA,1
DORCINA,1
DORALINA,1
DORAISY,1
DORACIR,1
DONIZETTI,1
DONIVAL,1
DONIL,1
DONATO,1
DONATELLA,1
DONATA,1
DONALDO,1
DONALD,1
EDENIA,1
EDENILDE,1
EGUIMAR,1
EDJERSON,1
EDNON,1
EDNILDO,1
EDNILDA,1
EDNILCE,1
EDNEUSA,1
EDNELIA,1
EDNEIDE,1
EDNEI,1
EDNAR,1
EDNALDA,1
EDNAENE,1
EDNADIR,1
EDMO,1
EDMILSAN,1
EDMIDOUGLAS,1
EDMERY,1
EDMERCIA,1
EDMEIRE,1
EDMEIA,1
EDMEE,1
EDME,1
EDMARCIO,1
EDLON,1
EDLEUZA,1
EDLEUSA,1
EDLEILA,1
EDLAMAR,1
EDON,1
EDRAS,1
EDRIENE,1
EDZANA,1
EGON,1
EGMAR,1
EGLER,1
EGLAIR,1
EGIVAN,1
EGIVALDO,1
EGILTON,1
EGILDA,1
EGAIR,1
EFREM,1
EFRAIM,1
EFIGENIO,1
EDYR,1
EDSAMY,1
EDYENE,1
EDWARD,1
EDVON,1
EDVARDO,1
EDVARDES,1
EDVANDIR,1
EDVALDA,1
EDVA,1
EDUIDEN,1
EDUI,1
EDUALEIDE,1
EDU,1
EDLAINE,1
EDJANDIR,1
EDENILTON,1
EDJAMES,1
EDIMARCIO,1
EDILSA,1
EDILIA,1
EDILEUCE,1
EDILEIDE,1
EDILANI,1
EDILANE,1
EDIL,1
EDIJA,1
EDIGAR,1
EDICLEUBER,1
EDICLEIA,1
EDICACIO,1
EDIANO,1
EDIANE,1
EDIANA,1
EDIALA,1
EDGARDO,1
EDFRANKLIN,1
EDEVALDO,1
EDEVALDA,1
EDEVAL,1
EDEUVALDO,1
EDES,1
EDERVAL,1
EDERNEY,1
EDERILSON,1
EDIMARIO,1
EDIMIR,1
EDIMO,1
EDIRSON,1
EDJALMA,1
EDIZOGO,1
EDIZIO,1
EDIWALDO,1
EDIVANIO,1
EDIVANILSON,1
EDIVANDO,1
EDIVANA,1
EDIVA,1
EDISOM,1
EDISMAR,1
EDIS,1
EDIRIA,1
EDIMON,1
EDIRENI,1
EDIONE,1
EDIOCLECIO,1
EDINOR,1
EDINIZIO,1
EDINEZ,1
EDINETE,1
EDINEA,1
EDINARDO,1
EDINAMAR,1
EDINAM,1
EDINAEL,1
CLAUDIMAR,1
CLAUDILEA,1
LENILDE,1
ALTANIRA,1
ALTAMIRANDO,1
ALSON,1
ALRELINO,1
ALOYSIA,1
ALONCO,1
ALOMA,1
ALMANY,1
ALLYSSON,1
ALLYNNE,1
ALLYNE,1
ALLIVIA,1
ALLINY,1
ALLEXANDRE,1
ALLEX,1
ALLANI,1
ALLANA,1
ALKIMAR,1
ALISSANDRA,1
ALIOSMAR,1
ALIONKA,1
ALINY,1
ALINNY,1
ALINNE,1
ALINDO,1
ALINDAI,1
ALIETE,1
ALIENE,1
ALTANIR,1
ALTEMIR,1
ALDAIRES,1
ALTENIZA,1
AMARITO,1
AMARILTON,1
AMARILIO,1
AMARANDO,1
AMARAL,1
AMARA,1
AMADOR,1
AMABLE,1
AMABIA,1
ALZINETA,1
ALZILEIDE,1
ALZEMIR,1
ALZEMAR,1
ALYNNI,1
ALVIR,1
ALVINA,1
ALVIM,1
ALVIDOMAR,1
ALVERINO,1
ALVARINO,1
ALUF,1
ALUECI,1
ALTIVO,1
ALTINEA,1
ALTINA,1
ALTEVIR,1
ALTEREDO,1
ALIANDRA,1
ALHAN,1
ALGEU,1
ALGEMIRO,1
ALDY,1
ALDOVARGAS,1
ALDIZIO,1
ALDIVA,1
ALDISON,1
ALDIMAR,1
ALDILENE,1
ALDICLEYA,1
ALDICEIA,1
ALDI,1
ALDEZIR,1
ALDERISIO,1
ALDERICO,1
ALDER,1
ALDENO,1
ALDENIZIO,1
ALDENIERE,1
ALDEN,1
ALDEMY,1
ALDEMO,1
ALDEMIRO,1
ALDEMIRA,1
ALDEMI,1
ALDEMARIO,1
ALDEMARINO,1
ALDELY,1
ALDEIRTON,1
ALECIA,1
ALECIO,1
ALECSONIA,1
ALESANDRA,1
ALGACYR,1
ALFREDINA,1
ALFIERI,1
ALEYNE,1
ALEXSANDRE,1
ALEXIS,1
ALEXANDRINO,1
ALEXANDRINA,1
ALETICIA,1
ALETHEA,1
ALETEIA,1
ALESSIO,1
ALEQUEXANDRE,1
ALEFE,1
ALEONES,1
ALENILDE,1
ALENICE,1
ALENE,1
ALENCAR,1
ALEMAX,1
ALEMAR,1
ALELITO,1
ALEKSANDRA,1
ALEKSANDR,1
ALEKSANDER,1
ALEIDA,1
AMARIUDO,1
AMASILI,1
AMAZILIS,1
ANDRIARA,1
ANICETO,1
ANICE,1
ANIBAS,1
ANIA,1
ANI,1
ANGIOMAR,1
ANGILENE,1
ANGELITTA,1
ANGELINE,1
ANGELIA,1
ANEXANDRA,1
ANESTOR,1
ANESIO,1
ANESIA,1
ANERCILIA,1
ANEMIAS,1
ANEMARIE,1
ANELIZE,1
ANELITA,1
ANELIA,1
ANEKECIA,1
ANEIDE,1
ANE,1
ANDUME,1
ANDRYELLE,1
ANDRIZA,1
ANDRIO,1
ANIDA,1
ANIDAY,1
ANIDETE,1
ANNANDA,1
ANTOGILDO,1
ANTINO,1
ANORIVALDA,1
ANOEL,1
ANNYA,1
ANNOVA,1
ANNIBAL,1
ANNETTE,1
ANNETE,1
ANNELYSE,1
ANNELIZA,1
ANNELISE,1
ANNALZIRA,1
ANIE,1
ANNALINA,1
ANIZIA,1
ANIUSKA,1
ANISSE,1
ANIS,1
ANILDA,1
ANIETIELE,1
ANIELY,1
ANIELLI,1
ANIELLE,1
ANIELI,1
ANIEL,1
ANDRIELLY,1
ANDREYA,1
AMAZONEIDE,1
ANDRES,1
ANAILTON,1
ANAHY,1
ANAGILDO,1
ANAELSON,1
ANAEL,1
ANADIR,1
ANADESIA,1
ANACLEYDE,1
ANACILIA,1
ANABELLE,1
ANABELA,1
AMSTERDA,1
AMOS,1
AMITA,1
AMISTERDAN,1
AMIRCE,1
AMINI,1
AMILSON,1
AMILSE,1
AMILCAR,1
AMILAR,1
AMENIL,1
AMENE,1
AMENA,1
AMELIO,1
AMAZONITA,1
AMAZONINO,1
ANAIRAN,1
ANAISA,1
ANAIZA,1
ANCELITA,1
ANDRERIKA,1
ANDRELINO,1
ANDREISA,1
ANDREIMAR,1
ANDREAS,1
ANDOUGLAS,1
ANDINA,1
ANDETE,1
ANDERLEIA,1
ANDERLANE,1
ANCILLA,1
ANCELMO,1
ANAZILDA,1
ANALI,1
ANAVITA,1
ANAURELINO,1
ANATALIEL,1
ANATALIA,1
ANASTAZIO,1
ANARIO,1
ANARA,1
ANAMELIA,1
ANAMARI,1
ANALU,1
ANALIDICE,1
ANALICIA,1
ALDAROSA,1
ALDAGIZA,1
CLAUDILANE,1
ADENORA,1
ADENOEL,1
ADENIZIO,1
ADENISIO,1
ADENILZA,1
ADENILSE,1
ADENILDA,1
ADENICE,1
ADENIA,1
ADENAUER,1
ADENALDO,1
ADENAIR,1
ADEMILDE,1
ADEMILDA,1
ADEMACI,1
ADELZITA,1
ADELNIDO,1
ADELMIR,1
ADELMAR,1
ADELLE,1
ADELIZE,1
ADELIR,1
ADELICE,1
ADELE,1
ADELCINA,1
ADEJI,1
ADEJAINA,1
ADEJACIR,1
ADENOR,1
ADERITO,1
ALDAFRANKLE,1
ADERLANGE,1
ADJARDO,1
ADJANIRA,1
ADJAIR,1
ADJA,1
ADIVAR,1
ADIVAN,1
ADIVALDO,1
ADISALAO,1
ADIRSON,1
ADINEY,1
ADINARA,1
ADINALDO,1
ADILOUR,1
ADILMAR,1
ADILEIA,1
ADILEA,1
ADILA,1
ADICINEIA,1
ADIBE,1
ADIB,1
ADI,1
ADEVAL,1
ADESIVAL,1
ADESIO,1
ADERVAL,1
ADERNALDO,1
ADERLI,1
ADEIR,1
ADEILDE,1
ADEILDA,1
ADECY,1
ACCACIO,1
ABYMAEL,1
ABSOLOM,1
ABRILINO,1
ABRAO,1
ABNILSON,1
ABINAIR,1
ABIMAELSON,1
ABIGUINEIDE,1
ABIEZER,1
ABIDALASES,1
ABIAS,1
ABIAH,1
ABERNON,1
ABELIO,1
ABELI,1
ABELARIO,1
ABEILARD,1
ABDORAL,1
ABDI,1
ABDENEGO,1
ABDENAGA,1
ABDELHAK,1
ABAPORANG,1
ABAETE,1
ABADIO,1
ABADIAS,1
ACEMIR,1
ACEU,1
ACEVESMORENO,1
ADALGIZA,1
ADEBALECY,1
ADDISON,1
ADAURI,1
ADAOTINO,1
ADANILSON,1
ADAMILSON,1
ADALY,1
ADALTRO,1
ADALNIO,1
ADALMIR,1
ADALMI,1
ADALIO,1
ADALGISO,1
ACHILLES,1
ADALGISA,1
ADALGIMAR,1
ADALARDO,1
ADAILTOM,1
ADAIAS,1
ADAHILTON,1
ADAFRAM,1
ACRISIO,1
ACONY,1
ACMA,1
ACLES,1
ACILON,1
ADJOVANO,1
ADLA,1
ADLAREG,1
AILMA,1
ALBERES,1
ALBERDON,1
ALBERDAN,1
ALBEMERC,1
ALBANO,1
ALBANIZO,1
ALBANIZE,1
ALBANITA,1
ALBANISA,1
ALBANIA,1
ALAYANE,1
ALANEA,1
ALAINO,1
ALAIM,1
ALAILTON,1
ALAIDO,1
ALAIDES,1
ALAERCIO,1
AKKINEIW,1
AISSA,1
AISE,1
AIRTO,1
AIRSON,1
AIRLIAN,1
AIRAN,1
AINOAM,1
AIMEE,1
ALBERIO,1
ALBERITO,1
ALBERONE,1
ALCILEDIO,1
ALDACIRA,1
ALCIVANDO,1
ALCIVAN,1
ALCITA,1
ALCIONIR,1
ALCIONELIA,1
ALCIO,1
ALCINEU,1
ALCINEA,1
ALCINDELIA,1
ALCINARA,1
ALCILENE,1
ALCIDINO,1
ALBERTA,1
ALCIDENISSO,1
ALCENY,1
ALCENOR,1
ALCENIR,1
ALCENI,1
ALCENEZ,1
ALCENDINO,1
ALCEBINO,1
ALBITERMAN,1
ALBIRATO,1
ALBINEI,1
ALBERTH,1
AIMARA,1
AILDSON,1
ADLER,1
AILA,1
ADVALDO,1
ADVA,1
ADUGAN,1
ADRUALDO,1
ADROVALDO,1
ADROALDO,1
ADRIZE,1
ADRIOR,1
ADRINE,1
ADRIENY,1
ADRIENNI,1
ADRIENNE,1
ADRIENE,1
ADRIELA,1
ADRIANY,1
ADRIANETE,1
ADONIS,1
ADONIRAM,1
ADONEL,1
ADONAY,1
ADOLPHO,1
ADOALDO,1
ADNEY,1
ADNERSIO,1
ADNA,1
ADMILTON,1
ADMA,1
ADY,1
ADYR,1
AECILDO,1
AGNALCY,1
AIDE,1
AIAS,1
AIANE,1
AHIRAM,1
AGUSTINHO,1
AGUSTIN,1
AGUEDA,1
AGRINALDO,1
AGRICOLA,1
AGNUS,1
AGNOR,1
AGNES,1
AGNAL,1
AEDSON,1
AGNAEL,1
AGLAIS,1
AGLAIA,1
AGILSON,1
AGILENO,1
AGENILSO,1
AGELVANDIA,1
AGASSIS,1
AFLANIO,1
AFFONSO,1
AERSON,1
AELTON,1
ANTOINE,1
ANTOINETTE,1
ANTONELMA,1
CARLYLE,1
CARLITA,1
CARLISA,1
CARLIENE,1
CARLIAN,1
CARLEUSA,1
CARLESSANDRO,1
CARLENE,1
CARLACI,1
CARIZA,1
CARISA,1
CARINEIA,1
CANDIDO,1
CAMYLA,1
CAMILLE,1
CAMELIA,1
CALIOPE,1
CALILA,1
CALIANDRA,1
CALERIA,1
CAIUBI,1
CAITANO,1
CAIRO,1
CAETANIO,1
CAETANA,1
CACIO,1
CACEA,1
BRYSA,1
CARLIZON,1
CARMA,1
ANTONGNIONI,1
CARMECI,1
CAULINO,1
CAUBY,1
CATIELMA,1
CATIANE,1
CATHARINA,1
CATERINA,1
CATARINE,1
CASTOR,1
CASSYANO,1
CASSIMIRO,1
CASSIMILA,1
CASSIANE,1
CASEMIRO,1
CARROMBERTH,1
CARROBERTO,1
CARRILHO,1
CAROLINY,1
CAROLINI,1
CARMINHA,1
CARMINE,1
CARMENISIA,1
CARMELUCIA,1
CARMELLA,1
CARMELIO,1
CARMELINDA,1
CARMELA,1
CARMECY,1
BRUNELMO,1
BRUCE,1
BRIZA,1
BRIGIDA,1
BEZALIEL,1
BEVERLY,1
BETYNA,1
BETULIA,1
BETINA,1
BESACI,1
BERTIANE,1
BERTELANIA,1
BERTA,1
BERNYELLE,1
BERNARDET,1
BERNARD,1
BERLIM,1
BENVINO,1
BENVINDO,1
BENONI,1
BENONE,1
BENJAMIN,1
BENIMIRIA,1
BENILDE,1
BENIELIA,1
BENI,1
BENHUR,1
BENERVAL,1
BENEDICTO,1
BENAR,1
BEN,1
BI,1
BIANCCA,1
BIENVENIDO,1
BRASILIA,1
BRIAN,1
BREYTNER,1
BRENNA,1
BRENILSON,1
BREITNER,1
BRAZILINO,1
BRAZIEL,1
BRAYAN,1
BRAULO,1
BRAULITA,1
BRAULE,1
BRASILINO,1
BRASILA,1
BIMARIA,1
BOSCO,1
BORIS,1
BORBA,1
BONIFACIO,1
BONI,1
BONFIM,1
BOMFIM,1
BOAVENTURA,1
BLENDA,1
BLARANIS,1
BLANGE,1
BIVANILDA,1
CAYO,1
CAYZA,1
CECILIANO,1
CIDCREI,1
CISNAIDE,1
CIRTON,1
CIRSO,1
CIRLEI,1
CIRINEU,1
CIRILUCIA,1
CIRIACO,1
CIRENE,1
CIOMARA,1
CINZIA,1
CINTILA,1
CINIRO,1
CINEZIO,1
CINERVAL,1
CINELLI,1
CINCINATO,1
CINARIA,1
CIMONE,1
CILZANE,1
CILEA,1
CILDO,1
CILAS,1
CILAIR,1
CILA,1
CIGLE,1
CIDNEI,1
CIDLEY,1
CIVAL,1
CLACI,1
CLADEILTON,1
CLAUDECI,1
CLAUDICEA,1
CLAUDEVANILCE,1
CLAUDETH,1
CLAUDEONORA,1
CLAUDEONOR,1
CLAUDENOR,1
CLAUDENICIO,1
CLAUDEMIRA,1
CLAUDEMBERQUE,1
CLAUDELINO,1
CLAUDELICE,1
CLAUDECIRA,1
CLAUBERSON,1
CLADEMIR,1
CLASIO,1
CLARIZA,1
CLARIVAL,1
CLARISE,1
CLARINA,1
CLAREDINA,1
CLARCSON,1
CLAITON,1
CLAIRE,1
CLAIDE,1
CLADSON,1
CLADIR,1
CIDIOMAR,1
CIDAILDO,1
CEILANIA,1
CID,1
CHARLITON,1
CHARLEY,1
CHARBEL,1
CHAQUIBE,1
CHANDRE,1
CHABELY,1
CEYCA,1
CESIO,1
CESIA,1
CERGIO,1
CENOBILINA,1
CENIRO,1
CENIR,1
CENILDO,1
CENILDE,1
CELMARIO,1
CELLINE,1
CELIZIA,1
CELIZE,1
CELIVAN,1
CELIVALDO,1
CELISA,1
CELIOMAR,1
CELIELSON,1
CELICE,1
CELESTINO,1
CELERINO,1
CHARLIZE,1
CHARLYS,1
CHARTON,1
CHRISSIE,1
CIBELY,1
CIANA,1
CHUN,1
CHRYSTINA,1
CHRISTYANE,1
CHRISTOVAM,1
CHRISTOPHER,1
CHRISTINNE,1
CHRISTIELEN,1
CHRISTIANY,1
CHRISTIANA,1
CHRISTIA,1
CHRIS,1
CHASMULLER,1
CHOW,1
CHLOE,1
CHIRLI,1
CHIRL,1
CHEVERRY,1
CHESSMAN,1
CHERLA,1
CHERA,1
CHELSTON,1
CHEILA,1
CHEARA,1
CHATEAUBRIAND,1
BELO,1
BELMIRA,1
BELISIO,1
ARIKERLIS,1
ARIWILSON,1
ARIVELTOM,1
ARIVANE,1
ARIVAN,1
ARITON,1
ARISTON,1
ARISTOCLIDES,1
ARISTEVAL,1
ARISTEIA,1
ARISLENE,1
ARIOSTO,1
ARIONIA,1
ARIONI,1
ARIONEZIO,1
ARIONEIDE,1
ARIONE,1
ARIOMAR,1
ARINO,1
ARINILSON,1
ARINEIDE,1
ARINEA,1
ARINALDO,1
ARIMOCELE,1
ARIMAR,1
ARILU,1
ARILTON,1
ARILO,1
ARIZANEIDE,1
ARLANE,1
ARLENA,1
ARNAUD,1
ARSENIO,1
ARQUIMEDES,1
ARONILSON,1
ARON,1
ARNULFO,1
ARNOS,1
ARNON,1
ARNOLDO,1
ARNOBIO,1
ARNO,1
ARNILSON,1
ARNILDO,1
ARMYSTRON,1
ARLEO,1
ARMISTRONG,1
ARMINIO,1
ARMINDIO,1
ARMELI,1
ARLYSE,1
ARLLEY,1
ARLLEN,1
ARLLAN,1
ARLIVAM,1
ARLINETE,1
ARLINDA,1
ARLIETE,1
ARILDA,1
ARIETE,1
ARTEMIS,1
ARIELTON,1
ARAQUEM,1
ARANTES,1
ARAMIS,1
ARACI,1
ARACELLE,1
AQUILLA,1
APURINAN,1
APPIO,1
APOLONIO,1
APOLONIA,1
APOLINARIA,1
APOLIANO,1
APOENA,1
APLEDINEI,1
AOKI,1
ANUSKA,1
ANUAR,1
ANTUNIEL,1
ANTUNES,1
ANTULIO,1
ANTUERPIO,1
ANTONIONI,1
ANTONINO,1
ANTONINHO,1
ANTONINALDO,1
ANTONINA,1
ANTONIELA,1
ARARUA,1
ARARY,1
ARATI,1
ARIALDO,1
ARIELSON,1
ARIELE,1
ARIELA,1
ARICIO,1
ARICESAR,1
ARICENILDA,1
ARICENEIDE,1
ARICELIO,1
ARIANNA,1
ARIANI,1
ARIANA,1
ARIAMIRO,1
ARIADNY,1
ARCELIO,1
ARIADNI,1
ARGEU,1
ARGENTINA,1
ARETTA,1
AREOLINO,1
AREJACY,1
ARDALLA,1
ARCYLEU,1
ARCLEBSON,1
ARCILEI,1
ARCENIO,1
ARCELO,1
ARTEME,1
ARTYENE,1
BELISAIR,1
AURI,1
AYSLAN,1
AYRI,1
AYRANA,1
AYRA,1
AYNARA,1
AYLSON,1
AYDRA,1
AYDIR,1
AYDIL,1
AYANY,1
AYANA,1
AVNER,1
AVILA,1
AVANISE,1
AVANI,1
AVANETE,1
AUSTERLITZ,1
AUSAMIR,1
AURISTELA,1
AURIO,1
AURINETE,1
AURINEA,1
AURINDAX,1
AURIMAR,1
AURILENE,1
AURILEIDE,1
AURIEKSON,1
AYSLLANY,1
AYUB,1
AZEMAR,1
BEATRICE,1
BELIONISIA,1
BELINE,1
BELINDO,1
BELINDA,1
BELIDSON,1
BELCHOR,1
BELARMINO,1
BELARMINA,1
BELADETE,1
BEETHOVEN,1
BEDATI,1
BEATRYZ,1
BATHUEL,1
AZEMIR,1
BASILIO,1
BARTIRA,1
BARTHYRA,1
BARTHIRA,1
BARRY,1
BARBHARA,1
BALTHAZAR,1
BABLISA,1
AZUIL,1
AZIR,1
AZINETE,1
AZENEIDE,1
AURICELIA,1
AURENY,1
ARYANGELA,1
AURENIR,1
ATOS,1
ATONIEL,1
ATILIO,1
ATIBERTO,1
ATHAN,1
ATECIO,1
ATAURY,1
ATANAGILDO,1
ATAMIR,1
ATAIS,1
ATAIDE,1
ATAHUALPA,1
ATACI,1
ASVAGRIO,1
ASTRID,1
ASTREA,1
ASTERIO,1
ASSUERO,1
ASSIZIO,1
ASSIMA,1
ASSILON,1
ASKERY,1
ASIEL,1
ASEVEDO,1
ASDRUBAL,1
ASAS,1
ARYOSWALDO,1
AUCIRAN,1
AUDA,1
AUDALIO,1
AUGIZA,1
AUREMILTO,1
AURELINA,1
AURELIENNE,1
AURELICE,1
AURELIANE,1
AURELIA,1
AURECILIO,1
AUREAN,1
AUREALUZ,1
AURA,1
AUMI,1
AULENILCE,1
AUDREI,1
AUDENIR,1
AUDREA,1
AUDO,1
AUDIVALDE,1
AUDIRLEI,1
AUDIR,1
AUDINETE,1
AUDILEY,1
AUDICEIA,1
AUDIA,1
AUDI,1
AUDES,1
AUDERES,1
ERIVELSON,1
ERIVELTO,1
ERIVELTON,1
JESSIARA,1
JESSEKA,1
JESSA,1
JESONITA,1
JESIMIEL,1
JESIENE,1
JESEM,1
JESAIAS,1
JERZUI,1
JERRI,1
JERONITA,1
JEROME,1
JERMANA,1
JERLAYNNE,1
JERKO,1
JERILLY,1
JERFFERSON,1
JERCIANO,1
JEOVANO,1
JEOVANIO,1
JEOVANI,1
JEOVALDO,1
JEORGE,1
JENY,1
JENS,1
JENNY,1
JENNER,1
JENNEFER,1
JESSEY,1
JESSYCA,1
JANISSE,1
JESSYKA,1
JOA,1
JO,1
JNANA,1
JIVANEIDE,1
JISUALDO,1
JISALINE,1
JIMMY,1
JILVON,1
JILVAN,1
JILTON,1
JILDEMAR,1
JIECENIRA,1
JHOSE,1
JHONATHA,1
JHONATAN,1
JHONATAM,1
JHON,1
JEZIANE,1
JEZER,1
JEYSE,1
JESUSMAR,1
JESULINDO,1
JESUITO,1
JESUITA,1
JESUINO,1
JESUE,1
JESUALDO,1
JENIVAL,1
JENIEL,1
JENICE,1
JENESCA,1
JASIEL,1
JASER,1
JARSON,1
JARLENE,1
JARISMAR,1
JARIO,1
JARINNE,1
JARILTO,1
JARILDO,1
JARIB,1
JARDIENE,1
JARCY,1
JAQUISON,1
JAQUESON,1
JAQUES,1
JAOBERT,1
JANY,1
JANUIR,1
JANSLE,1
JANSICLEK,1
JANNY,1
JANNES,1
JANMILLI,1
JANMILLE,1
JANLOU,1
JANIVAN,1
JANIVALDO,1
JASIVA,1
JASSIELLEN,1
JATANIEL,1
JEDALVA,1
JENERVINO,1
JENER,1
JENE,1
JEMINA,1
JEMILY,1
JEIZA,1
JEISON,1
JEISA,1
JEINNY,1
JEFTE,1
JEDIEL,1
JEDENIR,1
JECONIAS,1
JAYLEI,1
JECILDA,1
JEANNY,1
JEANNINE,1
JEANNETTE,1
JEANI,1
JEANETE,1
JEANEI,1
JEANCARLOS,1
JAYR,1
JAYNEMAR,1
JAYNE,1
JAYLENE,1
JOABI,1
JOACIDES,1
JOACIL,1
JOEIDES,1
JOIVAN,1
JOIRA,1
JOILTON,1
JOILDES,1
JOILDA,1
JOILCE,1
JOICILEIDE,1
JOICELY,1
JOI,1
JOHANSON,1
JOHANNA,1
JOHANESS,1
JOGNES,1
JOGIVALDO,1
JOGELSON,1
JOFRE,1
JOFRANGITTE,1
JOFRAN,1
JOEVAL,1
JOETHE,1
JOETE,1
JOESSI,1
JOERCIO,1
JOEMIO,1
JOELTON,1
JOELINDO,1
JOELIA,1
JOLSIMAR,1
JOLUY,1
JOMALIA,1
JORCELENA,1
JORGENETE,1
JORGEMAR,1
JORGELINO,1
JORGEANY,1
JORGEANE,1
JORDELIA,1
JORDE,1
JORDDANA,1
JORDAO,1
JORDANO,1
JORDANNA,1
JORCELINO,1
JORCELEI,1
JOMARA,1
JORANE,1
JONSTON,1
JONSON,1
JONILDO,1
JONIEL,1
JONIA,1
JONI,1
JONEO,1
JONALVO,1
JONADABLE,1
JONADABE,1
JOMELIA,1
JOELCI,1
JOEDSON,1
JOADELIO,1
JODOCY,1
JOBENILSON,1
JOATAN,1
JOARES,1
JOAREIS,1
JOARA,1
JOAOZINHO,1
JOAOMENILDO,1
JOANNE,1
JOANIR,1
JOANILSON,1
JOANILDO,1
JOANILDE,1
JOANILDA,1
JOANICO,1
JOANICE,1
JOANGELA,1
JOANE,1
JOANAS,1
JOANAMAR,1
JOANAIDE,1
JOAN,1
JOAMIRA,1
JOAMILTON,1
JOAMAR,1
JOALUCY,1
JOALDO,1
JOADIR,1
JOBERTO,1
JOCEANE,1
JOCELINA,1
JOCIGLEUSON,1
JODETE,1
JODACI,1
JOCYANE,1
JOCY,1
JOCLEITA,1
JOCIVANIA,1
JOCIVALDO,1
JOCIMARA,1
JOCILENI,1
JOCILEIDE,1
JOCILEIA,1
JOCILEA,1
JOCIARA,1
JOCELINE,1
JOCIANO,1
JOCIANA,1
JOCEZILDO,1
JOCENILDO,1
JOCEMIR,1
JOCEMAR,1
JOCEMA,1
JOCELMA,1
JOCELLY,1
JOCELITO,1
JOCELIS,1
JOCELINO,1
JANIVAL,1
JANISE,1
ERLANE,1
IVANILTO,1
IVANILDES,1
IVANHOE,1
IVANE,1
IVANDERSON,1
IVANDA,1
IVAMBERGUE,1
IVAMAR,1
IVALDINA,1
IVAL,1
IVAINA,1
IVAILDES,1
IVACI,1
IUSSENY,1
IURE,1
ITELVINA,1
ITARACY,1
ITAPORA,1
ITANIELSON,1
ITAMIR,1
ITAMARA,1
ITAMA,1
ITALIA,1
ITAJIBA,1
ITAJACI,1
ITAIR,1
ITAGILDO,1
ITAGIBA,1
IVANILSON,1
IVANILTON,1
JANIR,1
IVANIZE,1
IZIDIO,1
IZIANE,1
IZETE,1
IZAQUIEL,1
IZANETE,1
IZANA,1
IZAMARIA,1
IZAIR,1
IZAIDE,1
IZAC,1
IZABELLE,1
IWENS,1
IVSON,1
IVONNE,1
IVONILTON,1
IVONILDO,1
IVONEIDE,1
IVONALDO,1
IVISON,1
IVETI,1
IVERSON,1
IVEM,1
IVELTON,1
IVELTE,1
IVAYR,1
IVANTUIL,1
IVANOEL,1
ITACY,1
ITACIREMA,1
ITACIRA,1
ITACIR,1
IRISLENE,1
IRISLANA,1
IRION,1
IRIO,1
IRINEUSA,1
IRINELSON,1
IRINEIA,1
IRINEA,1
IRINALMA,1
IRINALDO,1
IRINA,1
IRILDA,1
IRIANNE,1
IRENI,1
IRECER,1
IRAYDE,1
IRAVALDIR,1
IRAPOGI,1
IRANY,1
IRANVITH,1
IRANLEY,1
IRANIR,1
IRANILDES,1
IRANILDA,1
IRANDIR,1
IRANDES,1
IRAMY,1
IRISNALDA,1
IRISNEIDE,1
IRISNETE,1
ISEU,1
ITACINEY,1
ITA,1
ISON,1
ISOLINA,1
ISOLDE,1
ISNALDO,1
ISNALDA,1
ISMAELINO,1
ISLENE,1
ISLEDNA,1
ISIRI,1
ISILENE,1
ISENALVA,1
IRLANDA,1
ISAQUIEL,1
ISANETH,1
ISANA,1
ISAMAR,1
ISALTINO,1
ISACIO,1
ISABETH,1
ISABELY,1
IRLEI,1
IRLANIA,1
IRLANEIDE,1
IRLANDO,1
IZIDORA,1
IZIDORIO,1
IZIDORO,1
JAKSON,1
JANAYRA,1
JANAIR,1
JANAINE,1
JANAILTON,1
JANAILSON,1
JAMYSON,1
JAMYLLE,1
JAMMES,1
JAMILTON,1
JAMILSON,1
JAMILLA,1
JAMESSON,1
JAMESON,1
JAMERSON,1
JAMARA,1
JAMAL,1
JAMACY,1
JALVES,1
JALVARO,1
JALSER,1
JALMIRA,1
JALINE,1
JALERSON,1
JALE,1
JALDIR,1
JALDERIR,1
JALDEMIR,1
JANCILEIDE,1
JANDAIRA,1
JANDECIL,1
JANESSA,1
JANIMEIRE,1
JANILTON,1
JANILDO,1
JANILDE,1
JANILDA,1
JANILCE,1
JANIKELE,1
JANIELLE,1
JANIEIRY,1
JANICY,1
JANICELMA,1
JANIALY,1
JANESIO,1
JANDEILSON,1
JANEINA,1
JANEIDE,1
JANECLEIA,1
JANDYR,1
JANDUY,1
JANDUI,1
JANDUHY,1
JANDRESSON,1
JANDOILSON,1
JANDMARA,1
JANDERCLEI,1
JANDER,1
JALDECI,1
JAKLANE,1
IZIS,1
JAKELINNE,1
JACONIAS,1
JACOBETE,1
JACKIELINE,1
JACIVAL,1
JACIR,1
JACIONE,1
JACINEU,1
JACINEIDE,1
JACIMARA,1
JACILUZ,1
JACILETE,1
JACILEIA,1
JACIENE,1
JACIELE,1
JACIEL,1
JACENIRA,1
JACAUNAS,1
JACANA,1
JACAMAR,1
JABSON,1
JABES,1
JABER,1
JAAZIEL,1
JAANA,1
IZUMI,1
IZOMAR,1
IZOLETE,1
JACOPO,1
JACOSME,1
JACQUELINNE,1
JAIDETE,1
JAIUZA,1
JAIRSON,1
JAIRLON,1
JAINILSON,1
JAINE,1
JAIMS,1
JAIMEL,1
JAILSO,1
JAILMA,1
JAILINE,1
JAILDSON,1
JAILDO,1
JAICE,1
JACQUELLINE,1
JAIANDRA,1
JAIANA,1
JAFE,1
JAELSON,1
JAEDITH,1
JADISON,1
JADILTON,1
JADERSON,1
JADE,1
JACYRO,1
JACYELI,1
JACSON,1
JORGEVAL,1
JORGI,1
JORGIANA,1
KLAISSA,1
KIYOSHI,1
KIVIA,1
KIVANIA,1
KITTY,1
KISCYLA,1
KIRAZ,1
KIRA,1
KIOLANDO,1
KIOKO,1
KILZA,1
KILME,1
KILLIAN,1
KILDER,1
KILBERT,1
KIANY,1
KIAHRA,1
KHRISNA,1
KHEYLA,1
KHELLEN,1
KHEILA,1
KHANDIDA,1
KEZIA,1
KEYSE,1
KEYLLA,1
KEYLHA,1
KEWRY,1
KETTRIN,1
KIZYE,1
KLARISSA,1
JORGIM,1
KLARTH,1
KUEYLA,1
KUELSON,1
KRISTINNE,1
KRISTIANNE,1
KRISLEY,1
KOLMAR,1
KOJIRO,1
KLINGER,1
KLEZIANE,1
KLEYVER,1
KLEYNIANNE,1
KLEYLAND,1
KLEYFFSON,1
KLEYBER,1
KLEUNER,1
KLESSIUS,1
KLESIO,1
KLENNY,1
KLENA,1
KLEISON,1
KLEISE,1
KLEINE,1
KLEIBER,1
KLEBETE,1
KLEBERSON,1
KLAUSE,1
KLAUBER,1
KETTLEN,1
KETLLE,1
KETHERIN,1
KEROLLAINE,1
KAZUYOSHI,1
KAYTA,1
KAYO,1
KAYNE,1
KAYNA,1
KAYKE,1
KATYENY,1
KATY,1
KATTY,1
KATTERINE,1
KATT,1
KATSON,1
KATRIN,1
KATIUCHA,1
KATIELLE,1
KATHYA,1
KATHY,1
KATHLENE,1
KATHLEN,1
KATHIA,1
KATHELEEN,1
KATE,1
KATARINA,1
KASSIUS,1
KASSIENE,1
KASSIE,1
KASSANDRA,1
KEDSON,1
KEFFREN,1
KEFREN,1
KELVYA,1
KERLY,1
KERLLY,1
KERLICE,1
KERLANE,1
KERENSKY,1
KEPLER,1
KENYS,1
KENNY,1
KENNEDER,1
KENNEA,1
KENIO,1
KELYANY,1
KELTON,1
KEILE,1
KELSIANE,1
KELMA,1
KELLYTON,1
KELLYN,1
KELLICE,1
KELLI,1
KELLEEN,1
KELITON,1
KELCIO,1
KELBES,1
KEITH,1
KEILLY,1
KURT,1
KYOKO,1
KYRIA,1
LAURENI,1
LEDAYANE,1
LECYMAR,1
LECY,1
LECILDO,1
LECIANE,1
LEBENITES,1
LEANDRE,1
LEACYR,1
LE,1
LAZARINA,1
LAYSSE,1
LAYSSA,1
LAYSA,1
LAVIO,1
LAUZIRA,1
LAURIZETE,1
LAURITA,1
LAURINETE,1
LAURINDO,1
LAURINDA,1
LAURIMEIA,1
LAURIMAR,1
LAURIANO,1
LAURIANE,1
LAURI,1
LAURENY,1
LAURENTINA,1
LEDEIR,1
LEDES,1
LEDI,1
LEINE,1
LENIL,1
LENEMIRIA,1
LENE,1
LENADE,1
LELY,1
LELIS,1
LELICE,1
LEIZE,1
LEIVA,1
LEISIANE,1
LEIS,1
LEIRIELLI,1
LEILTON,1
LEDIANA,1
LEILSON,1
LEILIANE,1
LEILIANA,1
LEILDO,1
LEILANNE,1
LEIDY,1
LEIDIOMAR,1
LEIDIJANE,1
LEIDIANY,1
LEICE,1
LEDIMAR,1
LEDILMA,1
LAURENICE,1
LAURENE,1
KYSSIA,1
LAURENCO,1
LAIRES,1
LAIRDO,1
LAIRANE,1
LAIRA,1
LAIDE,1
LAIARA,1
LAIANE,1
LAIA,1
LAHESIO,1
LAGERSON,1
LAFFAYETE,1
LAFAYETTE,1
LAERTIS,1
LAERTES,1
LAERT,1
LAERSON,1
LAENYA,1
LAENE,1
LAENA,1
LAELIA,1
LAECE,1
LADYSLENE,1
LADYANE,1
LADIJANE,1
LADIELSON,1
LADI,1
LACIMAR,1
LAIRTON,1
LAISSA,1
LAIZ,1
LAUDEIL,1
LAURENCIA,1
LAUDO,1
LAUDIONOR,1
LAUDINIO,1
LAUDINEIA,1
LAUDINEA,1
LAUDIMAR,1
LAUDILINO,1
LAUDILENE,1
LAUDILANE,1
LAUDEMAR,1
LAUDELITA,1
LAUCIDIO,1
LAJOSY,1
LAUANA,1
LARIZA,1
LARESSA,1
LARENA,1
LARAINA,1
LAODICEIA,1
LANIR,1
LANIO,1
LANI,1
LANE,1
LAMIR,1
LAMARTINE,1
KARYNNE,1
KARYNGE,1
KARY,1
JOSIANY,1
JOSYE,1
JOSSARA,1
JOSSANE,1
JOSOIR,1
JOSMIRO,1
JOSMARA,1
JOSMAEL,1
JOSIVANIA,1
JOSIVAN,1
JOSIVAL,1
JOSITAN,1
JOSINO,1
JOSINEZ,1
JOSINETE,1
JOSINELMA,1
JOSINALVA,1
JOSIMARI,1
JOSILIA,1
JOSILEY,1
JOSILENO,1
JOSILEIDE,1
JOSILEI,1
JOSILDO,1
JOSIELE,1
JOSIEDE,1
JOSIE,1
JOSICLER,1
JOUBERTE,1
JOULBER,1
JOVAN,1
JOZELIA,1
JUBIRACI,1
JUBEMAR,1
JUARY,1
JUARI,1
JUANDER,1
JUACIARA,1
JOZIVALDO,1
JOZILDO,1
JOZIELLEN,1
JOZIAS,1
JOZENIR,1
JOZEMA,1
JOZEL,1
JOVANE,1
JOZE,1
JOZAFA,1
JOYRA,1
JOYCIMARA,1
JOVITA,1
JOVILSON,1
JOVENIR,1
JOVENCIO,1
JOVELINA,1
JOVANKA,1
JOVANIO,1
JOVANIA,1
JOSICLEIDE,1
JOSIANNY,1
JUCELAINE,1
JOSIANNE,1
JOSELI,1
JOSELETE,1
JOSELE,1
JOSEIR,1
JOSEILMO,1
JOSEILDA,1
JOSEIAS,1
JOSEF,1
JOSEDIR,1
JOSEANNE,1
JOSEAN,1
JOSCELIA,1
JOSANIA,1
JOSAILDES,1
JOSAIDE,1
JOSAIDA,1
JOSAFAT,1
JOSADAQUE,1
JORZIVAL,1
JORZIA,1
JORRIMAR,1
JORNECI,1
JORMINIA,1
JORJAEL,1
JORIVAM,1
JORIELSON,1
JORGINO,1
JOSELIAS,1
JOSELINA,1
JOSELINDA,1
JOSENILDES,1
JOSIANI,1
JOSIANA,1
JOSIAN,1
JOSIALDO,1
JOSI,1
JOSEVANIA,1
JOSERLANE,1
JOSEPH,1
JOSENITO,1
JOSENITA,1
JOSENILTON,1
JOSENILIA,1
JOSENILDE,1
JOSELY,1
JOSENICIA,1
JOSENI,1
JOSENETE,1
JOSENEIDE,1
JOSENE,1
JOSENARA,1
JOSEMIR,1
JOSEMERY,1
JOSEMBERG,1
JOSEMAURO,1
JOSEMARY,1
JOSEMARI,1
JUCALBA,1
JUCENIR,1
KARLIANE,1
JURDINEY,1
JUVELINA,1
JUVELICIO,1
JUVANDI,1
JUTAHI,1
JUSTO,1
JUSTINO,1
JUSSIMARA,1
JUSSIER,1
JUSSIE,1
JUSSEMI,1
JUSSEI,1
JUSSANE,1
JUSMAR,1
JUSLAINE,1
JUSIANY,1
JUSELINO,1
JUSEIMAR,1
JUSCILEIDE,1
JUSCENILDO,1
JUSCELIO,1
JURUPYRA,1
JURUPITAN,1
JURRENILTON,1
JURIVE,1
JURIVALDO,1
JURGEN,1
JURENI,1
JUVENTINO,1
JUVERSON,1
JUZELLY,1
KAMYLE,1
KARITON,1
KARITHA,1
KARINY,1
KARINNA,1
KARININE,1
KARIME,1
KARILANE,1
KARGEAN,1
KAORU,1
KAOANA,1
KANDA,1
KAMYLLA,1
KAMYLA,1
KADJA,1
KAMILE,1
KALYLA,1
KALU,1
KALLINE,1
KALINI,1
KALI,1
KAITHY,1
KAISE,1
KAIQUE,1
KAIOMI,1
KAIOLLAINE,1
KAHLINNE,1
JUREA,1
JURCINO,1
JUCERLANIA,1
JURANITA,1
JULCIMAR,1
JULAINE,1
JUECINA,1
JUDIVAN,1
JUDACIA,1
JUCYRA,1
JUCIVALDO,1
JUCIVAL,1
JUCINILDE,1
JUCINEIDE,1
JUCINEA,1
JUCIMARIA,1
JUCIMARA,1
JUCIMAR,1
JUCILTON,1
JUCILIO,1
JUCILEINE,1
JUCILEA,1
JUCIENE,1
JUCIELY,1
JUCIELMO,1
JUCIELA,1
JUCIEL,1
JUCICLEA,1
JUCIANNY,1
JUCIANE,1
JUCIAN,1
JULIANELI,1
JULIANITA,1
JULIANNE,1
JUNAI,1
JURANI,1
JURANDYR,1
JURACIARA,1
JUOCERLEE,1
JUNOUT,1
JUNNIA,1
JUNIO,1
JUNIEL,1
JUNIE,1
JUNGPYO,1
JUNER,1
JUNALDO,1
JULYANNE,1
JULIELI,1
JULYAN,1
JULY,1
JULMAR,1
JULLYANO,1
JULLIETE,1
JULLIANE,1
JULLIANA,1
JULIZAR,1
JULINALDA,1
JULIETTY,1
JULIENNE,1
JULIEN,1
IRAMAR,1
IRAMAIA,1
IRALDO,1
GENNISSON,1
GENINHO,1
GENILUCIA,1
GENIGESIUM,1
GENICLEIDY,1
GENICE,1
GENIAS,1
GENIA,1
GENEZINO,1
GENESSY,1
GENESSI,1
GENESIS,1
GENEROSO,1
GENELSON,1
GENEILDO,1
GENALDO,1
GENALDIO,1
GENAINA,1
GEMIMA,1
GELZA,1
GELVACI,1
GELSOMINO,1
GELIANI,1
GELI,1
GELCIOMAR,1
GELCIO,1
GELCIMAR,1
GELCI,1
GENIR,1
GENOCLEMIA,1
GIOCONDA,1
GENVONE,1
GERCINIRA,1
GERCIMAR,1
GERCILENE,1
GERCELI,1
GERALVINO,1
GERALDIMAR,1
GEOVANO,1
GEOVANNI,1
GEOVANILDO,1
GEOVANI,1
GEOVALDO,1
GEOVA,1
GEORGYNA,1
GEORGIOS,1
GEORGINO,1
GEORGINETE,1
GEORGIANA,1
GEORGGIO,1
GEORGETTE,1
GEORGES,1
GEORGENES,1
GEORGEA,1
GEORDANE,1
GEONISIO,1
GEONINO,1
GEONE,1
GEOCARLOS,1
GEIZON,1
GEIZA,1
GEISILENE,1
GEISIANE,1
GABRYELLA,1
GABRIELLY,1
FURIA,1
FUMIKO,1
FUMIE,1
FRUTUOSO,1
FRIEDA,1
FREDY,1
FREDIMAR,1
FREDILSON,1
FREDDY,1
FRASSINETE,1
FRANSELMO,1
FRANKNILDO,1
FRANKCELINA,1
FRANCYELLY,1
FRANCYELLE,1
FRANCOISE,1
FRANCOIS,1
FRANCKLIN,1
FRANCIVALTER,1
FRANCIVALDA,1
FRANCISQUINHA,1
FRANCISMARY,1
FRANCISMAR,1
FRANCISLEI,1
FRANCISCLEYTON,1
GAETAN,1
GAIRO,1
GALBA,1
GEANETH,1
GEIRANE,1
GEINA,1
GEILDO,1
GEHLEN,1
GEDIEL,1
GEDEVAL,1
GEDER,1
GEDEON,1
GECYCLAN,1
GECIVAN,1
GEAZIR,1
GEANIA,1
GEANEIDE,1
GALENE,1
GEANDRO,1
GEANDRE,1
GEANDRA,1
GAUDENCIO,1
GARIBALDI,1
GARDIA,1
GARDENE,1
GARDEL,1
GAMALIEL,1
GALTIERI,1
GALILEU,1
GALENO,1
GERCINO,1
GERCIO,1
GERCY,1
GIDEON,1
GILDERLAN,1
GILDENILSON,1
GILDENE,1
GILDENAE,1
GILDEMAR,1
GILDELITO,1
GILDECI,1
GILDASIA,1
GILDARIO,1
GILDALBERTO,1
GILCINEIA,1
GILCILEIA,1
GILCIANE,1
GILCIANA,1
GILCELLY,1
GILCELLE,1
GILCELIA,1
GILCELI,1
GILCELEA,1
GILCEIA,1
GILCEA,1
GILBERVAR,1
GILBERTA,1
GILBERLI,1
GIESE,1
GIDYENNE,1
GIDIVAN,1
GILDMA,1
GILDOMAR,1
GILDOMARIO,1
GILVAM,1
GINEIDE,1
GILZEIDE,1
GILZE,1
GILZA,1
GILVONETE,1
GILVANISE,1
GILVANILDO,1
GILVANICIO,1
GILVANICE,1
GILVANEIDE,1
GILVANE,1
GILVANA,1
GILTAMAR,1
GILENO,1
GILSO,1
GILSIVAL,1
GILSELIA,1
GILSANDRA,1
GILO,1
GILNNEY,1
GILNARA,1
GILMARCIO,1
GILMAN,1
GILLIAN,1
GILLENE,1
GILES,1
GIDEVALDO,1
GICELI,1
GERDAL,1
GICELDA,1
GESMAR,1
GESIVALDO,1
GESINEY,1
GERZO,1
GERZIVILSON,1
GERVAZIO,1
GERTRUD,1
GERSONITA,1
GERSO,1
GERSEI,1
GERONIMO,1
GERONCIO,1
GERMINIO,1
GERLUCE,1
GERLINDA,1
GERLENA,1
GERLANY,1
GERLANE,1
GERLANDY,1
GERLANDIA,1
GERIVALDO,1
GERFSON,1
GERENCIO,1
GEREMILSON,1
GEREMI,1
GERDSON,1
GERDINEY,1
GESMIRO,1
GESSIANE,1
GESSIANNE,1
GEYZA,1
GICELA,1
GIBRAN,1
GIANY,1
GIANVICO,1
GIANNY,1
GIANLUIGI,1
GIANINNI,1
GIANINA,1
GIANE,1
GIAN,1
GIACOMO,1
GEZIEL,1
GEYSA,1
GESSIARA,1
GEYLSON,1
GEYLA,1
GEYCIANE,1
GEVANI,1
GEUZIVAN,1
GEUZA,1
GEUNICE,1
GEUCILEIA,1
GESYANNE,1
GESSY,1
GESSILDO,1
GESSILANE,1
FRANCIRLEY,1
FRANCIOLLI,1
FRANCINNE,1
ETHIENNY,1
EUNIFRAN,1
EUNA,1
EULUZE,1
EULENIA,1
EULAMPIO,1
EUGISLANE,1
EUGENIE,1
EUGEN,1
EUFRAZIA,1
EUFRASINO,1
EUDOXIA,1
EUDOS,1
EUDISLEY,1
EUDILUCIA,1
EUDI,1
EUDETE,1
EUDER,1
EUDELICE,1
EUDALEIA,1
EUDA,1
EUCLIS,1
EUCLENES,1
EUCLAIR,1
EUCELIA,1
EUCELI,1
ETYENE,1
ETIENNE,1
EUNORIA,1
EUREA,1
EURILENE,1
EVANEO,1
EVELINY,1
EVELINNY,1
EVELAR,1
EVEILTON,1
EVANY,1
EVANO,1
EVANIZE,1
EVANISA,1
EVANILZA,1
EVANILDE,1
EVANICE,1
EVANI,1
EVANEIDE,1
EURIVAN,1
EVANDES,1
EVAND,1
EVALDA,1
EVADIO,1
EUZENIRO,1
EUZELINA,1
EUZELIA,1
EUZAMAR,1
EUZA,1
EUVANIR,1
EUTIQUIANO,1
EUSTON,1
ETIANE,1
ETHIENE,1
EVELY,1
ETEUVINO,1
EROTILDO,1
EROTILDES,1
EROTILDE,1
EROS,1
ERONILSON,1
ERONI,1
ERONALDO,1
ERON,1
EROINA,1
ERODIRCE,1
ERNO,1
ERNILDO,1
ERNESTINO,1
ERNESTINA,1
ERNANY,1
ERNANDE,1
ERNALDO,1
ERMIVONE,1
ERMITA,1
ERMIRIO,1
ERMINIO,1
ERMIM,1
ERMANO,1
ERMANDO,1
ERLITA,1
ERLEN,1
ERLEI,1
ERRISTON,1
ERVANIO,1
ERYKA,1
ESTANIZA,1
ETERNO,1
ETELPINO,1
ESTEVAN,1
ESTENIA,1
ESTELLE,1
ESTELITO,1
ESTELITA,1
ESTELINA,1
ESTELE,1
ESTELAMARIS,1
ESTEBAN,1
ESTANLER,1
ESTANDERLAU,1
ESDRA,1
ESTACIO,1
ESPERANCA,1
ESMERINO,1
ESMERALDO,1
ESMERALCI,1
ESMAEL,1
ESLEY,1
ESLEN,1
ESIVANITO,1
ESINADEGE,1
ESFHAN,1
ESEQUIEL,1
EVELSON,1
EVENY,1
FRANCINILDA,1
FERES,1
FLORENCIA,1
FLORENCE,1
FLORDELIS,1
FLORANGELA,1
FLODOALDO,1
FLEURILENE,1
FLENIS,1
FLAVINIA,1
FLANINDAI,1
FLANELSON,1
FLAMINIO,1
FIRMO,1
FIRMANI,1
FILOMENO,1
FILLIPE,1
FILIPPO,1
FILIPPE,1
FILIPINO,1
FILIPI,1
FILEMON,1
FIDELIS,1
FIDELCINO,1
FIDEL,1
FIDECLINO,1
FHELIPPE,1
FERRUCIO,1
FERNANDINO,1
FLORENICE,1
FLORENILDO,1
FLORENIR,1
FRANCIELO,1
FRANCINI,1
FRANCINESE,1
FRANCINEL,1
FRANCINEIA,1
FRANCINARA,1
FRANCIMIR,1
FRANCIMEY,1
FRANCIMARIA,1
FRANCILIA,1
FRANCILENI,1
FRANCILEIDE,1
FRANCILANE,1
FRANCIELLY,1
FLORICE,1
FRANCIELIE,1
FRANCIEL,1
FRANCICLEIDE,1
FRANCIA,1
FRANCESCA,1
FRANCELINE,1
FRANC,1
FLORIVAL,1
FLORISVAL,1
FLORIPES,1
FLORIPE,1
FLORINDA,1
FERNANDINA,1
FERENC,1
EVERALDINA,1
FERDINAN,1
FABRINE,1
FABRICIANO,1
FABRICE,1
FABIENE,1
FABIANY,1
FABIANNE,1
FABIANN,1
EZIVALDO,1
EZEOMAR,1
EZARDIVAL,1
EYLEEN,1
EXDRAS,1
EWANDER,1
EWALDO,1
EWALD,1
EVONIO,1
EVONEY,1
EVONE,1
EVLA,1
EVILSON,1
EVILLYN,1
EVILANIA,1
EVIE,1
EVERTHON,1
EVERLANE,1
EVERI,1
EVERANDE,1
FABRISYA,1
FABRIZIO,1
FABRIZZIO,1
FATIMIH,1
FELUZIA,1
FELIZBERTO,1
FELIZARDO,1
FELISSA,1
FELIPO,1
FELINTRO,1
FELICIO,1
FELICIDAD,1
FAUSTON,1
FAUSTINIANO,1
FAUSTELINO,1
FAUSTA,1
FARID,1
FABYAN,1
FARIAS,1
FARAYDE,1
FANOR,1
FAIRUZE,1
FAIGA,1
FAGUNES,1
FAGNA,1
FADWA,1
FADUA,1
FACUNDO,1
FACUNDA,1
FABYANA,1
GINO,1
GIORDANNO,1
IRALDA,1
IACIR,1
IACELYS,1
HYTANEL,1
HYLANA,1
HYGOR,1
HUY,1
HUMPHRY,1
HUMBELINA,1
HUGNEI,1
HUBER,1
HUANDERSON,1
HOZANAN,1
HOSANO,1
HORTENCIO,1
HORST,1
HORRYS,1
HORACILDO,1
HONORIO,1
HONORIA,1
HONORATO,1
HONILSON,1
HIURY,1
HITAMAR,1
HISSAYO,1
HISAMU,1
HIRONOBU,1
HIRATAN,1
HIRAM,1
IACI,1
IALE,1
GIORDANO,1
IALLEN,1
IDELBRANDINA,1
IDELBERTO,1
IDEBLANDO,1
IDE,1
IDARLETE,1
IDANILDE,1
IDANILCE,1
IDALINO,1
IDALICIA,1
IDALECIA,1
IDALCI,1
IDAIR,1
IDACYR,1
IDACIR,1
ICLAIR,1
ICARA,1
IBRAHIM,1
IBIS,1
IBES,1
IBER,1
IASNAIA,1
IASMIM,1
IARACI,1
IANNA,1
IANI,1
IANCI,1
IANAMARY,1
HIRALDO,1
HIPOLITO,1
HINDENBURGO,1
HIMILCO,1
HEVELYN,1
HEVELINE,1
HEVEA,1
HEUZENIL,1
HESLEY,1
HESAU,1
HERYZANYA,1
HERVELTER,1
HERTZ,1
HERTALINE,1
HERTA,1
HERSON,1
HERONDINO,1
HERNESTO,1
HERNANI,1
HERNANDO,1
HERMOZINA,1
HERMOSA,1
HERMOGENIO,1
HERMINIA,1
HERMENEGILSON,1
HERMENEGILDO,1
HERMELIO,1
HERMELINDA,1
HERMAN,1
HERLLEN,1
HERLLANGE,1
HEVENY,1
HEVERLYN,1
HEWERTON,1
HILDEMAR,1
HILMAR,1
HILLO,1
HILKIAS,1
HILDONEI,1
HILDO,1
HILDEVANA,1
HILDETH,1
HILDES,1
HILDER,1
HILDENETE,1
HILDENE,1
HILDEMIRO,1
HILDELIZA,1
HIALE,1
HILDELIA,1
HILDELENA,1
HILDEGARDO,1
HILDEFONSO,1
HILDEBRANDINA,1
HILDACY,1
HILCA,1
HILBERTO,1
HIGO,1
HIGINO,1
HIDEAKI,1
HIATA,1
IDELMA,1
IDELMAR,1
IDELVAR,1
ILNETE,1
IOLE,1
INGREDI,1
INGO,1
INESIO,1
INELINO,1
INEI,1
INDRAMARA,1
INDIRA,1
INDIARA,1
INDIANA,1
INDIAMARIS,1
INDALECIO,1
INANA,1
INAJA,1
INAIARA,1
INAEL,1
INACILVA,1
IMGART,1
IMAIM,1
IMACULADA,1
ILZO,1
ILZENE,1
ILZANIRA,1
ILZAMAR,1
ILVA,1
ILTO,1
ILSE,1
IOLENE,1
IOLI,1
IOMARA,1
IRACILDE,1
IRALBERTO,1
IRAKILES,1
IRAKERLEY,1
IRAJARIA,1
IRAILSON,1
IRAILDES,1
IRAHILDO,1
IRAELSON,1
IRADIR,1
IRACYARA,1
IRACU,1
IRACILMA,1
IRACENIR,1
IOMIR,1
IORAN,1
IONIS,1
IONIRA,1
IONICIO,1
IONICE,1
IONI,1
IONEIDE,1
IONEIDA,1
IONARA,1
IONAR,1
IONA,1
ION,1
ILNOEL,1
ILNAR,1
IDENEIDE,1
ILNA,1
IJANILEIDE,1
IHATANDERSON,1
IGUARACY,1
IGO,1
IGNEZ,1
IESA,1
IELDA,1
IEDSON,1
IEDO,1
IEDJA,1
IEDIVALDO,1
IDYLA,1
IDVANIO,1
IDRISSA,1
IDOMEU,1
IDO,1
IDISON,1
IDILVA,1
IDEVALDO,1
IDEVAL,1
IDERSON,1
IDERLAN,1
IDERALDO,1
IDENIR,1
IDENILSON,1
IDENILDO,1
IDENILDA,1
IJEAN,1
IJOSENILDE,1
ILACI,1
ILDO,1
ILMOR,1
ILMO,1
ILMARA,1
ILLANA,1
ILICLEIA,1
ILIANO,1
ILETE,1
ILENI,1
ILENE,1
ILEIDIANE,1
ILEDOIR,1
ILDOMAR,1
ILDEUBERTO,1
ILAERCIO,1
ILDETE,1
ILDENEY,1
ILDENEI,1
ILDELITA,1
ILCO,1
ILCLEIA,1
ILCA,1
ILBERT,1
ILAYDIANY,1
ILARIO,1
ILANIO,1
ILANIA,1
HERLINDA,1
HERLENIA,1
HERLEIS,1
GLEIDIANY,1
GRACIELZA,1
GRACIELLE,1
GRACIELI,1
GRACIEDA,1
GRACIANO,1
GRACCHO,1
GRACALIZ,1
GOTARDO,1
GORGULINO,1
GORETI,1
GONZALO,1
GONZAGA,1
GONCALINA,1
GLORISTER,1
GLORIQUELE,1
GLORGIA,1
GLIVIA,1
GLIVANIA,1
GLIMAR,1
GLICERIO,1
GLEYSE,1
GLEYKN,1
GLEYCIMAR,1
GLEYBERSON,1
GLERIS,1
GLEISSOM,1
GLEISSE,1
GRACILDO,1
GRACIMARA,1
GRACINO,1
GRESSI,1
GUEDER,1
GUARACYARA,1
GUARABICHABA,1
GUANAYRA,1
GUANAIR,1
GUALDER,1
GUACIARA,1
GRINALDO,1
GRIGORIO,1
GRICIRENE,1
GRICIELLE,1
GREYZIELE,1
GRENEI,1
GRACY,1
GREICY,1
GRECIA,1
GRAZIELLI,1
GRAZIELLEN,1
GRAZIELLA,1
GRAZIANI,1
GRAYCE,1
GRASYELLE,1
GRASSIA,1
GRASIELLE,1
GRASIELLA,1
GRAICE,1
GLEIMIRIA,1
GLEID,1
GUIARA,1
GLEICIENE,1
GIVON,1
GIVALDA,1
GIVAL,1
GIUSILENE,1
GIUMAR,1
GIULLIANO,1
GIULIO,1
GIULIANE,1
GISSELEN,1
GISLEYNE,1
GISLENI,1
GISLEINE,1
GISLEIDIANE,1
GISLANY,1
GISEIA,1
GISDELSON,1
GIRLEY,1
GIRLENE,1
GIRLANIO,1
GIRCELIO,1
GIRCELIA,1
GIOVANO,1
GIOVANNY,1
GIOVANINI,1
GIORGIO,1
GIORGIANA,1
GIORGIA,1
GIZELE,1
GIZELI,1
GIZELY,1
GLAUCIMEIRE,1
GLEICI,1
GLEICEANE,1
GLEIBER,1
GLEDSA,1
GLEDE,1
GLEBER,1
GLAYDSTON,1
GLAYDISON,1
GLAUDMAR,1
GLAUDISTONIA,1
GLAUDERTONE,1
GLAUCIMEIRI,1
GLAUCIENE,1
GIZEUDA,1
GLAUCIE,1
GLAUCIANA,1
GLAUCCO,1
GLAUBA,1
GLARISTONIO,1
GLALCO,1
GLAIDSON,1
GLAEDE,1
GLADSTONNY,1
GLADSTONE,1
GLACIO,1
GLACIENE,1
GUERRADI,1
GUIERTA,1
HERLANDER,1
HELBERTH,1
HELOINA,1
HELNATA,1
HELMUT,1
HELMI,1
HELMER,1
HELMAN,1
HELMA,1
HELLIENE,1
HELLIADA,1
HELIZA,1
HELISMAR,1
HELISIA,1
HELIODORO,1
HELIOD,1
HELINTON,1
HELINGTON,1
HELIARDO,1
HELIARA,1
HELIANE,1
HELGES,1
HELENIZE,1
HELENIR,1
HELENILSON,1
HELENILDO,1
HELENEIDE,1
HELEM,1
HELDENI,1
HELOIZE,1
HELOYSE,1
HELYETT,1
HERBERTH,1
HERIVELTON,1
HERIVALDO,1
HERILDA,1
HERIKSON,1
HERIKA,1
HERIK,1
HERICA,1
HERGY,1
HERCIO,1
HERCILENE,1
HERCI,1
HERBERTO,1
HERBENIA,1
HELYNA,1
HERBENE,1
HERACLITON,1
HERACLITO,1
HERACLIO,1
HENRIQUETA,1
HENRIETTE,1
HENRI,1
HENIA,1
HENARD,1
HEMMANOEL,1
HEMILLY,1
HEMILIS,1
HELCA,1
HELBELT,1
GUILMA,1
HELBA,1
HAMONA,1
HAMISTENIE,1
HAMANDA,1
HALYSON,1
HALPHI,1
HALLER,1
HALISSON,1
HALEN,1
HALEI,1
HAKIMA,1
HAILLA,1
HAIDE,1
HAIANY,1
HAGNE,1
HAELITON,1
HADRIANE,1
HADIL,1
HADIJAMILE,1
HADIB,1
GYTHANA,1
GYSLANE,1
GYANNE,1
GUY,1
GUTHEMBERG,1
GUTENBERG,1
GUILSON,1
GUILMER,1
HANRLEY,1
HAQUILA,1
HARELI,1
HAYDEE,1
HELAYNE,1
HELANO,1
HELADY,1
HEINE,1
HEIDER,1
HEIDEANE,1
HEIDE,1
HEGMANN,1
HEDY,1
HEDILTON,1
HAYLE,1
HAYLA,1
HAYDE,1
HARIAN,1
HAYATAHANDESON,1
HAYA,1
HAVANDA,1
HATIRO,1
HARY,1
HARUMI,1
HARRISON,1
HARRI,1
HAROLD,1
HARLEY,1
HARLEM,1
HARIOLO,1
JEOVAN,1
