SILVA,PT
SANTOS,PT
OLIVEIRA,PT
SOUZA,PT
LIMA,PT
COSTA,PT
PEREIRA,PT
FERREIRA,PT
ARAUJO,PT
CARVALHO,PT
NASCIMENTO,PT
RODRIGUES,PT
ALMEIDA,PT
SOUSA,PT
RIBEIRO,PT
GOMES,PT
ALVES,PT
MARTINS,PT
BARBOSA,PT
ROCHA,PT
MELO,PT
ANDRADE,PT
VIEIRA,PT
FREITAS,PT
SOARES,PT
LOPES,PT
GONCALVES,PT
FERNANDES,PT
DIAS,PT
CASTRO,PT
BARROS,PT
REIS,PT
CRUZ,PT
SANTANA,PT
MOREIRA,PT
PINTO,PT
MACHADO,PT
NUNES,PT
RAMOS,PT
CUNHA,PT
TEIXEIRA,PT
PINHEIRO,PT
CARDOSO,PT
MEDEIROS,PT
MENDES,PT
BRITO,PT
MORAES,PT
SILVEIRA,PT
MOURA,PT
MARQUES,PT
CAMPOS,PT
COELHO,PT
GUIMARAES,PT
JESUS,PT
MIRANDA,PT
AZEVEDO,PT
LEITE,PT
ROSA,PT
MONTEIRO,PT
MORAIS,PT
BEZERRA,PT
FONSECA,PT
MENEZES,PT
BORGES,PT
BATISTA,PT
NOGUEIRA,PT
FARIAS,PT
NEVES,PT
VASCONCELOS,PT
CORREA,PT
TAVARES,PT
MATOS,PT
MAGALHAES,PT
ALBUQUERQUE,PT
CAVALCANTE,PT
FARIA,PT
MACEDO,PT
SIQUEIRA,PT
AMORIM,PT
DUARTE,PT
AMARAL,PT
MAIA,PT
AGUIAR,PT
BRAGA,PT
MELLO,PT
PAULA,PT
ABREU,PT
FIGUEIREDO,PT
QUEIROZ,PT
GARCIA,PT
CONCEICAO,PT
PIRES,PT
MENDONCA,PT
VIANA,PT
CARNEIRO,PT
BARRETO,PT
FRANCA,PT
SA,PT
MOTA,PT
XAVIER,PT
CABRAL,XX
DANTAS,XX
PAIVA,XX
TORRES,XX
MACIEL,XX
SAMPAIO,XX
LEAL,XX
CHAVES,XX
CORDEIRO,XX
FREIRE,XX
CORREIA,XX
BASTOS,XX
COUTINHO,XX
BRANDAO,XX
ASSIS,XX
CAVALCANTI,XX
LEMOS,XX
LUZ,XX
SALES,XX
CARMO,XX
CHAGAS,XX
GUEDES,XX
ALENCAR,XX
PEIXOTO,XX
PACHECO,XX
DINIZ,XX
LACERDA,XX
MESQUITA,XX
MATTOS,XX
PASSOS,XX
ARRUDA,XX
PRADO,XX
PIMENTEL,XX
LINS,XX
CAMARGO,XX
MARINHO,XX
ANJOS,XX
LEAO,XX
REZENDE,XX
PESSOA,XX
PONTES,XX
SIMOES,XX
SANTIAGO,XX
PORTO,XX
DUTRA,XX
GALVAO,XX
MUNIZ,XX
FRANCO,XX
LIRA,XX
AQUINO,XX
RANGEL,XX
FURTADO,XX
PINHO,XX
FEITOSA,XX
COUTO,XX
ALCANTARA,XX
TRINDADE,XX
LOBO,XX
VALE,XX
MOTTA,XX
GAMA,XX
LOURENCO,XX
REGO,XX
SENA,XX
CERQUEIRA,XX
NOBREGA,XX
VIANNA,XX
ANTUNES,XX
FONTES,XX
RAMALHO,XX
FLORES,XX
FERRAZ,XX
CAETANO,XX
LISBOA,XX
HOLANDA,XX
VIDAL,XX
ARAGAO,XX
SARAIVA,XX
GUERRA,XX
RABELO,XX
PAZ,XX
CALDAS,XX
BRASIL,XX
VELOSO,XX
VARGAS,XX
DAMASCENO,XX
VAZ,XX
PERES,XX
SERRA,XX
BRANCO,XX
RESENDE,XX
TELES,XX
BITTENCOURT,XX
VASCONCELLOS,XX
FELIX,XX
BARROSO,XX
FALCAO,XX
BANDEIRA,XX
AVILA,XX
FAGUNDES,XX
BOTELHO,XX
ASSUNCAO,XX
DOMINGUES,XX
PENHA,XX
VALENTE,XX
MENESES,XX
ESTEVES,XX
CAMARA,XX
LUCENA,XX
NOBRE,XX
BARBOZA,XX
BAPTISTA,XX
LOUREIRO,XX
SANTO,XX
ANNA,XX
LESSA,XX
GOES,XX
FRANCISCO,XX
LEITAO,XX
VERAS,XX
LINHARES,XX
NOVAES,XX
PAIXAO,XX
PIMENTA,XX
BOMFIM,XX
TOLEDO,XX
LUCAS,XX
EVANGELISTA,XX
CESAR,XX
FIGUEIRA,XX
VEIGA,XX
GOULART,XX
BORBA,XX
LOBATO,XX
FRAGA,XX
PEDROSA,XX
SOUTO,XX
PAES,XX
ALVARENGA,XX
GOUVEIA,XX
SALDANHA,XX
ROSARIO,XX
NETTO,PT
BRAZ,XX
RIOS,XX
GONZAGA,XX
BUENO,XX
DOMINGOS,XX
MEIRA,XX
ANA,XX
BISPO,XX
PADILHA,XX
VILELA,XX
PEDROSO,XX
CAMPELO,XX
SARMENTO,XX
PAULO,XX
ALEXANDRE,XX
VENTURA,XX
BERNARDES,XX
QUADROS,XX
PORTELA,XX
MORENO,XX
SALGADO,XX
JORGE,XX
BERNARDO,XX
MARINS,XX
SALLES,XX
COIMBRA,XX
BRUM,XX
GOIS,PT
BENTO,XX
PARENTE,XX
SANCHES,XX
ARANTES,XX
CANDIDO,XX
BARCELLOS,XX
PANTOJA,XX
CALDEIRA,XX
LUIZ,XX
DOURADO,XX
NERY,XX
VALLE,XX
FELIPE,XX
FIALHO,XX
BARCELOS,XX
AFONSO,XX
BONFIM,XX
BESSA,XX
GOUVEA,XX
MATIAS,XX
PENA,XX
CARDOZO,XX
MARIA,XX
MOURAO,XX
LAGO,XX
NORONHA,XX
CUSTODIO,XX
MONTE,XX
NOVAIS,XX
HENRIQUE,XX
SODRE,XX
MEIRELES,XX
MULLER,DE
MARANHAO,XX
CASTILHO,XX
LUNA,XX
SCHNEIDER,XX
ARANHA,XX
SOBRAL,XX
GODINHO,XX
WANDERLEY,XX
ANTONIO,XX
MATA,XX
FERRO,XX
ABRANTES,XX
FAUSTINO,XX
MADEIRA,XX
LAGE,XX
FONTOURA,XX
GONDIM,XX
MARIANO,XX
FLORENCIO,XX
GADELHA,XX
AIRES,XX
PRATES,XX
SIMAO,XX
AMARO,XX
ROSSI,XX
RAPOSO,XX
ELIAS,XX
ROLIM,XX
BECKER,XX
HENRIQUES,XX
MIGUEL,XX
GONTIJO,XX
FORTES,XX
TERRA,XX
FERRARI,XX
DAVID,XX
SALVADOR,XX
MONTENEGRO,XX
TELLES,XX
GODOY,XX
JOSE,XX
PAULINO,XX
GONZALEZ,ES
SEIXAS,XX
SERPA,XX
VICENTE,XX
SERAFIM,XX
NEIVA,XX
MASCARENHAS,XX
GIRAO,XX
TOMAZ,XX
GIL,XX
MARTINEZ,ES
HORA,XX
AZEREDO,XX
SABINO,XX
DELGADO,XX
PENNA,XX
TEODORO,XX
CORTES,XX
BELO,XX
UCHOA,XX
AVELINO,XX
FIRMINO,XX
BRITTO,XX
GURGEL,XX
FRAZAO,XX
GUSMAO,XX
VALENTIM,XX
VELLOSO,XX
CALAZANS,XX
REBOUCAS,XX
ATAIDE,XX
BENEVIDES,XX
GASPAR,XX
NEGREIROS,XX
MALAQUIAS,XX
PEDRO,XX
MUNHOZ,XX
CLEMENTE,XX
LARA,XX
FONTENELE,XX
BERNARDINO,XX
MESSIAS,XX
ASSUMPCAO,XX
MARCELINO,XX
CORTEZ,ES
BITENCOURT,XX
FIGUEREDO,XX
BOAS,XX
SILVERIO,XX
RUAS,XX
PESSANHA,XX
REBELO,XX
ALVAREZ,ES
BASILIO,XX
MODESTO,XX
GALDINO,XX
BELLO,IT
FILGUEIRA,XX
GABRIEL,XX
VIEGAS,XX
PEREZ,ES
DIOGO,XX
LAGES,XX
JARDIM,XX
CARLOS,XX
HORTA,XX
CALIXTO,XX
MEIRELLES,XX
ADRIANO,XX
ESPINDOLA,XX
DORNELLES,XX
SEABRA,XX
BRUNO,XX
SCHMIDT,XX
CANTO,XX
ANGELO,XX
GAIA,XX
OSORIO,XX
QUINTANILHA,XX
VALENCA,XX
PADUA,XX
EDUARDO,XX
AYRES,XX
CAMILO,XX
WEBER,XX
ANSELMO,XX
PRATA,XX
GUILHERME,XX
FROTA,XX
RUFINO,XX
DEUS,XX
FEITOZA,XX
VENANCIO,XX
BASSO,XX
THOMAZ,XX
NEPOMUCENO,XX
QUARESMA,XX
ESTRELA,XX
COLARES,XX
RIBAS,XX
LIMEIRA,XX
ROMEIRO,XX
CANTANHEDE,XX
VASQUES,XX
PRIMO,XX
VITAL,XX
PRAZERES,XX
PALMA,XX
GARCEZ,ES
NETA,XX
JUNQUEIRA,XX
ROMERO,XX
PATRIOTA,XX
BRAGANCA,XX
BELTRAO,XX
KLEIN,XX
QUIRINO,XX
FERNANDEZ,ES
NERI,XX
PORTUGAL,XX
TRAJANO,XX
BATALHA,XX
CINTRA,XX
ZEFERINO,XX
SENNA,XX
MARCAL,XX
LAVOR,XX
CEZAR,XX
SEVERO,XX
LINO,XX
MORALES,XX
MEDINA,XX
MALTA,XX
LUSTOSA,XX
DANIEL,XX
CASSIANO,XX
MAXIMO,XX
MARRA,XX
MAURICIO,XX
ALBERTO,XX
LOUZADA,XX
SIMAS,XX
LANDIM,XX
VITORINO,XX
XIMENES,XX
AUGUSTO,XX
SABOIA,XX
ALVIM,XX
SEVERINO,XX
BALBINO,XX
CUTRIM,XX
VITOR,XX
REGIS,XX
ROBERTO,XX
REBELLO,IT
PAVAO,XX
SATO,XX
BIANCHI,XX
JERONIMO,XX
GALINDO,XX
SCHMITT,XX
LYRA,XX
RITA,XX
MARCONDES,XX
CAMELO,XX
AMBROSIO,XX
LEANDRO,XX
PONTE,XX
FILHA,XX
ROMAO,XX
NONATO,XX
SALOMAO,XX
COTRIM,XX
BONIFACIO,XX
PICANCO,XX
NAVES,XX
RICARDO,XX
GOMIDE,XX
AVELAR,XX
SACRAMENTO,XX
CRESPO,XX
SIMON,XX
MAFRA,XX
LOIOLA,XX
BARBIERI,IT
ALVARES,XX
BESERRA,XX
FILGUEIRAS,XX
CONDE,XX
ADAO,XX
PALMEIRA,XX
BENTES,XX
RUSSO,XX
GUERREIRO,XX
CARRIJO,XX
MONTES,XX
HOFFMANN,DE
LEMES,XX
QUEIROS,XX
CARREIRO,XX
SORIANO,XX
FRAGOSO,XX
SMITH,XX
BARROZO,XX
GUALBERTO,XX
VALADARES,XX
GUTIERREZ,ES
SILVESTRE,XX
LIBORIO,XX
BARREIRA,XX
BIANCO,XX
BARATA,XX
FONTANA,XX
VITORIA,XX
TENORIO,XX
NAVARRO,XX
ROQUE,XX
LONGO,XX
FELICIANO,XX
FLOR,XX
RAIMUNDO,XX
ANDRE,XX
SOBREIRA,XX
FEIJO,XX
RODRIGUEZ,ES
SEREJO,XX
LUCIO,XX
BAIA,XX
VINHAS,XX
ACOSTA,XX
ORTEGA,XX
TOME,XX
GERALDO,XX
FLORENTINO,XX
MATEUS,XX
BACELAR,XX
MATHIAS,XX
PEQUENO,XX
BRAUN,XX
CIRILO,XX
VALERIO,XX
SANDES,XX
HONORATO,XX
RORIZ,XX
HONORIO,XX
SANCHEZ,ES
CAIXETA,XX
OMENA,XX
AMANCIO,XX
REAL,XX
ZAGO,XX
NOLASCO,XX
FLORIANO,XX
FIDELIS,XX
JUCA,XX
PALHETA,XX
MACENA,XX
MACIEIRA,XX
AMERICO,XX
JORDAO,XX
CASAGRANDE,XX
SAITO,XX
BULHOES,XX
JACQUES,XX
RABELLO,IT
WERNECK,XX
MADRUGA,XX
CARVALHAES,XX
NOVA,XX
LYRIO,XX
MILITAO,XX
MAEDA,XX
BEVILAQUA,XX
CRISPIM,XX
BRASILEIRO,XX
FACANHA,XX
ROSSO,XX
COLOMBO,XX
NEGRAO,XX
FROSSARD,FR
DRUMOND,XX
DORIA,XX
MANHAES,XX
CANUTO,XX
GARCES,XX
PERDIGAO,XX
MAMEDE,XX
MARIZ,XX
GREGORIO,XX
AGUILAR,XX
TINOCO,XX
ESCOBAR,XX
AFFONSO,XX
KRUGER,XX
VILHENA,XX
TREVISAN,XX
SCHMITZ,XX
PECANHA,XX
ROZA,XX
CELESTINO,XX
PINA,XX
CLAUDINO,XX
MERCES,XX
RUIZ,XX
PATROCINIO,XX
NICOLAU,XX
FORTUNATO,XX
NICACIO,XX
PITA,XX
VICTOR,XX
SEGUNDO,XX
LEME,XX
CURADO,XX
GENTIL,XX
FIUZA,XX
BENEDITO,XX
MARIANI,XX
BENETTI,IT
MATSUMOTO,JP
LOURES,XX
PORTELLA,IT
RAFAEL,XX
COHEN,XX
ADORNO,XX
RAMIRES,XX
LUCCA,XX
MATTA,XX
MIRA,XX
GODOI,XX
MINEIRO,XX
POMPEU,PT
CACERES,XX
TOSTA,XX
GARRIDO,XX
PAIM,XX
INACIO,XX
GOMEZ,ES
BERTO,XX
GRANJA,XX
ANASTACIO,XX
AMADO,XX
BRILHANTE,XX
PEDREIRA,XX
VALADAO,XX
MADUREIRA,XX
HERNANDEZ,ES
SIEBRA,XX
PATRICIO,XX
ALONSO,XX
FROES,XX
HERCULANO,XX
SARGES,XX
BERRIEL,XX
FONTENELLE,XX
HARTMANN,DE
PASIANI,XX
ALTOE,XX
CESARIO,XX
PEGO,XX
PAIS,XX
MEDRADO,XX
CAVALHEIRO,XX
MILHOMEM,XX
AGRA,XX
PESTANA,XX
TAVEIRA,XX
BOECHAT,XX
GRANDE,XX
FORMIGA,XX
SANTIN,XX
BOAVENTURA,XX
PERIN,XX
PALHARES,XX
SCHERER,XX
MANSO,XX
MANGUEIRA,XX
MILANI,XX
ORNELAS,XX
PACIFICO,XX
MOITA,XX
MOUSINHO,XX
CARVALHAL,XX
VENTURINI,IT
ESMERALDO,XX
DUAILIBE,XX
LELIS,XX
BAHIA,XX
NOLETO,XX
RICHTER,XX
CAMILLO,ES
VILLAR,XX
JULIAO,XX
VILLELA,XX
CALIL,XX
DOREA,XX
JUSTO,XX
ATHAYDE,XX
DORNELES,XX
ESTEVAO,XX
FELIPPE,XX
JUSTINO,XX
SOEIRO,XX
AVELLAR,XX
JOAQUIM,XX
JANUARIO,XX
MORETTI,IT
ROSAS,XX
ARCANJO,XX
DIAZ,XX
DIONISIO,XX
ESPOSITO,XX
VERDE,XX
ITO,XX
LINDOSO,XX
SUZUKI,XX
VILACA,XX
AROUCA,XX
LAMARAO,XX
ARRAES,XX
DURAES,XX
NATIVIDADE,XX
VELHO,XX
ROMUALDO,XX
VERISSIMO,XX
JACINTO,XX
FABRICIO,XX
NARDI,XX
CESTARI,XX
TANAKA,JP
BRESSAN,XX
PEDROZO,XX
SPINELLI,IT
MORO,XX
CEZARIO,XX
PRESTES,XX
NAZARETH,XX
GROSSI,XX
MORGADO,XX
FRIAS,XX
PEDROZA,XX
VULCAO,XX
LEONCIO,XX
RIBAMAR,XX
SARTORI,XX
LENZI,XX
CYPRIANO,XX
SUZART,XX
ARRAIS,XX
HADDAD,XX
CURY,XX
ALMADA,XX
ZANATTA,XX
FRANCESCHINI,IT
SATURNINO,XX
CAMPELLO,IT
PUGAS,XX
CURI,XX
MALUF,XX
FREDERICO,XX
BICALHO,XX
LEE,XX
CRISTO,XX
BALTAZAR,XX
GUILHERMINO,XX
ALECRIM,XX
ZANINI,IT
COSME,XX
GRECO,XX
PENTEADO,XX
LADISLAU,XX
BONA,XX
ENCARNACAO,XX
EMERENCIANO,XX
MAYRINK,XX
MURTA,XX
ROMANO,XX
GONCALO,XX
GOMIDES,XX
SENRA,XX
VIRGENS,XX
GAVA,XX
ABRAO,XX
TRAVASSOS,XX
MARTIN,XX
ROOS,XX
AYROSA,XX
GERMANO,XX
CIRQUEIRA,XX
LAMEIRA,XX
MOUTINHO,XX
TORQUATO,XX
GIMENEZ,ES
LAMOUNIER,FR
CID,XX
KUNZ,XX
PONCIANO,XX
EULALIO,XX
TRIGUEIRO,XX
BRAUNA,XX
MARCELO,XX
SETUBAL,XX
VILAR,XX
VILARIM,XX
RITTER,XX
BRANT,XX
VOLOTAO,XX
MARCOLINO,XX
MORORO,XX
SERRAO,XX
POVOA,XX
PORFIRIO,XX
CARLINI,IT
GRACIANO,XX
TOBIAS,XX
GRACA,XX
GALLO,ES
MARIN,XX
PORTES,XX
MARINO,XX
MOSER,XX
SCHREIBER,XX
CONRADO,XX
MEYER,DE
THEODORO,XX
BERGER,DE
AMARANTE,XX
HERZOG,XX
VALERIANO,XX
BEM,XX
CAMARGOS,XX
CARUSO,XX
BELISARIO,XX
VARELLA,IT
MONTELES,XX
FONTELES,XX
ORTIZ,XX
O,XX
ANDRADA,XX
KADRI,XX
RECH,XX
CALADO,XX
AMAZONAS,XX
ANUNCIACAO,XX
CASSEMIRO,XX
IGLESIAS,XX
DAMASO,XX
ARCOVERDE,XX
SANTORO,XX
SALGUEIRO,XX
CALEGARI,XX
FOGACA,XX
APARECIDO,XX
SANSON,XX
FIRME,XX
HURTADO,XX
MILANEZ,ES
DAMASCENA,XX
BERGMANN,DE
UZEDA,XX
DAHER,XX
NOBLAT,XX
MOLINA,XX
DAVI,XX
PARREIRA,XX
APOLINARIO,XX
JANNUZZI,XX
WESTPHAL,XX
YAMASHITA,JP
CALHEIROS,XX
SARDINHA,XX
MOL,XX
BARONI,IT
JATOBA,XX
BARRA,XX
LOBAO,XX
FELICIO,XX
BARREIRO,XX
PASCHOAL,XX
SIMONATO,XX
MAIOR,XX
BENIGNO,XX
PASCOAL,XX
JAQUES,XX
BELCHIOR,XX
MAIER,FR
BENDER,XX
CASTANON,XX
CECILIO,XX
DRUMMOND,XX
FIORI,XX
CANELLAS,XX
REGINA,XX
CONDURU,XX
BURMANN,DE
BUSS,XX
TODESCHINI,IT
ERSE,XX
GALIZA,XX
ROXO,XX
SANTANNA,XX
FISCHER,XX
PORTILHO,XX
ESPINDULA,XX
CANTUARIA,XX
CANGUSSU,XX
CONTI,XX
TARGINO,XX
DIOGENES,XX
DAMASIO,XX
CIRNE,XX
ROSENDO,XX
CARACAS,XX
CASTANHEIRA,XX
PIROLA,XX
RAULINO,XX
PIO,XX
RAYMUNDO,XX
BORRALHO,XX
CIRINO,XX
TANURE,XX
CASTELO,XX
ROSADO,XX
RAZERA,XX
FERRI,XX
CAHET,FR
CARBONERA,XX
GHISI,XX
SALVIO,XX
CARDEAL,XX
GENEROSO,XX
ROLDAO,XX
CATAO,XX
FELISBERTO,XX
ROMAN,XX
SALIM,XX
COLLARES,XX
FIGUEROA,XX
CASSIMIRO,XX
CATARINO,XX
SCHWARZ,XX
SIMPLICIO,XX
EIRAS,XX
DUQUE,XX
TOLENTINO,XX
PLACIDO,XX
SANDRI,XX
ELEUTERIO,XX
COAN,XX
GEHLEN,XX
CASTILLO,ES
ESPINOLA,XX
SOLON,XX
SIMONETTI,IT
DONATO,XX
CASTELLO,IT
DOMINICI,XX
PUERARI,XX
CARNAUBA,XX
CARTAXO,XX
SABATINI,IT
CRUVINEL,XX
CROSSETTI,IT
CERVO,XX
REY,XX
SCARANO,XX
SORIA,XX
FABRIS,XX
FRIGO,XX
BRIGIDA,XX
RUA,XX
PROCOPIO,XX
TEDESCO,XX
DIEB,XX
FRANKLIN,XX
FOGOS,XX
QUINTANA,XX
FORTUNA,XX
QUEVEDO,XX
SOTO,XX
FRADE,XX
DIONIZIO,XX
FORTALEZA,XX
TERCEIRO,XX
RICARTE,XX
FARACO,XX
DOMINGUEZ,ES
SILVANO,XX
QUINTAO,XX
REYES,XX
CEOLIN,XX
CURTO,XX
FAJARDO,XX
CAMBRAIA,XX
CAMPETTI,IT
CAMARAO,XX
BRETAS,XX
SERRANO,XX
FAVERO,XX
FUTURO,XX
TAVORA,XX
DEWES,XX
PRAES,XX
FAVARO,XX
CANCADO,XX
CANCELLA,IT
EUGENIO,XX
CORNELIO,XX
FAVACHO,XX
BRUNET,FR
REINALDO,XX
CORIOLANO,XX
TONINI,IT
DELMONDES,XX
TIMOTEO,XX
FLAUSINO,XX
ESTEVAM,XX
SUCUPIRA,XX
SABOYA,XX
SPINDOLA,XX
FURLAN,XX
FROSI,XX
RENOVATO,XX
TABORDA,XX
FABIANO,XX
RIPARDO,XX
TIBURCIO,XX
FUJIMOTO,JP
CRAVO,XX
CHACON,XX
FAVA,XX
CALVO,XX
CANAL,XX
EVARISTO,XX
COURY,XX
COURA,XX
DORNELAS,XX
CHAIN,XX
BRAVO,XX
SUAREZ,ES
MASSENA,XX
GUTERRES,XX
PEDROTTI,IT
BARACHO,XX
ARGENTA,XX
ZANETTI,IT
NERIS,XX
MANCINI,IT
URBANO,XX
KIMURA,JP
URQUIZA,XX
BERTOLINI,IT
ARENA,XX
MALLMANN,DE
MALHEIROS,XX
WEINTRAUB,XX
PARANHOS,XX
LIMOEIRO,XX
MERIGUETE,XX
WEISS,XX
LIMONGI,XX
MESCOUTO,XX
HERMANN,DE
ZAMPROGNO,XX
HERMES,XX
HERRERA,XX
ZAMPIERI,IT
MONCAO,XX
HIRATA,XX
PAMPLONA,XX
ALELUIA,XX
MANDARINO,XX
PATRAO,XX
LEONARDO,XX
MARAMALDO,XX
GUIDA,XX
ALANO,XX
GUIDI,XX
ALARCAO,XX
PEDRAS,XX
MORATELLI,IT
VILARINHO,XX
WANZELER,XX
LEON,XX
ARNAUT,XX
MELONIO,XX
WATANABE,XX
ARGOLO,XX
MANSUR,XX
KOBAYASHI,JP
BALTAR,XX
ULHOA,XX
ALBINO,XX
ALBRECHT,XX
PAVAN,XX
ALCOFORADO,XX
BHERING,XX
NAZARIO,XX
BEZERRIL,XX
ALEIXO,XX
KASPER,XX
PALMIERI,IT
HOFF,DE
BAUER,DE
LUTZ,XX
MOITINHO,XX
ANDREATTA,XX
NUNEZ,ES
JOIA,XX
LUIS,XX
ISMAEL,XX
JOAO,XX
LUCINDO,XX
ONOFRE,XX
ONO,IT
LUCIANO,XX
OLMEDO,XX
YAMAGUCHI,JP
OLIVER,XX
ANGELIM,XX
JACINTHO,XX
JACO,XX
BAY,XX
MIOTTO,IT
JACOB,XX
WOLFF,XX
JACOBS,XX
JACOME,XX
LOUZEIRO,XX
LORENZO,XX
INOJOSA,XX
NOVO,XX
NINA,XX
BELTRAME,XX
VALES,XX
LIRIO,XX
PAGOTO,XX
MICHALSKI,XX
MAGNO,XX
BARRADAS,XX
AMADOR,XX
MICHELS,XX
VANDERLEI,XX
PACE,XX
ZACARIAS,XX
MADEIRO,XX
NORA,XX
ANCHIETA,XX
BARROCA,XX
ARAKAKI,JP
WERNER,XX
MOLL,XX
JULIO,XX
IGREJA,XX
LOBOSCO,XX
VARANDAS,XX
LOCATELLI,IT
ILHA,XX
YAMAMOTO,JP
LOCKS,XX
AROUCHE,XX
JAIME,XX
BALEN,XX
TRISTAO,XX
ACIOLI,XX
MUNDIM,XX
MAYER,DE
LAURINDO,XX
LAMAS,XX
VINAGRE,XX
BOHRER,XX
LAVRA,XX
GODEIRO,XX
MAZIERO,XX
LAPA,XX
BOGEA,XX
BOFF,XX
BAIMA,XX
ZIMMERMANN,DE
ZIMMER,XX
MORETTO,IT
NACIF,XX
BOEIRA,XX
LANNES,XX
BONOTTO,IT
MAURITY,XX
TRENTIN,XX
VIRTUOSO,XX
GOSMANN,DE
MORTE,XX
PIANCO,XX
GONSALVES,XX
PIAIA,XX
VOGT,XX
VIZZOTTO,IT
MARRIEL,XX
BOM,XX
MARREIROS,XX
BOLZAN,XX
MARANGONI,IT
BAGOLIN,XX
VIRGINIO,XX
LAFAYETTE,XX
MURAKAMI,XX
LARANJEIRA,XX
ABRAHAO,XX
LARANJA,XX
KUSTER,XX
TOSTES,XX
BACELLAR,XX
GONZALES,XX
BORDIGNON,XX
VILLACA,XX
MARTINIANO,XX
VITORIO,XX
GIRARDI,XX
MELGACO,XX
LEIPNITZ,XX
WALTER,XX
GIORDANO,XX
TUPINAMBA,XX
MELHORANCA,XX
PERRONI,IT
BIZZO,XX
KREUTZ,XX
ABDALLA,XX
PENEDO,XX
KREMER,XX
AZAMBUJA,XX
BIONDO,XX
MARCHI,XX
ZETOLES,XX
KUIAVA,XX
ASSAF,XX
TROMBINI,IT
AGOSTINI,IT
AGOSTINHO,XX
LANNA,XX
GLORIA,XX
MAREGA,XX
MOULIN,XX
BALBE,XX
PEGAS,XX
MOIZINHO,XX
MOCO,XX
ROSSATO,XX
MOLINARI,XX
LORENTZ,XX
ROVARIS,XX
LANG,XX
LORENA,XX
MOCELLIN,XX
DOTTO,IT
DOWSLEY,XX
LOMBA,XX
DRUZIAN,XX
LONTRA,XX
LANGE,XX
SALLENAVE,XX
LOMBARDI,XX
LATINI,IT
LOLLI,XX
MOHR,XX
LOFRANO,XX
LONDERO,XX
DELFINO,XX
DUO,XX
LAPOLLI,XX
MOISES,XX
DUMONT,FR
LODI,XX
SALONE,XX
ROSSETTI,IT
DUNLEY,XX
DELBONI,IT
SAID,XX
DEMARTINI,IT
LEOPOLDO,XX
LEY,XX
RUBIM,XX
LEDA,XX
MORES,XX
MONTEZUMA,JP
RUBIN,XX
DIEFENBACH,DE
LEGNANI,XX
MORELLI,IT
RUBINSTEIN,DE
LESKE,XX
DILL,XX
SALVIANO,XX
LAU,XX
LEOPOLDINO,XX
LEONI,IT
LEONE,XX
LEIRIA,XX
LELLIS,XX
DOMICIANO,XX
RUDAKOFF,XX
DOCKHORN,DE
DIVINO,XX
MORBECK,XX
MORBACH,DE
DITTER,XX
DONINI,IT
SABENCA,XX
LIBERAL,XX
LIBERATO,XX
SALAZAR,XX
SAKIYAMA,JP
DENIUR,XX
LAURENTINO,XX
SAKAMOTO,JP
LAURIA,XX
DEOCLECIO,XX
DEOLINDO,XX
LISA,XX
DEON,XX
LAURIANO,XX
DEROSSI,XX
ROZADO,XX
DESCHAMPS,XX
DESIDERIO,XX
DETANICO,XX
LIPPI,XX
LAVORATO,XX
MONNERAT,XX
LAZARO,XX
LAZZAROTTO,IT
MONSORES,XX
MONTALVAO,XX
LICHT,XX
MONTEL,XX
PILLAR,XX
MILANEZI,XX
LOSS,XX
MARCHINI,IT
CORAZZA,XX
COQUEIRO,XX
MEIER,FR
MARCON,XX
MARCOS,XX
COPETTI,IT
COPATI,XX
MECENAS,XX
MAZZONI,IT
CONSTANTINO,XX
MARIOTTI,IT
CONSTANCIO,XX
SCHRAMM,XX
MAZZEI,XX
MAZO,XX
SCHROEDER,XX
SCHUCK,DE
CORBELLINI,IT
CORDOVIL,XX
COLPINI,IT
SCHLEDER,XX
MELQUIADES,XX
SCHEFER,XX
COTTA,XX
MARACAJA,XX
SCHEIDT,XX
MELMAN,XX
CORVELO,XX
SCHERRER,XX
MARANGON,XX
SCHETTINO,XX
CORSINO,XX
CORRADI,XX
MARCELLO,IT
MARCHESE,XX
CORONEL,XX
MARCHETI,XX
MARCHETTI,IT
SCHULTZ,DE
MAROCCOLO,XX
MENEGAZZO,XX
CLEMENTINO,XX
SECO,XX
CLAUS,XX
CLAUDIO,XX
MARTINES,XX
CLARO,XX
CLARK,XX
SEDLACEK,XX
CISNE,XX
CISCOTTO,IT
CIROLINI,IT
MATSUBARA,JP
MARTON,XX
MATOLA,XX
CIRIACO,XX
CIPRIANO,XX
MATHEUS,XX
MASO,XX
MARTINELLI,IT
CLETO,XX
SCHUMANN,DE
SECCHI,XX
SCHUTZ,DE
MARREIRA,XX
SCHWARZBOLD,XX
COLETTO,IT
MARREIRO,XX
COL,XX
SCOFANO,XX
MARRONI,IT
SCOPEL,XX
SCORALICK,XX
MARTEL,XX
MARTELL,XX
SCOTELANO,XX
COCO,XX
SCOTTON,XX
MATURANA,XX
MATTE,XX
MANZAN,XX
COZENDEY,XX
LOUREDO,XX
LUSA,XX
MILLAN,XX
SANTAREM,XX
MILHOMENS,XX
DAMACENO,XX
MILFONT,XX
DAMACENA,XX
MILET,FR
DALTRO,XX
MILANO,XX
DALRI,XX
DALMOLIN,XX
MASSON,XX
MACIAS,XX
DALCIN,XX
MADEIROS,XX
MAGANHA,XX
DAIBERT,XX
MINAMI,XX
SANTANDER,XX
SARDELA,XX
LUPORINI,IT
LOURENCAO,XX
LOYOLA,XX
LOZANO,XX
SANDER,XX
LUCIA,XX
DANZIATO,XX
LUCIANI,XX
SANDRINI,IT
LUCINARI,XX
DANIN,XX
LUDTKE,XX
DANESE,XX
DAMKE,XX
SANMARTIN,XX
LUDVIG,XX
DAMBROS,XX
LUNDGREN,XX
MICHELIN,XX
MICHAEL,XX
MANOEL,XX
MALLET,FR
MERGULHAO,XX
CUPERTINO,XX
MERCADANTE,XX
SAVIOLI,XX
MEOTTI,IT
MANCIO,XX
SCALCO,XX
CRISTOVAO,XX
CRISTINO,XX
MANDELLI,IT
MENON,XX
MANESCHY,XX
CRESCENCIO,XX
CREPALDI,XX
MANGABEIRA,XX
CREMASCO,XX
MENEGUELLI,IT
MALTEZ,ES
MALIZIA,XX
MICELI,XX
CURTY,XX
MAIO,XX
MAIOLI,XX
MIATELO,XX
DAFLON,XX
METZKER,XX
SARINHO,XX
MESTER,XX
CZEPIELEWSKI,XX
SARRI,XX
MALAGUTTI,XX
SASAKI,JP
CZAIKOWSKI,XX
MALDONADO,XX
MALERBA,XX
CURVO,XX
CURVINA,XX
CURVELLO,IT
LANES,XX
RODOLFO,XX
ROSITO,XX
PEIXE,XX
PUPPIN,XX
FRANKE,XX
FRANCK,XX
PAULON,XX
PY,XX
PAULETTO,IT
HADAD,XX
PAUFERRO,XX
HAK,XX
HALLAL,XX
QUELHAS,XX
PASTORIZA,XX
HANSEN,XX
QUERINO,XX
PASTORE,XX
PASSAMANI,XX
PASSAGEM,XX
HASHIMOTO,JP
PARRIAO,XX
PUPO,XX
PULINO,XX
PUGLIESE,XX
PEDRA,XX
FROIS,FR
GUERIOS,XX
PROENCA,XX
PROFETA,XX
FRITSCHE,XX
FRINHANI,XX
GUIDO,XX
FRIEDRICH,XX
PECORA,XX
GUSTAVO,XX
FREITAG,XX
PAZZINI,IT
GUIZZARDI,XX
PAZETTO,IT
PRUDENCIO,XX
GULARTE,XX
GURJAO,XX
GUSMAN,XX
FORSTER,XX
FORNARI,XX
PARRELA,XX
FLAESCHEN,XX
HOLLANDA,XX
PALHEIRO,XX
PALAU,XX
HORAS,XX
PALACIO,XX
HORNINK,XX
PAGLIA,XX
PAGANOTTI,IT
FLACH,XX
PALOMO,XX
PADOVAN,XX
HUGUENIN,XX
PACHA,XX
FIRMO,XX
RAIOL,XX
FIRMEZA,XX
OZORIO,XX
IBIAPINA,XX
RABONI,IT
PALUDO,XX
PARNES,XX
PARANAIBA,XX
HECKTHEUER,XX
HEDLER,XX
PARIZOTTO,IT
QUINTANS,XX
HEIZER,XX
PAREDES,XX
QUINTINO,XX
FONTINELE,XX
PARANAGUA,XX
RABBANI,XX
PARAISO,XX
HERINGER,DE
PARA,XX
FONTANIVE,XX
PANTALEAO,XX
PANCERI,XX
PAMPONET,FR
FOLETTO,IT
GUEIROS,XX
GUBERT,XX
LANDIN,XX
GUAZINA,XX
GAYOSO,XX
GOIDANICH,XX
GOLDENSTEIN,DE
GAUDIO,XX
GASPARETTO,IT
PIAZ,XX
PIASSABUSSU,XX
POLICARPO,XX
PIANTAVINHA,XX
POMBO,XX
GORDO,XX
PONCE,XX
GORLA,XX
PONCIO,XX
PONTUAL,XX
GANEM,XX
GANDRA,XX
GOSS,XX
GOSSLER,XX
PIVETTA,XX
GAZOLA,XX
GAZOLLA,XX
GHIGGI,XX
GIACOMETTI,IT
PILOTTO,IT
GIACOMELLI,IT
GIASSON,XX
GIBSON,XX
PIGNATTI,XX
GIGLIO,XX
PIGNATON,XX
PIERETTI,IT
GOEDERT,XX
GITAHY,XX
GLAESER,XX
PIEDADE,XX
GOBATTO,XX
GOBETTI,IT
PITALUGA,XX
PITANGA,XX
GOEBEL,XX
GOTELIPE,XX
PETRY,XX
PETRUS,XX
GRUBERIO,XX
GRIJO,XX
GRILLI,XX
GABAS,XX
GRILLO,ES
GRIMALDI,XX
PERALTA,XX
PEPE,XX
PRASERES,XX
PENALVA,XX
GABRIELLI,IT
PRAXEDES,XX
GUADAGNIN,XX
SEIDEL,XX
PELLEGRINI,IT
PRESSATO,XX
GUARANHO,XX
GUARNIER,FR
FUCK,XX
PERFEITO,XX
PERINI,IT
GALUCIO,XX
GALHARDO,XX
GOULARTE,XX
PETRONILHO,XX
GOVEIA,XX
PETRIS,XX
PETRI,XX
GRABOIS,FR
GRACAS,XX
GALLI,XX
GALENO,XX
POZZOBON,XX
GRACIOLI,XX
POUBEL,XX
PETERSEN,XX
POVOAS,XX
POZZEBON,XX
PEROSA,XX
GRATAO,XX
PEROBELLI,IT
IBIAPINO,XX
IBRAHIM,XX
IERVOLINO,XX
RAMIREZ,ES
NAZARE,XX
NAZAR,XX
EUZEBIO,XX
NATALINO,XX
KOEHLER,XX
NATAL,XX
NASSERALA,XX
NASSER,XX
KOGA,XX
KOHLER,XX
NARDOTO,XX
NAPOLI,XX
ESTEPHANIO,XX
ESQUERRE,XX
RIZZO,XX
NAPOLEAO,XX
KOURY,XX
KOUZAK,XX
KOVACS,XX
NAZARENO,XX
RISCADO,XX
EZEQUIEL,XX
NEUMANN,DE
KELLER,XX
FALEIROS,XX
RICCI,XX
FALCON,XX
KELLY,XX
KERN,XX
KEUSEN,XX
NEY,XX
NETO,XX
NECKEL,XX
NESPOLI,XX
FADEL,XX
RIELLA,IT
RIGO,XX
FACCO,XX
NERES,XX
RIMES,XX
NEDER,XX
NAKAMURA,JP
ROCCA,XX
ROCCO,XX
MUCHIUTTI,XX
ELER,XX
ROMEU,PT
ROMIO,XX
EIRADO,XX
RONDON,XX
EGITO,XX
LAIA,XX
LAMEGO,XX
ROSAL,XX
LADEIA,XX
ROSALES,XX
ROSALINO,XX
ROSAR,XX
LANA,XX
MOUZER,XX
LANDAHL,XX
ROSENO,XX
ROSIM,XX
LADEIRA,XX
LACANA,XX
KUBOTA,XX
ROJAS,XX
KUHN,XX
ROCKENBACH,DE
ERNESTO,XX
GIACOMINI,IT
ERICEIRA,XX
KUMMEL,XX
NADAI,XX
ENES,XX
KUNZLER,XX
MURAD,XX
ENDLICH,XX
MUSSOI,XX
MUSSI,XX
EMIDIO,XX
EMERICK,XX
ELLER,XX
LABOISSIERE,XX
ROMARIZ,XX
NICOLETTI,IT
NICOLI,XX
KAWANO,XX
ITAPARICA,XX
FERRER,XX
ORLANDO,XX
ORLANDI,XX
ISRAEL,XX
RE,XX
ISSA,XX
FERRARO,XX
FERRAO,XX
OLMOS,XX
ISAIAS,XX
IZIDORO,XX
JABUR,XX
FERIGUETTI,IT
FENSTERSEIFER,XX
FENERICH,XX
JACOBI,XX
REDONDO,XX
FELISMINO,XX
ORNELLAS,XX
ISABEL,XX
OLIVA,XX
IMPROISE,XX
RAMIRO,XX
FIONTINA,XX
RAMON,XX
IGNACIO,XX
OTERO,XX
II,XX
IKEDA,XX
OSTERNO,XX
OSHIRO,JP
ISAAC,XX
RAUBER,XX
ORTIS,XX
INOUE,XX
RAUEN,XX
ORSI,XX
ORRICO,XX
ORPHAO,XX
RAVAGNANI,XX
JACOMINI,IT
JAEGER,XX
KATZ,XX
NOMAN,XX
JUENGE,XX
JULIANELLI,IT
RENTE,XX
REQUIAO,XX
NOUGA,XX
NOTTAR,XX
JUNKES,XX
RETAMOSO,XX
NOGUEZ,ES
JOVENTINO,XX
FARAGO,XX
NOE,XX
KAMPF,XX
FANTONI,IT
NIWA,XX
NITA,XX
FANTE,XX
NISHIMURA,JP
JR,XX
JOSEPH,XX
OLIMPIO,XX
FEIO,XX
REGINATTO,XX
JALES,XX
JAMBEIRO,XX
JANEIRO,XX
JANSEN,XX
OKAMOTO,JP
FELGUEIRAS,XX
JEREMIAS,XX
REICHERT,XX
NUERNBERG,DE
JEZUS,XX
JOB,XX
FE,XX
REINO,XX
FAXINA,XX
JOHN,XX
FAVERI,XX
REMIGIO,XX
PELLEGRINO,XX
LAMY,XX
DURANS,XX
BOZI,XX
VELASCO,XX
BRANCHER,XX
SPADA,XX
WERNZ,XX
ARABE,XX
APRIGIO,XX
APARICIO,XX
VEGA,XX
CARRICO,XX
WIESE,XX
CARRILHO,XX
WILL,XX
ANUDA,XX
BRABO,XX
TOEBE,XX
WERMELINGER,DE
ANTONELLO,IT
VAZQUEZ,ES
VASSALLO,ES
VASQUEZ,ES
WINTER,XX
BELARMINO,XX
BOULHOSA,XX
VASCO,XX
BOUDENS,XX
CASAES,XX
CAIADO,XX
BELEM,XX
SONEGO,XX
TOJAL,XX
ARALDI,XX
SPAGNOL,XX
ANTERO,XX
SPRICIGO,XX
BAYER,XX
BREDA,XX
CARGNIN,XX
AREAS,XX
STABILE,XX
BRAZIL,XX
BRAZAO,XX
VENCESLAU,XX
TIEPPO,XX
BRAVIN,XX
VENCATO,XX
BRAVIM,XX
TIETZ,XX
ARDENGHI,XX
BEATTO,XX
WERLE,XX
CARLO,XX
TILLMANN,DE
BECHELANY,XX
TIMM,XX
BRANDT,XX
BECK,XX
CARMES,XX
BECKENKAMP,DE
VELLASCO,XX
BECKMAN,XX
WELTER,XX
SPERANDIO,XX
ARARUNA,XX
BEDE,XX
BOTTINO,XX
ANTAS,XX
BREDARIOL,XX
BENITES,XX
AMORETTI,IT
BORTOLI,XX
AMORAS,XX
BENEDETTI,IT
AMOEDO,XX
YOSHIDA,JP
SIMONI,IT
SIMONASSI,XX
BORSATO,XX
BENEVENUTO,XX
CAVASSANI,XX
AMBROZEVICIUS,XX
BENFICA,XX
VALINO,XX
VALGAS,XX
BORTOLINI,IT
CAYRES,XX
TONIN,XX
CECILIA,XX
SILOS,XX
CEIA,XX
BERALDO,XX
BERBERT,XX
ZAIRE,XX
BORGATO,XX
TORMEN,XX
BERG,DE
CELLA,IT
CENDON,XX
BERGAMO,DE
SIRQUEIRA,XX
VALVERDE,XX
SOMBRA,XX
VANZELER,XX
BELIZARIO,XX
SOLER,XX
ANISIO,XX
BELLE,XX
BELLI,IT
VARELA,XX
BOTAO,XX
WOLF,XX
BOSZCZOWSKI,XX
BELLINTANI,XX
CASSEB,XX
VARANDA,XX
ANGELIS,XX
CASTANHA,XX
CASTANHO,XX
SIVIERO,XX
BELTRAMI,XX
BOSCO,XX
ANDRETTA,XX
ANDRES,XX
CASTELAN,XX
TOMASI,XX
CASTELLANELLI,IT
ANDREATA,XX
BOSAIPO,XX
BEMERGUY,XX
YAMADA,JP
ANDERSON,XX
YAMAGUTI,JP
CATALDI,XX
STAIGER,XX
ARGUELLO,IT
ALT,XX
BARCA,XX
CAMACHO,XX
VICTORINO,XX
BARBALHO,XX
BARBARA,XX
TAAM,XX
CAMARINHA,XX
BINI,IT
VINCENT,XX
CAMATA,XX
BURIL,XX
BARBIO,XX
BURGOS,XX
SYLVESTRE,XX
BAIAO,XX
CAMPANA,XX
TABOSA,XX
SUZANO,XX
CAMPANINI,IT
VIAL,XX
VIOL,XX
BAETA,XX
VIOTTI,IT
BADU,XX
BARDELLA,IT
BADARO,XX
BACURAU,XX
VETTORE,XX
TEMOTEO,XX
CAMUEZA,XX
BARONE,XX
VICTORIO,XX
CALVET,FR
BACHMANN,DE
BALDO,XX
BALTHAZAR,XX
CAIXEIRO,XX
BALMANT,XX
CAJUEIRO,XX
VILARINDO,XX
CALABRIA,XX
BALIEIRO,XX
VILARINS,XX
VIGAS,XX
TANNUS,XX
CABREIRA,XX
BALDUINO,XX
VIELMO,XX
TAKENAKA,JP
BALDISSERA,XX
BALBI,XX
CABEZAS,XX
TARACHUCKY,XX
CALIMAN,XX
CALISTO,XX
BALDIN,XX
TAKAHASHI,JP
TAKAGI,JP
BALDEZ,ES
CALMON,XX
VILLANOVA,XX
VIDEIRA,XX
BARAO,XX
BALBINOT,FR
BARATTO,XX
SUGUIURA,XX
VESCOVI,XX
ARIMATEA,XX
VERA,XX
BASSANI,XX
BASTO,XX
BATH,XX
ASSATO,XX
VERCOSA,XX
THIMOTEO,XX
THIMOTHEO,XX
CAPOBIANGO,XX
CAPONE,XX
STEINMETZ,XX
CAPP,XX
STEINMACHER,XX
ASCENCAO,XX
BATTI,XX
ARY,XX
BROCHADO,XX
BRINGEL,XX
BAU,XX
BRIGIDO,XX
AROUCHA,XX
THOME,XX
BRIDI,XX
THORPE,XX
STAVISKI,XX
BAUMANN,DE
ARNAUD,FR
ARMANDO,XX
TIAGO,XX
CARDENAS,XX
BAUMGRATZ,XX
VEREDIANO,XX
CAON,XX
SUDRE,XX
VERSIANI,XX
BARQUETTE,XX
BUAS,XX
VITORIANO,XX
BARREIROS,XX
CANDEIAS,XX
AYALA,XX
AVO,XX
BARRETTO,IT
STURMER,XX
TERNES,XX
TERRAZAS,XX
CANEDO,XX
CANELA,XX
AVANCINI,IT
VIVAS,XX
THE,XX
VIVEIROS,XX
AURELIO,XX
STRAPAZZON,XX
TESCH,XX
BARTH,XX
VERLY,XX
VOGAS,XX
BRONDANI,XX
BARTZ,XX
VOLPATO,XX
VOLPE,XX
ATANAZIO,XX
VERGARA,XX
STOCCHERO,XX
VAL,XX
CAGNI,XX
ALSINA,XX
CHRISTOFOLO,XX
BERNARDI,XX
ZATTONI,IT
ABELHA,XX
ZANETTE,XX
VACCARELLI,IT
AKEGAWA,JP
ZANON,XX
ZUIN,XX
ADACHI,XX
TRES,XX
SGANZERLA,XX
BIU,XX
ZANONI,IT
ABOUD,XX
BICHARA,JP
TOURINHO,XX
TUCCI,XX
TOTO,XX
ZIOLI,XX
ALFAIA,XX
SERGIO,XX
TOSATTI,XX
BOHM,XX
TOSCANO,XX
BERTONCELLO,IT
BERNAL,XX
CESARO,XX
ALEXANDRINO,XX
BERTON,XX
CHRISTO,XX
SELVA,XX
BERNARDELLI,IT
BIANCHINI,IT
SENE,XX
TROVAO,XX
CEZARINO,XX
BLANCO,XX
ZAPPA,XX
CHINELATO,XX
SHIMIZU,XX
SHIMADA,XX
ALBERTON,XX
BONATES,XX
ALBERTINI,IT
ALBANO,XX
TRAVAGLIA,XX
TRAPP,XX
BIASOLI,XX
ALBERNAZ,XX
BERTHOLDO,XX
ZARAGOZA,XX
BONATO,XX
ACCIOLY,XX
CHAMMA,XX
UTZIG,XX
SGORLA,XX
ABRAMOVICI,XX
BEZERRO,XX
SERAFINI,IT
CHIARELLO,IT
ZARPELON,XX
BONATTO,XX
TRZECIAK,XX
ZAPATA,XX
ZARDO,XX
BIAGI,XX
BIZERRA,XX
BERTAGNA,XX
BIATO,XX
AIHARA,JP
BOLDRINI,IT
CICERO,XX
ABBOUD,XX
ADERALDO,XX
TORT,XX
TORRINHA,XX
ABBADE,XX
AFONSECA,XX
CHERMONT,FR
ALMENDRA,XX
CHERMAN,XX
CHEDID,XX
ZENI,XX
CERETTA,XX
TURQUE,XX
CEREJA,XX
CIDADE,XX
ABADE,XX
CHELOTTI,IT
CERDEIRA,XX
BONOMO,XX
CHIKUSA,XX
SHOCKNESS,XX
ABDALA,XX
VAGO,XX
AGUIRRE,XX
BERTONI,IT
PATRIARCA,XX
NOLASSO,XX
PATURY,XX
PAUMGARTTEN,XX
PATO,XX
NOVELLO,IT
PATOILO,XX
PATOLEA,XX
PAULOZZI,XX
VERVLOET,FR
UNTURA,XX
VERGILIO,XX
OBERDIEK,XX
ULIANI,XX
PATZLAFF,XX
PATTO,XX
UNGERICHT,XX
OBARA,XX
NOMERIANO,XX
ULISSES,XX
PAULITSCH,XX
VERSUTI,XX
NONNENMACHER,XX
ULKOWSKI,XX
UNIAS,XX
OBESO,XX
PAULINELLI,IT
OCAMPOS,XX
PATARRAZ,XX
OCHIUTO,XX
NOCE,XX
NOCKO,XX
NODARI,XX
ULIAN,XX
NOGARA,XX
OCHIRO,JP
PAVANI,XX
ULIANA,XX
NOGUERA,XX
VERZELETTI,IT
OBICI,XX
NOGUERES,XX
PATEO,XX
VENUTO,XX
PATERNO,XX
PATIAS,XX
NOGUES,XX
VERZOLA,XX
NOJOSA,XX
VERGAMINI,IT
OBANA,XX
VERBISCK,XX
NOVAK,XX
VEROLA,XX
NOTARI,XX
NOVAS,XX
NOTARO,XX
NOTAROBERTO,XX
ULTRA,XX
NUCCI,XX
NOVODWORSKI,XX
NOVOCHADLO,XX
VERDINI,IT
UNES,XX
UMPIERRE,XX
UMBELINO,XX
UNGARETTI,IT
PATRONO,IT
UMEDA,XX
VERNER,XX
NOVIS,XX
VERGA,XX
VERMELHO,XX
PAUL,XX
VERLEUN,XX
NOVION,XX
NOVINTE,XX
VERGINIO,XX
VERDI,XX
NOSE,XX
NORAT,XX
NUTO,XX
OBADIA,XX
NORBERTO,XX
NORFINI,IT
NOVELINO,XX
PAULAGAMA,XX
NORJOSA,XX
VERGETTI,IT
PATRINIERE,XX
ULRICHSEN,XX
NOVENA,XX
NOVATO,XX
NORMANDO,XX
VERDERIO,XX
VERDADE,XX
VERRI,XX
VERONES,XX
VERDADEIRO,XX
NORNBERG,DE
NORO,XX
VERONA,XX
NOVILLO,ES
PATZOLD,XX
VERDEAL,XX
NORTE,XX
PATTUSSI,XX
PAVLACK,XX
PAVARINO,XX
NESPOLO,XX
NEMETALA,XX
NEMER,XX
UBIRAJARA,XX
NEME,XX
UBERTI,XX
NELSON,XX
UBARANA,XX
UBALDO,XX
UANUS,XX
NEIVAS,XX
TWORKOWSKI,XX
PEDRON,XX
VIDOR,XX
NEIS,XX
VIDOTE,XX
NEMOTO,JP
NENTZINSKY,XX
NEO,XX
UCHIKAWA,JP
UECKER,XX
PEDI,XX
VIDA,XX
NERO,XX
UCHOAS,XX
UCHIYAMA,JP
NERINO,XX
NEORIO,XX
VIDELA,XX
PEDRADA,XX
VIDIGAL,XX
PEDRAO,XX
NEPOTE,XX
VIDIO,XX
NEIA,XX
NEHME,XX
NEGRY,XX
VIGLIONI,IT
TUSCO,XX
VIGATA,XX
NAZAL,XX
TUROLA,XX
TURNES,XX
NAYLOR,XX
PEETERS,XX
VIEZZER,XX
TURGEON,XX
NAVEGA,XX
TURELLA,IT
NAVARRETE,XX
NAVARINI,IT
VIGNATTI,XX
VIGAR,XX
NAZARI,XX
NEGRIZOLI,XX
NEDIR,XX
NEGRINI,IT
NEGRI,XX
TUXEN,XX
NEGREDO,XX
VIER,FR
NEFFA,XX
VIERA,XX
VIESTEL,XX
TUTYIA,XX
NEDEFF,XX
NECO,XX
TUTTMAN,XX
NECKER,XX
VIESI,XX
PEDERNEIRAS,XX
PECORARO,XX
VESPASIANO,XX
NESTAL,XX
NISHIKAWA,JP
VEZU,XX
NILTINHO,XX
UEZU,XX
NILO,XX
UEZ,ES
NIITSUMA,JP
NIGAM,XX
NIEROTKA,XX
NIERO,XX
PAZES,XX
PAZETO,XX
NIENOW,XX
NIEMEIJER,XX
NIELSEN,XX
NISHIKIDO,JP
UOIENO,XX
NISHIMORI,JP
VESTENA,XX
VESSIO,XX
NOBILE,XX
NOAL,XX
UJIKAWA,JP
NIZZO,XX
VESSONI,IT
NITTO,XX
UGGIONI,IT
NITSCHKE,XX
NITAO,XX
VETTER,XX
NISTAL,XX
NISIMURA,JP
NISHIOKA,JP
NIELLA,IT
NIEIRO,XX
UETA,XX
NGUYEN,XX
PECLAT,XX
NICKEL,XX
NICIANI,XX
NICCHIO,XX
VICENZI,XX
VICTER,XX
NEYRA,XX
NICODEMO,XX
UEDA,XX
NEVARES,XX
VICTORA,XX
NEUBAUER,DE
VICTORIANO,XX
PECORARI,XX
VICENTINI,IT
VICALVI,XX
NIEDERAUER,DE
NICOLICH,XX
NIECHEL,XX
VIALI,XX
NIDECK,XX
NICOLINI,IT
UEMURA,JP
NICOLIN,XX
VIANEL,XX
UEMA,JP
NICOLE,XX
VIARD,FR
PAZINATO,XX
UEMATSU,JP
NICOLAY,XX
PEARCE,XX
PASTRO,XX
VENEZIANI,XX
OCHOA,XX
PARADAS,XX
OZEKI,XX
OYAMA,JP
OYAFUSO,XX
OVIDES,XX
OVANDO,XX
OUTERELO,XX
PARABOCZ,XX
OURO,XX
VABO,XX
VANOLLI,XX
OURIQUES,XX
VANTI,XX
PARACHIN,XX
OURIQUE,XX
OUEDRAOGO,XX
VANJURA,XX
OZGA,XX
VANINI,IT
PAPAIZ,XX
PADRONES,XX
PADRE,XX
PADOVANI,XX
VALTAO,XX
PACO,XX
VALVIESSE,XX
VAN,XX
PACATUBA,XX
PAPARANA,XX
VANAZZI,XX
PAPASEIT,XX
PAPI,XX
PACHE,XX
VANDERLEY,XX
OTUBO,XX
OTTONI,IT
VAROTTO,IT
OTTO,IT
OSTI,XX
VARASCHIN,XX
PARAGUAI,XX
PARAGUAY,XX
VARASQUIM,XX
OSOWSKI,XX
UYEDA,XX
UTTA,XX
OSMAR,XX
OSMAN,XX
ORVIEDO,XX
ORTONCELLI,IT
ORTOLANI,XX
VARGES,XX
VARIANO,XX
OSTRITZ,XX
UZIEL,XX
OSTWALD,DE
VANZILLOTTA,XX
OTTIS,XX
OTTAIANO,XX
VANZELOTTI,IT
OTHECHAR,XX
VANZETTO,IT
OTHARAN,XX
PARADELA,XX
PARAGINSKI,XX
OTAVIANO,XX
VARAO,XX
PARAENSE,XX
OTANI,XX
OTA,XX
OSUNA,XX
PAPACENA,XX
PANZOLINI,IT
VACCARI,XX
VALOIS,FR
PALMERIM,XX
PANDOLFO,XX
VALDUGA,XX
PANEGASSI,XX
VALENCIA,XX
PALM,XX
PANIZ,XX
PALLA,XX
VALENTINI,IT
PALITOL,XX
PANKO,XX
VALER,XX
VALERA,XX
VALERINI,IT
PALHAO,XX
VALDRIGHI,XX
PALMIER,FR
VALDEVINO,XX
PANCOTTO,IT
PAN,XX
VAINFAS,XX
VALAMATOS,XX
PALUMA,JP
PANCIERA,XX
VALCARENGHI,XX
PALUCH,XX
PALMISCIANO,XX
PALOSCHI,XX
PALOS,XX
PANDILHA,XX
PALOMINO,XX
PALOMBO,XX
PANDINI,IT
PALHA,XX
PALGROSSI,XX
PANOEIRO,XX
VALLIER,FR
PAIAO,XX
PAGY,XX
PAGOTTO,IT
PANTE,XX
VALLER,XX
PAGNONCELLI,IT
PAGATINI,IT
PAIRE,XX
VACCARO,XX
PANZA,XX
PAGANO,XX
PAGANI,XX
VALLVE,XX
PAEL,XX
VALLEJO,XX
VALLADARES,XX
PALFINGER,DE
VALIATI,XX
PALERMO,XX
PALAZOLLI,XX
VALERO,XX
PANSANI,XX
PANSINI,IT
PALACKY,XX
VALIM,XX
PANTANO,XX
PALACIOS,XX
VALIN,XX
VAINE,XX
VALLADAO,XX
PANTALIAO,XX
PAISANI,XX
VARJAO,XX
UTSCH,XX
OCHS,XX
VENDRAMIN,XX
VENANZONI,IT
PASCHOALINO,XX
PASCO,XX
PASCOA,XX
URDANGARIN,XX
OLCZEWSKI,XX
OLCHA,XX
PASCUAL,XX
PASE,XX
OLAVO,XX
OLAVIO,XX
VENDEIRO,XX
OKUMOTO,JP
OKUMA,JP
VENDRAMEL,XX
PASCHOALIN,XX
OLEARE,XX
OLEGARIO,XX
OLIONI,IT
OLIVAL,XX
PARRA,XX
PARRAS,XX
URRUTIA,XX
VELOZO,XX
URRA,XX
OLINTO,XX
PARUSHEV,XX
PARRO,XX
VELTEN,XX
VELUDO,XX
PARSZUTO,XX
OLGADOR,XX
OLEGINI,IT
URCULANO,XX
OKITA,JP
ORTINS,XX
OKAZAKI,JP
OFFREDI,XX
OERTEL,XX
ODORICO,XX
PASSERI,XX
ODONE,XX
VENTURIM,XX
PASSETTI,IT
ODON,XX
PASSIGATTI,XX
URBAN,XX
ODILON,XX
PASTANA,XX
URANY,XX
VENTURINE,XX
UPASE,XX
URBANETTO,IT
OGA,XX
OGANDO,XX
PASQUOTTO,IT
PASKULIN,XX
PASQUALETTI,IT
OKANO,XX
PASQUALIN,XX
OKAMURA,JP
VENERO,XX
URBIETA,XX
OGURO,XX
PANASIEWICZ,XX
OHLWEILER,XX
VENTORIM,XX
URBANETZ,XX
OHANA,XX
OH,XX
OLIVAS,XX
PAROS,XX
PAROLA,XX
VELLAME,XX
ORMOND,XX
ORMAY,XX
ORLEAN,XX
VAZZOLER,XX
VEBER,XX
ORGAMBIDE,XX
PARGA,XX
ORELLANA,XX
VECCHI,XX
ORDONEZ,ES
PARGAS,XX
ORAIR,XX
VECCHIA,XX
PARINTINTIN,XX
VECCHIO,XX
ORMONDE,XX
VASSALO,XX
USZACKI,XX
VARSAMIS,XX
ORTIGARA,XX
UTIYKE,XX
ORTHA,XX
ORTH,XX
ORTEGAL,XX
ORRU,XX
PARAPAR,XX
PARDO,XX
PARASKI,XX
OROZCO,XX
OROSCO,XX
ORO,XX
PARDINHO,XX
PARDINI,IT
OPITZ,XX
VECHIA,XX
VEDI,XX
VELASQUES,XX
PARKER,XX
VEIMROBER,XX
PARMA,XX
URUGA,XX
OLIVO,XX
URTIGA,XX
URSI,XX
VEGINI,IT
OLIVEIRAS,XX
VELASQUEZ,ES
VELAZQUEZ,ES
VELICHKOVICH,XX
PARODIA,XX
OLIVE,XX
URZEDA,XX
OLSCHEWSKI,XX
USHIROBIRA,XX
OMAIRI,XX
VEDOY,XX
VEECK,XX
PARIS,XX
ONERIO,XX
ONEL,XX
ONCAY,XX
OLZOG,XX
PARIZ,XX
OLYNTHO,XX
OLVERA,XX
OLTRAMARI,XX
PARISE,XX
OLSSON,XX
OLSEN,XX
VARRICHIO,XX
MUZY,XX
NAVAI,XX
MIBIELLI,IT
MICHELON,XX
MICHELLUZZI,XX
MICHELLI,IT
ZAGHETTO,IT
MICHELI,XX
ZAGOTO,XX
MICHELETTE,XX
MICHELATO,XX
MICHELAN,XX
ZAHAIKEVITCH,XX
MICHALCZUK,XX
ZAIDMAN,XX
MICHAILIDIS,XX
ZALIS,XX
MICHA,XX
ZALTRAO,XX
MICCAS,XX
ZALUAR,XX
ZAMBA,XX
ZAGANELLI,IT
MICHNIK,XX
ZAGAGLIA,XX
MIGUEIS,XX
MILAGRES,XX
MILAGRE,XX
MIGUENS,XX
ZABEL,XX
ZABIELA,XX
ZABOETZKI,XX
ZABOT,FR
ZACARIOTTO,IT
MIGLORANCIA,XX
ZAFFALON,XX
MIGLIORINI,IT
ZACCARO,XX
MIGLIARDI,XX
MIGITA,XX
MIERES,XX
MIDORIKAWA,JP
MIDDLETON,XX
ZACHOW,XX
MICALI,XX
ZAMBE,XX
ZANELLA,IT
ZAMBENEDETTI,IT
MERIGUI,XX
ZANATA,XX
ZANCANARO,XX
MERIDA,XX
ZANCHETTIN,XX
ZANCHI,XX
ZANDAVALLI,XX
ZANDOMENICO,XX
ZANDOMENIGHI,XX
MERGAR,XX
ZANDONAI,XX
MEREGE,XX
MEREB,XX
MERCURI,XX
ZANELA,XX
MERCALDO,XX
MERCADO,XX
ZANELATO,XX
MERABET,FR
MERINI,IT
MERINO,XX
ZANARDO,XX
ZAMBERLAN,XX
MIASATO,XX
MIARI,XX
MIANA,XX
MEZZOMO,XX
MEZRAHI,XX
MEZECH,XX
MEZAVILLA,XX
MEZACASA,XX
ZAMBONIN,XX
MERLY,XX
MESSAGI,XX
ZAMIN,XX
MESSAGE,XX
MESSA,XX
ZAMPIER,FR
ZAMPIRON,XX
ZANA,XX
MERMIRIS,XX
MILAN,XX
MILANELLO,IT
YURTSEVER,XX
YUNG,XX
WOLGAMOTT,XX
MIRANDOLA,XX
WOLHER,XX
WOLLMANN,DE
MIRAGLIA,XX
WOLNEY,XX
WOLNIEWICZ,XX
MIQUELITO,XX
WONDRACEK,XX
MIODOWNIK,XX
WOORTMANN,DE
WOSGRAU,XX
MINUZZI,XX
MINTEGUI,XX
WRIGHT,XX
WU,XX
MINSKI,XX
WULHYNEK,XX
MINOSSO,XX
MIRON,XX
MISCHIATTI,XX
MISHMISH,XX
MITRE,XX
MIYAKODA,JP
MIYAHIRA,JP
WITSCHORECK,XX
MITTEROFHE,XX
WITT,XX
MITTERHOFER,XX
MITSUNAGA,JP
WITTMANN,DE
MITRAUD,FR
WOICOLESCO,XX
MITKIEWICZ,XX
MITEL,XX
WOEHL,XX
MISZKOVSKI,XX
MISURINI,IT
MISSIUNAS,XX
MISSIAS,XX
MISSIAGGIA,XX
MINILLO,ES
WUNDHEILER,XX
WUNSCH,XX
MILENA,XX
MILKI,XX
YAMANAKA,JP
MILITANI,XX
YANAI,XX
YASSINE,XX
YAWANAWA,JP
YIP,XX
YOKOYAMA,JP
MILECK,XX
MILLA,XX
MILBRADT,XX
MILARE,XX
YONAMINE,XX
MILANIO,XX
YONG,XX
YOUNG,XX
YOUSSEF,XX
YULE,XX
MILL,XX
MILLEO,XX
MINI,IT
MINEO,XX
MINHOTO,XX
MINHAQUI,XX
MINGRONE,XX
MINGHETTI,IT
XANTHAKOS,XX
MINGARDI,XX
MING,XX
MINERVINI,IT
MINELLO,IT
YAGODNIK,XX
XIKOTA,XX
XIMENDES,XX
MINE,XX
MINCHIO,XX
YACOVENCO,XX
MINATTO,XX
YACUBIAN,XX
MINASI,XX
MERA,XX
MENUCCI,XX
MIYASAKI,JP
ZUBICUETA,XX
ZOGHBI,XX
MAXIMA,XX
MAX,XX
MAVIGNIER,FR
ZOLET,FR
MAUX,FR
ZOLOTAR,XX
ZOQUI,XX
ZORZAN,XX
ZORZELA,XX
ZORZI,XX
ZOTELI,XX
MAUES,XX
MAUERWERK,XX
MAUER,DE
MAUA,XX
MATUSZAK,XX
MATURINO,XX
ZSOGON,XX
ZOCA,XX
MAXTA,XX
ZISER,XX
MAZZILLO,ES
ZIDDE,XX
ZIELINSKY,XX
ZIESEMER,XX
MAZZOCCO,XX
ZILE,XX
MAZZO,XX
ZILLMER,XX
ZIMBRES,XX
MAZZEU,FR
MAYWORM,XX
ZIMERMANN,DE
ZINADER,XX
MAZURKIEVICZ,XX
ZINELLI,IT
ZIOLKOSKI,XX
MAZALI,XX
MAZAGAO,XX
MAZACOTTE,XX
ZUBCOV,XX
MATUMOTO,JP
MENONI,IT
MATTOSO,XX
MATINADA,XX
MATIELLO,IT
MATHIES,XX
ZUZARTE,XX
ZWICK,XX
MATEU,FR
MATEI,XX
MATASSOLI,XX
MATARUCO,XX
MATARELLI,IT
MATACHON,XX
ZYCH,XX
MASUDA,XX
MASTRODOMENICO,XX
MASTRANGELO,XX
MASTELLA,IT
MASSUDA,XX
MASSOTTI,IT
MASSONI,IT
MATIOLI,XX
MATION,XX
MATIOTTI,IT
ZUGLIANI,XX
MATTOSINHO,XX
ZUCK,XX
MATTIELLO,IT
ZUFFI,XX
MATTAR,XX
MATTANA,XX
ZUFFO,XX
ZUGAIB,XX
MATSUUCHI,JP
ZUZA,XX
MATSUSHITA,JP
MATSUMURA,JP
ZUNEDA,XX
ZUNIGA,XX
MATOZO,XX
MATOSO,XX
ZUPPANI,XX
ZUVANOV,XX
MAZZUCCHELLI,IT
ZICA,XX
MAZZUCO,XX
MCCALLUM,XX
MENEGATTI,XX
MENEGATHI,XX
MENEGASSO,XX
MENEGASSI,XX
MENDOZA,XX
ZAPPE,XX
MENDEZ,ES
MENDANHA,XX
MENDA,XX
MEMBRIVE,XX
ZARATE,XX
MELOTTI,IT
ZARDINI,IT
ZARRAGA,XX
ZARZAR,XX
MELLER,XX
ZATONI,IT
ZATTAR,XX
ZATTI,XX
ZAPPAROLI,XX
MENEGHATTI,XX
MENEGHEL,XX
ZANOTELLI,IT
ZANELLATO,XX
ZANGELMI,XX
ZANIN,XX
MENKE,XX
MENINO,XX
MENINI,IT
MENICUCCI,XX
MENGALI,XX
ZANOTTI,IT
MENEGHINI,IT
MENEZ,ES
ZANUNCIO,XX
MENEGUETTI,IT
ZANUZZO,XX
ZAO,XX
MENEGUCI,XX
MENEGOTTO,IT
MENEGON,XX
MELLADO,XX
MELIS,XX
MELINK,XX
ZERLOTINE,XX
MEHLER,XX
MEGNA,XX
MEGALE,XX
MEGA,XX
ZENEVICZ,XX
MEDRANO,XX
ZEPON,XX
ZERBINATTI,XX
ZEVE,XX
MEIMES,XX
MEDICE,XX
ZGODA,XX
MEDEIRO,XX
ZHYDENKO,XX
MEDAGLIA,XX
ZIBETTI,IT
MECELIS,XX
MCNAMARA,XX
ZEN,XX
MEINERZ,XX
MELIGA,XX
ZAVALA,XX
MELHADO,XX
MELGUEIRO,XX
MELCHIORS,XX
MELCHIOR,XX
MELCHIONNA,XX
ZAVA,XX
MELATO,XX
MELAHI,XX
ZAWALSKI,XX
ZEM,XX
ZECA,XX
MEIRINO,XX
ZECHINATTO,XX
ZEDE,XX
MEIRELIS,XX
ZEDES,XX
ZELAYA,XX
ZELLA,IT
MIYAMOTO,JP
MIYASATO,JP
VILALVA,XX
MROZINSKI,XX
VISENTINI,IT
MULINARI,XX
MULIN,XX
VISGUEIRO,XX
MULATO,XX
MULATINHO,XX
VISQUETTI,IT
MULATI,XX
VITA,XX
MUHSSEN,XX
MUGGIATI,XX
MUCURY,XX
MUCIO,XX
MUCIDA,XX
VITALINO,XX
VITEK,XX
MUCHENSKI,XX
VITI,XX
MUAZE,XX
MUNCH,XX
MUNCK,XX
MUND,XX
MUNSIGNATTI,XX
MURATT,XX
MURATORI,XX
MURALIKRISHNA,XX
VINHA,XX
VINISKI,XX
MURADAS,XX
VINKE,XX
MUNZLINGER,DE
MUNOZ,XX
VISCONTI,XX
VIOLETTI,IT
VIOTT,XX
VIRGILIO,XX
MUNHAK,XX
VIRGOLINO,XX
MUNEIRO,XX
MUNDOCO,XX
VIRGULINO,XX
MRUE,XX
MOZZER,XX
VOLANTE,XX
VITO,XX
VIZIOLI,XX
MOSTER,XX
MOSTAJO,XX
MOSTAFA,XX
MOSTACATO,XX
MOSSRI,XX
MOSSO,XX
MOSIMANN,DE
VIZOTTO,IT
MOSELLI,IT
MOSCOSO,XX
MOSCHINI,IT
MOSCAVITCH,XX
MOSCARDINI,IT
MOSANER,XX
VLNIESKA,XX
MORUZZI,XX
VOGEL,XX
MORTARI,XX
VIVIANI,XX
VIVIANE,XX
MOTOMIYA,XX
VITTORAZZE,XX
MOZZATO,XX
MOYSES,XX
VITOLA,XX
VITORETTI,IT
MOUSSALLEM,XX
VITORINI,IT
VITTI,XX
VITTORASSI,XX
MOURTHE,XX
VIVIAN,XX
MOURE,XX
VITTORI,XX
VITULLO,ES
VIVACQUA,XX
VIVAN,XX
MOUCO,XX
MOTTOLA,XX
MOTTER,XX
MURCA,XX
MURICY,XX
MURILA,XX
MURITIBA,XX
NAPOLITANO,XX
VILHALVA,XX
NANNI,XX
NANA,XX
NAMETALA,XX
NAMEM,XX
NAME,XX
NALIO,XX
NALIN,XX
NALESSO,XX
NALEPA,XX
NALDI,XX
VILHAMOR,XX
NAKAUTH,JP
NAKATA,JP
NAKASHIMA,JP
NAKAO,JP
NAKANO,JP
NAKAHORI,JP
NAPPO,XX
NARA,XX
NARCISO,XX
NASCENTE,XX
NATILI,XX
NATI,XX
NATHAN,XX
NATALIZI,XX
VILAMAIOR,XX
VILANOVA,XX
VILARES,XX
NASR,XX
NASARETH,XX
VILDOSO,XX
VILARONGA,XX
NARVAES,XX
NARLOCH,XX
NARINO,XX
NARDULLI,XX
NARDUCCI,XX
VILASBOAS,XX
NARDINO,XX
NAKAHARA,JP
NAKAGUMA,JP
NAKAGAWA,JP
MUSTACCHI,XX
VILLAVERDE,XX
VILLAVICENCIO,XX
VILVERT,XX
NACHBIN,XX
NACHABE,XX
MUZZI,XX
MUSTRANGE,XX
MUSTAFA,XX
MUSSLINER,XX
NADAIS,XX
VINCLER,XX
MUSSATO,XX
MUSSALEM,XX
MUSOLINO,XX
MUSIAL,XX
MURTINHO,XX
VINECKY,XX
MURO,XX
VILLARINHO,XX
NADALETTO,IT
NAJMAN,XX
NAGEL,XX
VILLA,XX
NAIFF,XX
NAIDON,XX
NAHU,XX
NAHES,XX
NAHABEDIAN,XX
NAGY,XX
NAGIB,XX
NAGATA,XX
VILLARIM,XX
NAGANO,XX
VILLARDO,XX
NAGAMINE,XX
NAGAHAMA,XX
NAEGELE,XX
NADOLNY,XX
NADER,XX
NADALIN,XX
MORRISSON,XX
MOROMIZATO,XX
MIYASHIRO,JP
WESTRUPP,XX
MONERAT,XX
MONDINI,IT
MONDAINI,IT
WENDHAUSEN,XX
MONASTERIO,XX
MONARCHA,XX
WENNA,XX
MOMM,XX
MOMBACH,DE
WERLANG,XX
WERLICH,XX
MOLON,XX
MOLNAR,XX
MOLLER,XX
MOLLARD,FR
MOLITERNO,XX
WESSLING,XX
MOLIN,XX
MOLEDO,XX
WELLISCH,XX
MONETTO,IT
MONFARDINI,IT
MONTAL,XX
MONTANO,XX
MONTANI,XX
MONTANHEIRO,XX
MONTANHA,XX
MONTANDON,XX
MONTANARI,XX
WEIMAR,XX
MONTALEONE,XX
WEINGAERTNER,DE
MONGE,XX
WEININGER,DE
WEIPRECHT,XX
WEIZENMANN,DE
MONSANTO,XX
MONROE,XX
MONREAL,XX
WEKSLER,XX
MONIZ,XX
WESTMANN,DE
WETTERLING,XX
VOLKMER,XX
MOLA,XX
MODOLO,XX
WILOT,FR
WIMMER,XX
WINCH,XX
MODES,XX
MODENEZI,XX
WINCKLER,XX
MOCHEL,XX
WIONCZAK,XX
MOCELIN,XX
WIPPEL,XX
WISNIESKI,XX
MIZUSHIMA,JP
MIZUNO,XX
MIZRATTI,XX
MIZOGUCHI,JP
WITECK,XX
MIYAZAWA,JP
MIYATA,JP
MODRIJAN,XX
WILLRICH,XX
MODULO,XX
MOI,XX
WICHERS,XX
MOKDSE,XX
WICIUK,XX
WIELE,XX
WIENSKOSKI,XX
MOITTA,XX
WIETHAN,XX
WIGGERS,XX
WILDBERGER,DE
MOELLER,XX
MOHSEN,XX
WILLE,FR
MOGAMI,XX
MOFATTO,XX
WILLIAMS,XX
WILLIANSON,XX
MOESCH,XX
MOELLMANN,DE
MONTARROYOS,XX
WEILER,XX
WEIK,XX
WEIDLICH,XX
MORESCO,XX
WAJSENZON,XX
MORESCHI,XX
MORERA,XX
WAKED,XX
WAKIYAMA,JP
WAKULICZ,XX
MORENA,XX
MORELLO,IT
WALBORN,XX
MORELL,XX
WALCACER,XX
MORELATO,XX
WALDRICH,XX
WALKER,XX
MOREGOLA,XX
MOREAU,FR
MORE,XX
WALLER,XX
MORET,FR
MORETHSON,XX
WAIK,XX
MORILHAS,JP
VOLPATTO,XX
MORITA,JP
MORIOKA,JP
MORINI,JP
MORIMOTO,JP
VOLPIN,XX
VONSNIEVSKI,XX
VOSMIRKO,XX
MORIL,JP
WAIDEMAM,XX
VOSS,XX
MORGAN,XX
VUADEN,XX
VUELTA,XX
MORGADES,XX
VULCANIS,XX
WACHHOLZ,XX
WACHOWICZ,XX
WALMSLEY,XX
WALTENBERG,DE
WALTZ,XX
WEAVER,XX
MORADEI,XX
MOORE,XX
MONTURIL,XX
MONTORIL,XX
MONTILLO,ES
MONTIJO,XX
WAZLAWOSKY,XX
MONTEZE,XX
WEBA,XX
WAY,XX
MONTERAZO,XX
WEBBER,XX
MONTEMAGGIORE,XX
MONTELLI,IT
WECHI,XX
WECKMULLER,DE
WEIBERG,DE
WEIDE,XX
MORADO,XX
MORAGA,XX
WANDERER,XX
MORANDINI,IT
WANDERLEI,XX
MORATORI,XX
MORATO,XX
WANDERMUREM,XX
MORASCO,XX
WANGAN,XX
MORANO,XX
MORANDO,XX
WASCONCELOS,XX
WAVZINSKI,XX
WASILEWSKI,XX
WATANUKI,XX
MORANDI,XX
WATSON,XX
WATZKO,XX
WAUKE,XX
MORALECO,XX
MORAL,XX
PEGHIM,XX
SEIDENKRANZ,XX
PEGORARO,XX
RUBINO,XX
SPERANCA,XX
SPERLING,XX
RUBIK,XX
RUBIA,XX
RUBERT,XX
RUBEL,XX
SPESANI,XX
RUBARTH,XX
RUBACK,XX
SPESSATTO,XX
SPINDLER,XX
ROZZINI,IT
SPINOSA,XX
ROZNOWSKI,XX
ROZARIO,XX
SPITZ,XX
SPOLIDORIO,XX
SPOLLE,XX
SPONCHIADO,XX
RUBINI,IT
SPEDO,XX
ROX,XX
SPECHT,XX
RUMOR,XX
SOTTOCORNOLA,XX
RUIVO,XX
RUGGI,XX
SOUBHIA,XX
SOUDER,XX
SPACEK,XX
RUFFATTO,XX
RUFATO,XX
RUELA,XX
RUEDA,XX
RUDORFF,XX
RUDOLPH,XX
SPAGNHOL,XX
RUCKERT,XX
RUCHEL,XX
SPARANO,XX
SPARREMBERGER,DE
SPARVOLI,XX
SPOTORNO,XX
SPOZITO,XX
RUPPENTHAL,XX
ROSSINI,IT
ROSSETTO,IT
STAHLSCHMIDT,XX
ROSSETO,XX
STALLIVIERE,XX
ROSSETI,XX
STALLIVIERI,IT
ROSSE,XX
ROSSATTO,XX
STAMATTO,XX
STAMM,XX
STANCHER,XX
STANGER,XX
ROSSAS,XX
ROSOLEN,XX
ROSINDO,XX
STANZANI,XX
ROSENTHAL,XX
STANZIONE,XX
STAPELFELDT,XX
STAHL,XX
STADLEWSKI,XX
ROWEDER,XX
ROSSTER,XX
ROVERI,XX
SPRIOLI,XX
SQUEFF,XX
ROVAI,XX
ROUXINOL,XX
ROUSSEAU,FR
ROUBACH,DE
ROTONDI,XX
ROTONDARO,XX
ROTINI,IT
SQUIRES,XX
STAATS,XX
STABENOW,XX
ROTHER,XX
ROTH,XX
ROTELLA,IT
ROSTY,XX
ROSTIROLLA,XX
ROSTIROLA,XX
RUNCO,XX
RUSCH,XX
TURECK,XX
SALABERT,XX
SAKUGAWA,JP
SAKOWSKI,XX
SAKARELA,JP
SAKANO,JP
SOLIDONIO,XX
SOLINO,XX
SOLLA,XX
SOLODOV,XX
SOLOUKI,XX
SAKAI,JP
SOMACAL,XX
SAIS,XX
SAGGIORO,XX
SAGGIORATTO,XX
SAGARRA,XX
SAFT,XX
SAFRA,XX
SAEZ,ES
SOMBRIO,XX
SALABERRY,XX
SALAS,XX
SADER,XX
SOLE,XX
SALLA,XX
SALINO,XX
SALINEIRO,XX
SALINA,XX
SOBRINHO,XX
SOBROSA,XX
SOCCOL,XX
SALHA,XX
SOETH,XX
SOHSTEN,XX
SOL,XX
SALERNO,XX
SALERMO,XX
SALEME,XX
SALEM,XX
SALDIA,XX
SOLAIRA,XX
SALCEDO,XX
SOLANO,XX
SOMENZARI,XX
SADE,XX
RUSCHEL,XX
SAAVEDRA,XX
SAADI,XX
SORRENTINO,XX
SAAB,XX
SORRILLA,XX
S,XX
RZEZINSKI,XX
RYPL,XX
RYBANDT,XX
SOSINHO,XX
RUTZ,XX
RUTKOSKI,XX
SOTE,XX
RUSSELL,XX
RUSIN,XX
RUSHANSKY,XX
SOTELI,XX
SOTERO,XX
SOTT,XX
RUSCHMANN,DE
SOROMINE,XX
SABADINI,IT
SONG,XX
SORIO,XX
SAD,XX
SACILOTTO,IT
SACILOTO,XX
SONKAJARVI,XX
SACHSIDA,XX
SACHS,XX
SACENTI,XX
SONODA,XX
SACEANU,XX
SACCO,XX
SACCAB,XX
SONZA,XX
SABOR,XX
SOPCHAKI,JP
SOPELETE,XX
SOPRANE,XX
SORBILLE,FR
SORGINE,XX
SABBA,XX
STAPENHORST,XX
ROSEMBERG,DE
ROSE,XX
RISTOW,XX
SUCENA,XX
RISSO,XX
SUCRO,XX
RISSINO,XX
SUDA,XX
RISS,XX
SUGIMOTO,JP
RIQUELME,XX
SUGIYAMA,JP
SUGUINO,XX
RIOTINTO,XX
SUHETT,XX
RIOJA,XX
RIO,XX
RINALDI,XX
RIMOLO,XX
SUJONO,IT
SULIS,XX
RILHO,XX
SUBTIL,XX
SUBRINHO,XX
RIJO,XX
RITO,XX
ROBALO,XX
ROBALINHO,XX
ROBAINA,XX
STREMEL,XX
STRONZAKE,XX
STUDART,XX
ROBAERT,XX
STUMM,XX
RIZZINI,IT
RIZZI,XX
RIVOIRE,XX
STUQUI,XX
STYBEL,XX
SUARES,XX
RIVIECCIO,XX
RIVELO,XX
RIVAS,XX
SUASSUNA,XX
RITTA,XX
SULTANI,XX
RIGUEIRA,XX
ROSCOCHE,XX
RICHARD,FR
RICHA,XX
RICCOBENE,XX
SUSKI,XX
RICCIARDI,XX
SUTIL,XX
RICAS,XX
SUZARTE,XX
SUZUMURA,JP
RIBOVSKI,XX
RIBOLI,XX
SVAITER,XX
SVERSUT,XX
REZNIK,XX
REZIO,XX
SWIDERSKI,XX
REYS,XX
SZABO,XX
REYNAUD,FR
SZATMARI,XX
SURDINE,XX
SUPPO,XX
RIGOTTI,IT
SUNI,XX
RIGODANZO,XX
RIGOBELLO,IT
SULZBACH,DE
SULZBACHER,XX
RIGITANO,XX
RIGATTI,XX
RIGAO,XX
RIESGO,XX
RIERA,XX
SUMIYA,XX
RIEHM,XX
RIEFFEL,XX
RIEDO,XX
RIEDNER,XX
SUNDIN,XX
RIEDI,XX
RIEDERER,XX
RICORDI,XX
RICOBOM,XX
ROBBA,XX
ROBERS,XX
ROBERTI,XX
RONCATO,XX
STEIM,XX
STEIN,DE
STEKEL,XX
ROMEO,XX
STELMASZCZYK,XX
STENDER,XX
ROMARO,XX
STENSJO,XX
ROMARIS,XX
STEPHAN,XX
STERVINOU,XX
STERZA,XX
ROMANIUK,XX
ROMANINI,IT
ROMANELLI,IT
ROMANCINI,IT
STEUERNAGEL,XX
ROMAGNOLI,XX
ROMA,XX
ROMULO,XX
RONCONI,IT
STREGLIO,XX
RONDINA,XX
ROSCANI,XX
STARMAC,XX
STAUDT,XX
STAVALE,XX
STECCA,XX
STECKELBERG,DE
STEFANINI,IT
ROSADA,XX
STEFANO,XX
STEFANUTTI,XX
RORATO,XX
STEFANUTTO,XX
ROQUETTE,XX
ROQUETE,XX
STEFENON,XX
ROPPA,XX
STEFENS,XX
STEFFENS,XX
STEIER,FR
ROLO,XX
STEWART,XX
STIEGELMAIER,FR
STIEGEMEIER,FR
STOINSKI,XX
STOLAR,XX
RODRIGERI,XX
RODOPOULOS,XX
STOLL,XX
STORANI,XX
RODAS,XX
STORCH,XX
RODARTE,XX
STORTI,XX
ROCIO,XX
STRADIOTTO,IT
ROCINSKI,XX
ROCILDO,XX
ROCHO,XX
STRASSBURGER,XX
STRATZ,XX
ROBSON,XX
STREG,XX
STOFFEL,XX
ROEBER,XX
ROECKER,XX
ROLAND,XX
ROLLEMBERG,DE
ROLLA,XX
ROLIN,XX
ROLDO,XX
STIEGLITZ,XX
STIEGLIZ,XX
STILBEN,XX
ROLDAN,XX
STOFEL,XX
ROEHE,XX
ROJAHN,XX
ROIFE,XX
ROHRS,XX
ROHLFS,XX
ROHLEDER,XX
ROHDE,XX
ROGUS,XX
ROEHRS,XX
SALLABERRY,XX
SALLAS,XX
SOBOTA,XX
SCHNURR,XX
SCHNEIDERS,XX
SERRADO,XX
SERRAGLIO,XX
SERRAIPA,XX
SCHMITKE,XX
SERRALHEIRO,XX
SCHMITH,XX
SERRAN,XX
SCHMID,XX
SERRES,XX
SCHMALZ,XX
SCHLOSSER,XX
SCHLOEGL,XX
SERRIDGE,XX
SCHLINDWEIN,XX
SERTOLI,XX
SCHLICHTING,XX
SCHLEICHER,XX
SETE,XX
SCHNELLRATH,XX
SCHOEN,XX
SETRAGNI,XX
SCHOLZ,XX
SCHROLL,XX
SERIKAWA,JP
SCHRODER,XX
SERIQUE,XX
SCHROCK,XX
SERMAN,XX
SCHREINER,XX
SERMANN,DE
SERMOUD,XX
SCHRAM,XX
SCHRAIBER,XX
SCHOTTS,XX
SCHOTTEN,XX
SERQUEIRA,XX
SCHOSSIG,XX
SCHOR,XX
SCHONS,XX
SERRACENI,XX
SCHOMMER,XX
SETIMI,XX
SCHITTINI,IT
SCHAUER,DE
SHAKIR,XX
SCHENATZ,XX
SCHEMES,XX
SHARIF,XX
SCHELP,XX
SCHELLER,XX
SHERRILL,XX
SCHELESKY,XX
SHIBAYAMA,JP
SCHEIDEMANTEL,XX
SCHEID,XX
SCHEIBEL,XX
SCHEFFER,XX
SHIBAZAKI,JP
SHIGUEMOTO,JP
SCHEFFEL,XX
SHIH,XX
SHIKASHO,XX
SCHEEREN,XX
SCHEER,XX
SCHENEIDER,XX
SCHENKMAN,XX
SETTE,XX
SCHEPPA,XX
SCHIRMER,XX
SETTI,IT
SCHIPMANN,DE
SCHIOZER,XX
SEUFITELLIS,XX
SEVILHANO,XX
SCHINCARIOL,XX
SEVILLA,XX
SFOGLIA,XX
SCHILD,XX
SCHIEL,XX
SCHIAVUZZO,XX
SCHIAVONI,IT
SCHIAVON,XX
SGARABOTO,XX
SGARBI,XX
SCHETTINI,IT
SCHERRE,XX
SGUAREZI,XX
SCHUARTZ,DE
SCHUCH,DE
SERIBELI,XX
SEEFELDER,XX
SELLI,IT
SEDIYAMA,JP
SEDICIAS,XX
SEDDON,XX
SEDAN,XX
SECUNHO,XX
SELLOS,XX
SELVAS,XX
SEMENSATO,XX
SECORUN,XX
SEMER,XX
SECKLER,XX
SECCHIN,XX
SEMI,XX
SEMPIONATO,XX
SEMPLE,XX
SENCADES,XX
SEBATA,XX
SEBASTIAO,XX
SEDON,XX
SEERIG,XX
SCHUELER,DE
SEFER,XX
SEICEIRA,XX
SEIBEL,XX
SEITENFUS,XX
SEIA,XX
SEHNEM,XX
SEHN,XX
SEGGES,XX
SEITZ,XX
SEGER,XX
SEGANTINI,IT
SEGALIN,XX
SEKINO,XX
SEGALA,XX
SELAYZIM,XX
SELEME,XX
SELHORST,XX
SELLE,XX
SEGAL,XX
SELLETI,XX
SEAL,XX
SENGER,XX
SCUETT,XX
SCREMIN,XX
SCHWEDER,XX
SCHWARZER,XX
SEQUEIROS,XX
SERAPHIM,XX
SCHWARTZ,XX
SCHWALBE,XX
SCHWAGER,XX
SCHWAAB,XX
SCHVAB,XX
SERAPHIN,XX
SCHUTTE,DE
SERAPHINI,IT
SCHUSTER,DE
SCHUNKE,DE
SERAPIAO,XX
SERENO,XX
SCHULZE,DE
SCHUH,DE
SCHUERTZ,DE
SCHWEICKARDT,XX
SCHWENDLER,XX
SEQUEIRA,XX
SENNE,XX
SCOVINO,XX
SENHOR,XX
SCOTT,XX
SCOTELARO,XX
SENHORIN,XX
SENISE,XX
SCORZATO,XX
SCORZA,XX
SENNHOLTZ,XX
SCHWERZ,XX
SENS,XX
SCOLARI,XX
SCOLA,XX
SCOFIELD,XX
SENSI,XX
SENTI,XX
SCIAMMARELLA,IT
SCHWINDEN,XX
SHIKIDA,XX
SCHARDOSIN,XX
SOBOSLAI,XX
SANTIL,XX
SANTI,XX
SANTELO,XX
SIMIL,XX
SANTAYANA,XX
SIMIONI,IT
SIMOMURA,JP
SANTAROSA,XX
SIMONE,XX
SIMPSON,XX
SINAY,XX
SINDORF,XX
SINESIO,XX
SINEZIO,XX
SINHOROTO,XX
SINICIO,XX
SINIMBU,XX
SIRIANO,XX
SANSEVERO,XX
SANSAO,XX
SANTICIOLI,XX
SANTILIANO,XX
SANOWICZ,XX
SIMIEMA,XX
SARDELLA,IT
SILVER,XX
SILVINO,XX
SARDEIRO,XX
SILVIO,XX
SARAMAGO,XX
SIMABUKU,XX
SARACOL,XX
SAPUCAIA,XX
SAPATEIRO,XX
SANZ,XX
SIMEAO,XX
SANTOR,XX
SANTOLIN,XX
SIMI,XX
SIMIAO,XX
SANTIS,XX
SANTINI,IT
SANTINELLI,IT
SANSANA,XX
SANO,XX
SCHARDONG,XX
SAMBUICHI,XX
SALVIATI,XX
SO,XX
SOAVE,XX
SALVI,XX
SALVATTI,XX
SALVARO,XX
SALVARANI,XX
SOAVINSKI,XX
SALVADO,XX
SALUM,XX
SALUDJIAN,XX
SALU,XX
SALTON,XX
SALORTE,XX
SALOMON,XX
SOBEL,XX
SALMAN,XX
SALLUM,XX
SALLER,XX
SALVINO,XX
SNTOS,XX
SIRIDO,XX
SAMPAYO,XX
SANITA,XX
SANFINS,XX
SISCAR,XX
SANFELICE,XX
SISTE,XX
SANDY,XX
SISTHERENN,XX
SITTA,XX
SKIENDZIEL,XX
SANDRES,XX
SKOLAUDE,XX
SANDERSON,XX
SLAVINSKI,XX
SANCTOS,XX
SANCHOTENE,XX
SLEIFER,XX
SLOMP,XX
SANABIO,XX
SAMPER,XX
SARETTA,XX
SIGORA,XX
SARI,XX
SCARPELLI,IT
SCARDELAI,XX
SHIRAI,XX
SCARANELLO,IT
SCARABELLI,IT
SCANTBELRUY,XX
SHIRATORI,XX
SHIROMA,XX
SCANDIUCCI,XX
SCANDAR,XX
SCANAVACCA,XX
SHISHIDO,XX
SCALON,XX
SCALIA,XX
SCALEZI,XX
SCALDAFERRI,XX
SHIZUNO,XX
SCAGLIONI,IT
SHORT,XX
SHUBERT,XX
SCARIOT,FR
SCARPIN,XX
SIGNORINI,IT
SCARTON,XX
SCHAPLA,XX
SHIMOSHIRO,JP
SCHALCHER,XX
SCHAIDHAVER,XX
SCHAFFKA,XX
SCHAFFER,XX
SCHAEFFER,XX
SCHACHTER,XX
SHINDO,XX
SCHAAN,XX
SCHAAB,XX
SCCOTT,XX
SCAVONE,XX
SCAVASSA,XX
SHINKAWA,JP
SHINZATO,XX
SCATTOLIN,XX
SHIOYA,XX
SCATOLINI,IT
SCAFURA,XX
SCAFATI,XX
SBRUZZI,XX
SBROGLIA,XX
SIDOU,XX
SIDRIM,XX
SASSON,XX
SIEGEL,XX
SASSO,XX
SASSI,XX
SASSET,FR
SIEL,XX
SASSE,XX
SASSAKI,JP
SASS,XX
SIEMINKOSKI,XX
SIERVI,XX
SIEWERT,XX
SARTOR,XX
SIGNES,XX
SIGNORETTI,IT
SARRAF,XX
SARMET,FR
SATEL,XX
SIDI,XX
SICRE,XX
SAVADOVSKY,XX
SAYEGH,XX
SAYAO,XX
SAVOLDI,XX
SIAS,XX
SAVINI,IT
SAVI,XX
SAVEGNAGO,XX
SAVASTANO,XX
SIBALDES,XX
SATHLER,XX
SAUZEM,XX
SAUTHIER,FR
SAURIN,XX
SAUERESSIG,XX
SICA,XX
SICCHAR,XX
SATIRO,XX
SICILIANO,XX
SZCZERBACKI,XX
SZKUDLAREK,XX
REVOREDO,XX
PISSIOLI,XX
PISMEL,XX
TOMELIN,XX
PISANI,XX
PIROVANI,XX
TOMICH,XX
TOMIMURA,JP
PIRAS,XX
PIOVEZAN,XX
PIOVESAN,XX
PIONTKOSKI,XX
PIOLI,XX
TOMIO,XX
PINZON,XX
PINZANI,XX
TONATTO,XX
PINTER,XX
PINOL,XX
TONDOLO,XX
TONELLI,IT
PISSINATTI,XX
PISTER,XX
PINGARILHO,XX
TOMCZYK,XX
PIZZI,XX
PIZZATTO,XX
PIZAO,XX
PIZA,XX
TOMASSINI,IT
PIVATTO,XX
TOMAZELI,XX
PIVA,XX
PIUCO,XX
PITTELLA,IT
PITOMBEIRA,XX
PITOL,XX
TOMAZELLI,IT
PITHAN,XX
PITARO,XX
PITARELLI,IT
PITANO,XX
TOMAZETTI,IT
TOMAZI,XX
PINHATI,XX
PINEZI,XX
PIENIS,XX
PIGOZZO,XX
TORINI,IT
PIGNATARO,XX
PIGNATA,XX
TORMENTA,XX
PIGATTO,XX
PIETROLUONGO,XX
TORRACCA,XX
PIETRO,XX
PIETRICOSKI,XX
PIESZAK,XX
PIERRO,XX
PIEROTE,XX
TORRAO,XX
PIERO,XX
TORRE,XX
PIEREZAN,XX
TORREAO,XX
PIERDONA,XX
TORRENS,XX
TOREZANI,XX
TORCHIA,XX
PINEDO,XX
PILAN,XX
PINATI,XX
TONET,FR
TONETTO,IT
TONHEIRO,XX
TONIAZZO,XX
PIM,XX
TONINO,XX
PILTZ,XX
TONIOLO,XX
TONON,XX
PILOTI,XX
TOPOLNIAK,XX
PILONI,IT
PILLON,ES
TORALLES,XX
PILLA,XX
PILGER,XX
PILATI,XX
TORCATO,XX
PIZZIOLO,XX
PIZZOL,XX
PIZZOLI,XX
PORTAO,XX
PORRUA,XX
PORRO,XX
PORRETTI,IT
PORPORATTI,XX
POROCA,XX
TOFANELLI,IT
POPOLIN,XX
POPOFF,XX
TOFANO,XX
TOFFOLI,XX
POPINIGIS,XX
PONTIERI,IT
PONTEIRO,XX
TOFFOLO,XX
PONTAROLO,XX
PONSONI,IT
PONSI,XX
PONCIONI,IT
TOGNINI,IT
PORTACIO,XX
PORTE,XX
PIZZUTTI,XX
TODESCO,XX
TISSIANI,XX
POSSIDENTE,XX
TIUSSU,XX
POSSENTI,XX
TIVERON,XX
POSSEMOZER,XX
POSSAS,XX
TIZIANI,XX
POSSAMAI,XX
TOCANTINS,XX
POSE,XX
POSCA,XX
PORTUGUEZ,ES
TOCCOLI,XX
TOCHETTO,IT
TODA,XX
TODARO,XX
TODD,XX
PORTELADA,XX
PONCEANO,XX
TOKANO,XX
TOKARSKI,XX
TOKUMARU,JP
POLETTI,IT
POLESEL,XX
POLES,XX
POLEJACK,XX
POLEGATTI,XX
POLEGATCH,XX
POLATO,XX
POGIBIN,XX
POEYS,XX
POETA,XX
POERSCHKE,XX
PO,XX
PLINIO,XX
TOMAOKA,JP
PLAZA,XX
PLASTER,XX
PLANA,XX
TOMAS,XX
PLA,XX
POLETTO,IT
TOLOI,XX
POLEZE,XX
POLO,XX
TOKUO,XX
POMPERMAYER,DE
POMPERMAIR,XX
POMPERMAIER,FR
POMIN,XX
TOLDO,XX
POLVOA,XX
POLTRONIERI,IT
POLLNOW,XX
POLI,XX
POLLICOTT,XX
POLLI,XX
POLL,XX
POLIZELI,XX
POLITANO,XX
POLICH,XX
POLICARPI,XX
TOLLER,XX
PIERASSOL,XX
PIEGAZ,XX
POSTICO,XX
TROGER,XX
TROMPS,XX
PERILLI,XX
PERIANDRO,XX
TRONCOSO,XX
TRONTO,XX
PERETO,XX
TROYACK,XX
PEREIRO,XX
TRUBANO,XX
PEREIMA,XX
PEREA,XX
TRUGANO,XX
TRUIZ,XX
TRUNFO,XX
PERATZ,XX
PERASSOLI,XX
PERALVA,XX
TSHIMANGA,XX
PERACINI,IT
TROIAN,XX
PERINOTTO,IT
TSUJI,XX
PERIOTO,XX
PERUQUETTI,IT
PERSICO,XX
PERSEGUINI,IT
TRIVELATO,XX
PERRUSI,XX
PERRUCI,XX
TRIVELATTO,XX
PERRONE,XX
PERRANDO,XX
TRIVISONNO,XX
PERONCHEN,XX
SEIDLER,XX
PERON,XX
PEROCCO,XX
TROCOLLI,XX
PEROBA,XX
PERNA,XX
PERLIN,XX
PERLATTI,XX
PERACI,XX
PEPINO,XX
PIEGAS,XX
TULHER,XX
PELLENSE,XX
TUMELERO,XX
TUNIN,XX
TUON,XX
TUPINA,XX
PELICIARI,XX
PELICIANO,XX
PELEGRINI,IT
PELEGRIN,XX
PELED,XX
PELECH,XX
PEIXOUTO,XX
TUPPAN,XX
TURA,XX
TURBIANI,XX
TURCI,XX
PEIXINHO,XX
TURCO,XX
TURCOT,FR
PELLI,IT
PELLINI,IT
TSUNOUCHI,JP
PELTZ,XX
TSUTSUMI,XX
PENTAGNA,XX
PENSADOR,XX
PENQUES,XX
PENIN,XX
PENIDO,XX
TUBAGI,XX
PENG,XX
PENETRA,XX
TUBBS,XX
PENELUCA,XX
PENELLO,IT
PENELAS,XX
TUBONE,XX
PENDENZA,XX
PENCHEL,XX
PENAFORTE,XX
PENAFIEL,XX
TUCUNDUVA,XX
TRINTA,XX
PESCIM,XX
PESCO,XX
PIAZAROLO,XX
TOZZINI,IT
PIAUILINO,XX
PIAUIENSE,XX
PIASSI,XX
TRACERA,XX
PIASSA,XX
TRAESEL,XX
TRAGANTE,XX
TRAMONTIN,XX
TRAMONTINI,IT
TRANCOSO,XX
PIASENTIN,XX
PIANTO,XX
PIANTI,XX
TRANCOZO,XX
TRAPANI,XX
TRAPPEL,XX
TRARBACH,DE
PIANOWSKI,XX
TOZZI,XX
PIAZZI,XX
PESCUMO,XX
PICADO,XX
TORRESIN,XX
TORRI,XX
PICONI,IT
PICOLOTTO,IT
PICOLIN,XX
PICOLI,XX
PICININ,XX
TORTOLINI,IT
PICHLER,XX
TORTORELLA,IT
TOSO,XX
TOSTE,XX
PICHETTI,IT
TOTH,XX
PICCINI,IT
PICCIN,XX
PICCHETTI,IT
PICCARDI,XX
TOTI,XX
PIANI,XX
TRATZ,XX
PIANA,XX
TRAVAGIN,XX
PETRIBU,XX
TREVISOL,XX
TREVIZAN,XX
TREVIZANO,XX
TRIANOSKI,XX
PETIT,XX
TRIBECK,XX
PETIOT,FR
PETILLO,ES
TRIBESS,XX
PETERKA,XX
PETER,XX
PETARLY,XX
PETARLI,XX
TRIBUZY,XX
TRICHES,XX
PESSINI,IT
PESSI,XX
TRIGO,XX
PETRIKOWSKI,XX
TREVISANO,XX
TREVILATTO,XX
PETTERLE,XX
PI,XX
TRAVALLONI,IT
PHILOMENO,XX
PFEIFFER,XX
PFALTZGRAFF,XX
TREDINNICK,XX
TREIB,XX
TREMARIN,XX
TRENO,XX
TREULIEB,XX
TRENTO,XX
PETRUNGARO,XX
PETRUCIO,XX
PETRUCCI,XX
PETROVICH,XX
TRESCA,XX
TRESPACH,XX
TRETTER,XX
POSTAI,XX
TISCHER,XX
REVEILLEAU,FR
RATHIS,XX
TAPAJOS,XX
RASTELLI,IT
TAPETY,XX
RARO,XX
TAPIA,XX
TAPIAS,XX
RAQUEL,XX
RAPPOPORT,XX
TAPPLER,XX
TAQUINI,IT
RAPHUL,XX
RAPESTA,XX
RAO,XX
RANZI,XX
RANKIN,XX
TARAN,XX
RANDIG,XX
RANDAL,XX
RAMPINELLI,IT
RATES,XX
RATTI,XX
TARANTO,XX
RATTMANN,DE
TANAN,XX
RAZZE,XX
TANCREDI,XX
RAZUCK,XX
RAZKY,XX
TANI,XX
TANIGUCHI,JP
TANINI,IT
RAZENTE,XX
TANNO,XX
RAVARA,XX
RAVANINI,IT
RAVALLEC,XX
TANNURE,XX
TANNURI,XX
RAUGUST,XX
TANSINI,IT
TANUS,XX
RATZLAFF,XX
RAMPAZZO,XX
RAMONEDA,XX
TAYAO,XX
TASHIRO,JP
TASSO,XX
TATSCH,XX
RAIA,XX
RAGNINI,IT
RAGGI,XX
RAGAUSKAS,XX
RAFFUL,XX
RAFFAELLI,IT
TAUBNER,XX
TAUIL,XX
RADONS,XX
RADO,XX
TAUNAY,XX
TAVEIROS,XX
TAVES,XX
TAVOLARI,XX
RADA,XX
RACHOU,XX
RACHID,XX
RAICES,XX
RAICOSKI,XX
TARDIM,XX
TASHIMA,JP
TARDIO,XX
RAMM,XX
TARDIVO,XX
TARGA,XX
TARNOPOLSKY,XX
RAMIA,XX
RAMBO,XX
TARRAGO,XX
RAMBALDI,XX
RAMAZZINA,XX
TARTARI,XX
RAMALDES,XX
RAJZMAN,XX
TARTARO,XX
RAIZ,XX
TARTAS,XX
TARUHN,XX
TASCA,XX
TASCHETTO,IT
TANABE,XX
TAMBELLI,IT
READI,XX
REMBISCHEVSKI,XX
REKOVVSKY,XX
REISMAN,XX
TAGLIETA,XX
TAGUCHI,JP
REISINGER,DE
REISDORFER,XX
TAHARA,JP
REINOSO,XX
TAKADA,JP
REINKE,XX
TAKAFASHI,JP
REINERT,XX
REINERI,XX
REINA,XX
REIMOL,XX
REIMBERG,DE
REIMAO,XX
REID,XX
TAKANE,JP
TACCA,XX
REMEDIOS,XX
TAMBASCO,XX
RENAULT,XX
RETO,XX
SZMIDT,XX
SZWARCFITER,XX
RESSIGUIER,FR
RESQUE,XX
RESENER,XX
RESENDES,XX
SZYNWELSKI,XX
REPETTI,IT
RENZ,XX
TABARELLI,IT
TABOADA,XX
RENOFIO,XX
RENO,XX
RENNO,XX
RENNHACK,XX
RENNER,XX
RENDA,XX
TABORY,XX
REICHE,XX
TAKAO,JP
REI,XX
REHSE,XX
REDEZ,ES
RECOVA,XX
TAMAIO,XX
RECIOLINO,XX
TAMANE,XX
RECHTAND,XX
RECHENBERG,DE
RECHE,XX
TAMANHO,XX
TAMANINI,IT
RECEPUTI,XX
REBOREDO,XX
TAMANQUEIRA,XX
REBOLLO,ES
TAMASAUSKAS,XX
REBELLATO,XX
REBELATTO,XX
TAMASHIRO,JP
REALEIRO,XX
REDMAN,XX
TALMA,XX
REESINK,XX
REGINO,XX
REHEM,XX
REHBEIN,XX
TAKARADA,JP
REGRA,XX
TAKAYAMA,JP
TAKAZAKI,JP
TAKEDA,JP
TAKEGUMA,JP
TAKETANI,JP
REFLANDES,XX
TAKEY,JP
TAKITA,JP
REGGIANI,XX
TALIBERTI,XX
REGES,XX
TALINA,XX
TALLMANN,DE
REGAZZI,XX
TAXWEILER,XX
TEBA,XX
POTENCIANO,XX
PROLLA,XX
PROITE,XX
THORNE,XX
PROCOPIAK,XX
THULER,XX
PROCKNOV,XX
THUM,XX
PROCASKO,XX
PROCACI,XX
THURLER,XX
THYLIA,XX
PROBST,XX
PRITZ,XX
PRIOR,XX
PRINCEPE,XX
PRINA,XX
TIBAES,XX
TIBIRICA,XX
PRICKEN,XX
PRIANTI,XX
PROLA,XX
PRONK,XX
PREUSS,XX
PROPATO,XX
PUGA,XX
THEODULINO,XX
THEOPHILO,XX
THESARI,XX
PUENTE,XX
PUCHEU,FR
PRZYTYK,XX
PRZYBYSZ,XX
PRUX,XX
THIAGO,XX
THIEBAUT,XX
PRSYBYCIEM,XX
PROVETTI,IT
PROVENZANO,XX
PROTETTI,IT
THOMAE,XX
PROTAZIO,XX
PROTASIO,XX
THOMAS,XX
PREVIDELLI,IT
PRETURLAN,XX
TECHEMAYER,DE
TIMBO,XX
PRACA,XX
POZZI,XX
POZZETTI,IT
TINGO,XX
POZZER,XX
TINO,XX
POZZATTI,XX
POZZAN,XX
POZES,XX
POZAS,XX
POZ,XX
POY,XX
TINOS,XX
TIOSSI,XX
POVEDA,XX
TISCATE,XX
POU,XX
POTTES,XX
POTT,XX
PRACIANO,XX
PRADA,XX
PRETTO,IT
TILLI,XX
PRETTI,IT
PRETO,XX
TIDA,XX
PRESCHOLDT,XX
PRESA,XX
PREDOLIN,XX
TIENE,XX
PREDIGER,XX
PREDEBON,XX
TIENGO,XX
PRAVATO,XX
PRAST,XX
PRANGEL,XX
PRANE,XX
PRAIS,XX
TIGGEMANN,DE
PRAEIRO,XX
PRADOS,XX
TIGRE,XX
THEMUDO,XX
PUGLIA,XX
PUGLIERI,IT
QUIREZE,XX
TEMPO,XX
TEMPORAL,XX
QUINTILIANO,XX
QUINTIERI,IT
QUINTELLA,IT
QUINTELA,XX
QUINTEIRO,XX
QUINTAS,XX
TENFEN,XX
TENTEMPO,XX
TEOFILO,XX
TERATOKO,XX
QUINTA,XX
TERCOS,XX
QUINT,XX
TERENZI,XX
TERES,XX
QUININO,XX
TERGA,XX
QUINZEIRO,XX
TEMPESTA,XX
THEISEN,XX
QUIRIDO,XX
TECHIO,XX
TECLES,XX
RABASSA,XX
RABACOV,XX
RAASCH,XX
TEIS,XX
RAAD,XX
QUOOS,XX
QUITETE,XX
QUITERIO,XX
TEIXEIRENSE,XX
QUISSINI,IT
TEJADAS,XX
QUIROZ,XX
TEJEDA,XX
TELHADO,XX
TELIS,XX
TELLECHEA,XX
TELO,XX
QUINCOZES,XX
QUILICE,XX
TERREMATTE,XX
QUETZ,XX
PYRRHO,XX
PYLRO,XX
TESSMANN,DE
PUTON,XX
TESTA,XX
TESTONI,IT
PUSTIGLIONE,XX
PURIFICACAO,XX
PUREZA,XX
PURCINO,XX
PUPPO,XX
TEXEIRA,XX
THADEU,FR
PUPPIM,XX
THEIL,XX
PULCINELLI,IT
PUJOL,XX
PUIGSECK,XX
PUGLIESI,XX
QUADRA,XX
QUADRELLI,IT
TESSER,XX
TERZI,XX
QUEROBIM,XX
TERSO,XX
QUERIDO,XX
QUEMELLI,IT
TERTO,XX
TERTULIANO,XX
TERTULINO,XX
TERUZZI,XX
TESCARI,XX
QUARANTA,XX
QUEIROGA,XX
QUEBAUD,FR
QUAZI,XX
QUATRIN,XX
QUARTIERO,XX
QUAREZEMIN,XX
TESCK,XX
TESKE,XX
TROCCHIA,XX
AARAO,XX
MASSOCO,XX
CAVAMURA,JP
CAVALLI,XX
CAVALLET,FR
CAVALLEIRO,XX
CAVALLARI,XX
CAVALER,XX
CAVALEIRO,XX
CAVADAS,XX
CAUSSI,XX
CAUPER,XX
CAULA,XX
CAUCHO,XX
CATTO,XX
CATTINI,IT
CATTETE,XX
CATRIB,XX
CATRAN,XX
CATRAMBY,XX
CATIRA,XX
CATINI,IT
CATELLI,IT
CATELAN,XX
CATATA,XX
CATANI,XX
CATALDO,XX
CASULA,XX
CAVALLINI,IT
CAVARRA,XX
CELINO,XX
CAVASIN,XX
CELI,XX
CELESTRINI,IT
CELESTE,XX
CELES,XX
CELERI,XX
CELEDON,XX
CELANO,XX
CELANI,XX
CEGLIA,XX
CEDRIM,XX
CEDRAZ,XX
CECHINEL,XX
CECCONELLO,IT
CECCHIN,XX
CECCATO,XX
CEBUKIN,XX
CAZETTA,XX
CAZEIRO,XX
CAZARRE,XX
CAZAROTO,XX
CAZANGI,XX
CAXIAS,XX
CAVLAK,XX
CAVINATTO,XX
CAVECHIA,XX
CASTOR,XX
CASTONGUAY,XX
CASTILHOS,XX
CASTELUCIO,XX
CASARIN,XX
CASARIL,XX
CASARA,XX
CASALI,XX
CASALECCHI,XX
CASAL,XX
CASAIS,XX
CASADO,XX
CARY,XX
CARVALHEIRO,XX
CARVALHEIRA,XX
CARVALHEDO,XX
CARVALHAIS,XX
CARUZO,XX
CARUNCHO,XX
CARUBELLI,IT
CARTUCHO,XX
CARTIER,FR
CARSTEN,XX
CARROLL,XX
CARRISSO,XX
CARRINHO,XX
CARRILIO,XX
CARRIERES,XX
CARRETTIERO,XX
CASAROTTO,IT
CASAS,XX
CASCAES,XX
CASSILHAS,XX
CASTELLAR,XX
CASTELLANOS,XX
CASTELHANO,XX
CASTELANO,XX
CASTEIAO,XX
CASTANO,XX
CASTANHARO,XX
CASTAGNINO,XX
CASTAGNA,XX
CASSOLA,XX
CASSINI,IT
CASSETTARI,XX
CASCALHO,XX
CASSELLI,IT
CASSARO,XX
CASSARA,XX
CASSANELLI,IT
CASSA,XX
CASIMIRO,XX
CASEMIRO,XX
CASELLI,IT
CASEIRO,XX
CASCINE,XX
CASCARDO,XX
CELICH,XX
CELLINI,IT
EGGERS,XX
CHINALIA,XX
CHIGNALIA,XX
CHIELE,XX
CHICAYBAN,XX
CHICATTO,XX
CHIARI,XX
CHIARADIA,XX
CHIARA,XX
CHIAPPINI,IT
CHIAPIM,XX
CHIANELLO,IT
CHIANCA,XX
CHIAMULERA,XX
CHIAMENTI,XX
CHIABAI,XX
CHEVRAND,XX
CHEUNG,XX
CHERNAVSKY,XX
CHERINI,IT
CHERIN,XX
CHEREM,XX
CHERCI,XX
CHELINI,IT
CHELFO,XX
CHEIRAN,XX
CHEIM,DE
CHIMPLIGANOND,XX
CHINI,IT
CENTELHAS,XX
CHIOSSI,XX
CIDRAO,XX
CIDRAL,XX
CICILIANO,XX
CICARINI,IT
CIBILLO,ES
CIBEIRA,XX
CIARLINI,IT
CIAGLIA,XX
CHUY,XX
CHRYSOSTOMO,XX
CHRISTOFIDIS,XX
CHRISTOFARO,XX
CHRISTINO,XX
CHRISTENSEN,XX
CHRISTELLO,IT
CHRIST,XX
CHRISPINO,XX
CHRISOSTOMO,XX
CHOQUE,XX
CHOLLET,FR
CHOAS,XX
CHO,XX
CHNAIDERMAN,XX
CHIUCHETTA,XX
CHIRENTI,XX
CHEHAB,XX
CHEDEAK,XX
CHECCUCCI,XX
CHECCHIO,XX
CHAHINE,XX
CHAHIN,XX
CHAGNON,XX
CHAFRAN,XX
CHAER,XX
CHADID,XX
CHACRA,XX
CHAAR,XX
CESETTI,IT
CESCO,XX
CESCA,XX
CESARINO,XX
CESA,XX
CERVINI,IT
CERVEIRA,XX
CERVANTES,XX
CERRI,XX
CERRA,XX
CERISARA,XX
CERGINER,XX
CERESER,XX
CERCEAU,FR
CERAVOLO,XX
CEOTTO,IT
CENTENO,XX
CHAIBUE,XX
CHAIM,XX
CHALEGRE,XX
CHARDULO,XX
CHECCHIA,XX
CHEADE,XX
CHAYM,XX
CHAVEIRO,XX
CHATES,XX
CHATEL,XX
CHASTINET,FR
CHASTALO,XX
CHASSE,XX
CHASIN,XX
CHARRONE,XX
CHARAO,XX
CHALES,XX
CHAPPAZ,XX
CHAPIEWSKI,XX
CHAPADENCE,XX
CHANTAL,XX
CHANSIS,XX
CHANG,XX
CHAMY,XX
CHAMPLONI,IT
CHAMI,XX
CHAMBLAS,XX
CHAMAHUM,XX
CARRETEIRO,XX
CARRERA,XX
CARRELAS,XX
CAMELI,XX
CAMAROTTO,IT
CAMAROTTI,IT
CAMARDELLI,IT
CAMARDELLA,IT
CAMARCO,XX
CAMARAGIBE,XX
CAMANDAROBA,XX
CALVETI,XX
CALVETE,XX
CALPINEIRO,XX
CALOU,XX
CALONGA,XX
CALONEGO,XX
CALLOT,FR
CALLAS,XX
CALLAO,XX
CALIXTRE,XX
CALISTRO,XX
CALIGARIS,XX
CALICCHIO,XX
CALIARI,XX
CALIANI,XX
CALHEIRO,XX
CALHAU,XX
CALGARO,XX
CAMBUI,XX
CAMELIER,FR
CARREIRA,XX
CAMERIERI,IT
CANADO,XX
CANABARRO,XX
CAMY,XX
CAMURCA,XX
CAMPOREZ,ES
CAMPONOGARA,XX
CAMPOLINO,XX
CAMPOLEONI,IT
CAMPOI,XX
CAMPO,XX
CAMPIOLO,XX
CAMPINHO,XX
CAMPINAS,XX
CAMPEDELLI,IT
CAMPBELL,XX
CAMPARIM,XX
CAMPANHOLE,XX
CAMPANHARO,XX
CAMPANHA,XX
CAMPANELLA,IT
CAMPANARIO,XX
CAMPAGNUCIO,XX
CAMPAGNOLLO,ES
CAMPAGNOLLI,XX
CAMINI,IT
CALENTE,XX
CALEGARIO,XX
CALEGARE,XX
CALEFFI,XX
CABO,XX
CABIRTA,XX
CABIDOLUSSO,XX
CABIANCA,XX
CABELLO,IT
CABECAS,XX
CABECA,XX
CABANNE,XX
BYRRO,XX
BUZINHANI,XX
BUTTES,XX
BUTTEL,XX
BUTKENICIUS,XX
BUSTAMANTE,XX
BUSSMANN,DE
BUSSAD,XX
BUSETTI,IT
BUSCH,XX
BUSCACIO,XX
BUSATO,XX
BURTET,FR
BURNETT,XX
BURLET,FR
BURLE,XX
BURGER,XX
CABOCLO,XX
CABON,XX
CABORGES,XX
CAIAFA,XX
CALDERON,XX
CALDERIPE,XX
CALDERARO,XX
CALAZA,XX
CALANDRINI,IT
CALAM,XX
CALACA,XX
CAJAZEIRA,XX
CAJADO,XX
CAIO,XX
CAILLAUX,FR
CAFE,XX
CACAIS,XX
CAETITE,XX
CAEIRO,XX
CADILHE,XX
CADETE,XX
CADENGUE,XX
CADAVAL,XX
CACHOEIRO,XX
CACHOEIRA,XX
CACHEFFO,XX
CACHAPUZ,XX
CACAU,XX
CANAES,XX
CANANI,XX
CANARIO,XX
CARAMURU,XX
CARIUS,XX
CARITATO,XX
CARISIO,XX
CARIOCA,XX
CARIGLIA,XX
CARIDADE,XX
CARIANI,XX
CARGNELUTTI,XX
CARDOTE,XX
CARDONA,XX
CARDINS,XX
CARDIN,XX
CARDILLO,ES
CARDILLI,XX
CARDILIQUIO,XX
CARDIAL,XX
CARDIA,XX
CARCANO,XX
CARBONI,IT
CARBONERI,XX
CARBONARE,XX
CARBONAR,XX
CARAVELLAS,XX
CARAVALLO,ES
CARAPITO,XX
CARLESSO,XX
CARLET,FR
CARLETTI,IT
CAROSIA,XX
CARREGARO,XX
CARREGAL,XX
CARRARO,XX
CARRARA,XX
CARRANCHO,XX
CARRAMAO,XX
CARRACENA,XX
CARQUEIJEIRO,XX
CARPES,XX
CARPENTER,XX
CAROZZO,XX
CAROLINO,XX
CARLETTO,IT
CARNAVAL,XX
CARMONA,XX
CARMINE,XX
CARMINATI,XX
CARMELO,XX
CARLYLE,XX
CARLSON,XX
CARLOTTO,IT
CARLOTO,XX
CARLOTA,XX
CARLOSSO,XX
CARAPINA,XX
CARAMAO,XX
CANARY,XX
CARAMALHO,XX
CANTARELLI,IT
CANTALICE,XX
CANTADORI,XX
CANSANCAO,XX
CANONGIA,XX
CANO,XX
CANNABRAVA,XX
CANICALI,XX
CANHOLI,XX
CANHAS,XX
CANEVER,XX
CANESCHI,XX
CANEPPA,XX
CANELLA,IT
CANELAS,XX
CANEDA,XX
CANDIOTTO,IT
CANDIA,XX
CANDELORO,XX
CANDEAS,XX
CANDATEN,XX
CANDAL,XX
CANCIO,XX
CANAZZA,XX
CANAVARROS,XX
CANTARINI,IT
CANTONI,IT
CANTU,XX
CAPISTRANO,XX
CARACUSCHANSKI,XX
CARACCIOLO,XX
CAR,XX
CAPUTTI,XX
CAPUTO,XX
CAPUCHO,XX
CAPTIVO,XX
CAPRARIO,XX
CAPPARELLI,IT
CAPORALINI,IT
CAPITA,XX
CAPINGOTE,XX
CANTUARIO,XX
CAPIBARIBE,XX
CAPELUCCI,XX
CAPELOS,XX
CAPELETTI,IT
CAPELA,XX
CAPDEVILLE,FR
CAPAZ,XX
CAPARELLI,IT
CANZIANI,XX
CANUTES,XX
CANUT,XX
CIDREIRA,XX
CIESLAK,XX
CIMINI,IT
DEMIN,XX
DEMETRIO,XX
DEMARCHI,XX
DEMACHKI,XX
DELVECHIO,XX
DELUCHEY,XX
DELPUPO,XX
DELPHIM,XX
DELOSANDES,XX
DELOGO,XX
DELMESTRE,XX
DELMAS,XX
DELLAGOSTIN,XX
DELGOBO,XX
DELFIM,XX
DELFES,XX
DELEVATI,XX
DELDUQUE,XX
DELDUCA,XX
DELCOLLI,XX
DELAMONICA,XX
DELAGE,XX
DELACORTE,XX
DELABIE,XX
DEJOS,XX
DEIRO,XX
DEMIAN,XX
DEMORI,JP
DALCOMUNI,XX
DEMORO,XX
DEZAN,XX
DEWANTIER,FR
DEVITTE,XX
DEVIDE,XX
DETTMER,XX
DETONI,IT
DETMERING,XX
DETERS,XX
DESTRO,XX
DESSBESEL,XX
DEROSA,XX
DERNIER,FR
DERIZANS,XX
DERISSO,XX
DERENNE,XX
DEPRIEST,XX
DEPOLLO,ES
DEPIZZOLATTI,XX
DEPIERI,IT
DEPIANTI,XX
DENOZOR,XX
DENICOL,XX
DENARDI,XX
DENADAI,XX
DEMOS,XX
DEGASPARI,XX
DEFORME,XX
DEFELIPPE,XX
DECOTTIGNIES,XX
DANIELLI,IT
DANGELO,XX
DANELUSSI,XX
DANCIGER,XX
DAMINELLO,IT
DAMINELLI,IT
DAMIN,XX
DAMICO,XX
DAMIAO,XX
DAMIANI,XX
DAMETTO,IT
DAMAZO,XX
DAMASCO,XX
DAMAS,XX
DAMADO,XX
DALVI,XX
DALMONECH,XX
DALLOSSI,XX
DALLORTO,XX
DALLAROSA,XX
DALLAPORTA,XX
DALLAPICOLA,XX
DALLAGNOL,XX
DALFRE,XX
DALFORNI,XX
DANNA,XX
DANTA,XX
DAPIEVE,XX
DASSIE,XX
DECKER,XX
DECIO,XX
DECHICHI,XX
DEBORTOLI,XX
DEBONI,IT
DEBONE,XX
DEANHAIHA,XX
DAY,XX
DAVILA,XX
DAUFENBACH,DE
DAUBER,XX
DARZE,XX
DARA,XX
DARWICH,XX
DARUI,XX
DARUB,XX
DARRIGO,XX
DARRE,XX
DARQUES,XX
DAROSI,XX
DARONCH,XX
DARNET,FR
DARDE,XX
DARBAN,XX
DEZERTO,XX
DIAMANTINO,XX
DIANA,XX
DORILEO,XX
DUNCAN,XX
DUMOULIN,XX
DUMARESQ,XX
DULLIUS,XX
DUIM,XX
DUHART,XX
DUDEQUE,XX
DUCHTING,XX
DUCCI,XX
DUCATI,XX
DUBEUX,FR
DUAVY,XX
DUAR,XX
DRIGO,XX
DREUX,FR
DRESCHER,XX
DREGER,XX
DRECHSEL,XX
DRANKA,XX
DRAGO,XX
DRAGHETTI,IT
DOWLING,XX
DOVIAL,XX
DORRIGO,XX
DOROW,XX
DUNLOP,XX
DUPIN,XX
DUPONT,XX
EBELING,XX
EFFREN,XX
EDUAO,XX
ECKSTEIN,DE
ECKARDT,XX
ECK,XX
ECHEVERRIA,XX
ECHEVENGUA,XX
ECHES,XX
ECCARD,FR
ECA,XX
EBNER,XX
EARP,XX
DUQUES,XX
DYTZ,XX
DYNKOWSKI,XX
DWYER,XX
DUSSONI,IT
DURSO,XX
DURLI,XX
DURE,XX
DURCE,XX
DURAT,XX
DURAO,XX
DURANTE,XX
DOROTEU,FR
DORIGO,XX
DIANOVSKY,XX
DORIGHETO,XX
DIRSCHNABEL,XX
DIRK,XX
DIREITO,XX
DIOZA,XX
DIORIO,XX
DIODATO,XX
DINO,XX
DINIS,XX
DINATALE,XX
DIMURO,XX
DIMAS,XX
DILASCIO,XX
DIETZSCH,XX
DIETER,XX
DIESEL,XX
DIENSTMANN,DE
DIEL,XX
DIEDRICH,XX
DIDONET,FR
DIDOFF,XX
DIDIER,FR
DICKMANN,DE
DICHOFF,DE
DIB,XX
DIARTE,XX
DISARZ,XX
DISCACCIATI,XX
DISLICH,XX
DONAIRE,XX
DORES,XX
DORANTI,XX
DORA,XX
DONZA,XX
DONTAL,XX
DONEGA,XX
DONEDA,XX
DONE,XX
DONDELLI,IT
DONCKT,XX
DONALD,XX
DONA,XX
DISLIOSKI,XX
DOMINICALE,XX
DOMENICI,XX
DOMANSKI,XX
DOLLINGER,DE
DOLCI,XX
DOLABELLA,IT
DOEHLER,XX
DOCA,XX
DOBROES,XX
DJELBERIAN,XX
DITTZ,XX
DALEPRANE,XX
DALCIM,XX
CINTO,XX
CONTE,XX
CONSTANTINIDIS,XX
CONSTANTE,XX
CONSTANT,XX
CONSONI,IT
CONSOLINE,XX
CONSIDERA,XX
CONSELVAN,XX
CONILL,XX
CONCI,XX
CONCERVA,XX
COMPULSIONE,XX
COMIOTTO,IT
COMINETTI,IT
COMBAT,XX
COMARELLA,IT
COMARELA,XX
COLUCCI,XX
COLTURATO,XX
COLPO,XX
COLONNELLI,IT
COLONNA,XX
COLONESE,XX
COLOMBARI,XX
COLNAGHI,XX
COLLYER,XX
CONTARATO,XX
CONTER,XX
DALCHIAVON,XX
CONTIM,XX
CORRELO,XX
CORRALEIRO,XX
CORONA,XX
CORNETTA,XX
CORNACHINI,IT
CORES,XX
CORDULA,XX
CORCINO,XX
CORCINI,IT
CORBANI,XX
CORAL,XX
CORADINI,IT
CORACA,XX
COPPOLA,XX
COPPINI,IT
COPPIETERS,XX
COPE,XX
CONZATTI,XX
CONTURBIA,XX
CONTRICIANI,XX
CONTRERAS,XX
CONTRERA,XX
CONTREIRAS,XX
CONTO,XX
CONTINI,IT
COLLODEL,XX
COLLI,XX
COLLEONE,XX
COLLE,XX
CLIMACO,XX
CLEM,XX
CLAVIJO,XX
CLAVE,XX
CLAUSELL,XX
CLARINDO,XX
CLARET,FR
CLARA,XX
CLAIN,XX
CIVITARESE,XX
CIVIERO,XX
CITTADINO,XX
CISNEIROS,XX
CISLAGHI,XX
CISILOTTO,IT
CISAR,XX
CIRIMBELLI,IT
CIRICO,XX
CIRELLI,IT
CIRAQUI,XX
CIPOLOTTI,IT
CIPOLLA,XX
CIPOLAT,XX
CIOFFI,XX
CIOCCARI,XX
CLOSS,XX
CLOZEL,XX
CLUA,XX
COITE,XX
COLLANI,XX
COLIN,XX
COLETE,XX
COLEN,XX
COLBANO,XX
COLATINO,XX
COLANTONI,IT
COLAFEMINA,XX
COLACO,XX
COKOTOS,XX
COITINHO,XX
COIMBRAS,XX
CO,XX
COGO,XX
COGGO,XX
COELI,XX
CODO,XX
CODECO,XX
COCICOV,XX
COCENTINO,XX
COCCO,XX
COBUCCIO,XX
COBUCCI,XX
COBRA,XX
CORRENTINO,XX
CORRER,XX
CORSINI,IT
CROCHIK,XX
CYGANCZUK,XX
CYBIS,XX
CUTIGI,XX
CURVELO,XX
CURTOLO,XX
CURTIS,XX
CURTINHA,XX
CURTARELLI,IT
CURSINO,XX
CURCIO,XX
CURCINO,XX
CURBANI,XX
CUNICO,XX
CUNDARI,XX
CUNALI,XX
CULAU,XX
CUKIER,FR
CUIABANO,XX
CUGLIANA,XX
CUGLER,XX
CUFFINI,IT
CUEVO,XX
CUENCA,XX
CUBITS,XX
CUBA,XX
CYLLENO,XX
CYRANKA,XX
CYRILO,XX
DAGNESE,XX
DALCERO,XX
DALBUQUERQUE,XX
DALBOSCO,XX
DALBEM,XX
DALAMARIA,XX
DALAGO,XX
DAKUZAKU,XX
DAJCZER,XX
DAIBES,XX
DAHLKE,XX
DAHDAH,XX
DAGHER,XX
CYSNE,XX
DADOME,XX
DADALTO,XX
DACORSO,XX
DACOL,XX
DACO,XX
DACAS,XX
CZERNOCHA,XX
CZEPAK,XX
CZECZKO,XX
CZARNOBAI,XX
CZARNESKI,XX
CRONEMBERGER,DE
CRIZOSTIMO,XX
CORTE,XX
CRIVES,XX
COVRE,XX
COUY,XX
COUVRE,XX
COURTIAL,XX
COURCIER,FR
COUGO,XX
COUCEIRO,XX
COTICA,XX
COTECCHIA,XX
COSWOSK,XX
COSTELINI,IT
COSTEIRA,XX
COSTARDI,XX
COSSON,XX
COSMO,XX
COSMAI,XX
COSER,XX
COSENZA,XX
CORVELLO,IT
CORVELLHO,XX
CORTONESI,XX
CORTINOVIS,XX
CORTEZZI,XX
CORTEZAO,XX
CORTELINI,IT
COX,XX
COZER,XX
COZZA,XX
CRIPPA,XX
CRIVELLO,IT
CRIVELARO,XX
CRISTOVAM,XX
CRISTOFOLETTI,IT
CRISTOFARI,XX
CRISTIANO,XX
CRISTIANINI,IT
CRISTALDO,XX
CRISTAL,XX
CRISCUOLI,XX
CRISCOLO,XX
CREXI,XX
CRACO,XX
CREVELS,XX
CRESTAN,XX
CRESCENTE,XX
CRENITTE,XX
CREMA,XX
CREAZZO,XX
CRAWFORD,XX
CRAVOS,XX
CRAVALHO,XX
CRAIBANO,XX
CRAESMEYER,DE
BURDMAN,XX
BURBANO,XX
BURAKOUSKI,XX
AZZINI,IT
AZOUBEL,XX
AZEDO,XX
AYUPE,XX
AYMAR,XX
AYER,XX
AYAN,XX
AVIZ,XX
AVILLA,XX
AVEIRO,XX
AVANZO,XX
AVANCO,XX
AVALOS,XX
AUTEIRO,XX
AUSTRIACO,XX
AURICHIO,XX
AUM,XX
AULER,XX
AUHAREK,XX
AUGUSTINHO,XX
AUGUSTIN,XX
AUDI,XX
AUD,FR
AUBYN,XX
ATY,XX
ATTILIO,XX
AZUL,XX
BACAN,XX
ARCURIO,XX
BACCHI,XX
BAIDA,XX
BAICERE,XX
BAIANA,XX
BAHL,XX
BAHIENSE,XX
BAGNOLA,XX
BAGNI,XX
BAGHDASSARIAN,XX
BAGGIO,XX
BAGAGI,XX
BAESSE,XX
BAES,XX
BAENA,XX
BADOLATO,XX
BADIN,XX
BADIA,XX
BADER,XX
BADARANE,XX
BACOVISKI,XX
BACOVIS,XX
BACKES,XX
BACILA,XX
BACHUR,XX
BACHEGA,XX
BACELO,XX
ATHIAS,XX
ATHAYDES,XX
ATHAR,XX
ATHANAZIO,XX
ARRA,XX
AROEIRA,XX
ARNS,XX
ARNHOLD,XX
ARNEIRO,XX
ARNEGGER,XX
ARMOND,XX
ARMINDO,XX
ARMESTO,XX
ARLOTTA,XX
ARIZA,XX
ARISTON,XX
ARISTIDES,XX
ARISI,XX
ARGILES,XX
ARGEL,XX
ARENHART,XX
AREIAS,XX
AREIA,XX
AREDES,XX
ARECO,XX
AREAL,XX
ARDUINI,IT
ARDISSON,XX
ARDIGO,XX
ARRAZ,XX
ARREPIA,XX
ARROYO,XX
ASSENCO,XX
ATHAIDE,XX
ATANES,XX
ATANASIO,XX
ATAN,XX
ATALIBA,XX
ATAIDES,XX
ASTRATH,XX
ASTOLFI,XX
ASTA,XX
ASSMANN,DE
ASSIRATI,XX
ASSENCIO,XX
ARTERO,XX
ASSEF,XX
ASSED,XX
ASSANTE,XX
ASSAD,XX
ASMUS,XX
ASEVEDO,XX
ASCURRA,XX
ASCARI,XX
ASANO,XX
ARUEIRA,XX
ARTHOU,XX
BAILAO,XX
BAILL,XX
BAIRRAL,XX
BARBIER,FR
BARTIJOTTO,IT
BARTHOLOMEU,FR
BARTHELMESS,XX
BARTASSON,XX
BARSAN,XX
BARROTE,XX
BARRIONUEVO,XX
BARRIO,XX
BARRIENTOS,XX
BARRENSE,XX
BARRAO,XX
BARRAL,XX
BARPP,XX
BARO,XX
BARNABE,XX
BARINO,XX
BARI,XX
BAREICHA,XX
BAREA,XX
BARDI,XX
BARDALES,XX
BARDAGI,XX
BARCESSAT,XX
BARCALA,XX
BARBUTO,XX
BARTOLAMEI,XX
BARTOLO,XX
BARTOLOMEI,XX
BATISTI,XX
BAYAO,XX
BAYA,XX
BAXTER,XX
BAUMGARTEN,DE
BAUMBACH,DE
BAUDEL,XX
BAUAB,XX
BATTISTI,XX
BATTILANI,XX
BATTANOLI,XX
BATTAGLIN,XX
BATALHONE,XX
BARTOLOMEU,FR
BATAGLIN,XX
BASTIANI,XX
BASSIN,XX
BASSETTI,IT
BASSAN,XX
BASONI,IT
BASILE,XX
BASANTE,XX
BARWINSKI,XX
BARUSSO,XX
BARUKI,XX
BARBUDA,XX
BARBERINO,XX
BALABAN,XX
BARBAZAN,XX
BALSALOBRE,XX
BALOTIN,XX
BALONECKER,XX
BALLIANA,XX
BALLESTER,XX
BALLEM,XX
BALLARDO,XX
BALKE,XX
BALINSKI,XX
BALESTRINI,IT
BALESTRIN,XX
BALESTERO,XX
BALENSIFER,XX
BALDOW,XX
BALDONI,IT
BALDOINO,XX
BALDISSEROTTO,IT
BALDELLI,IT
BALDAM,XX
BALDAIA,XX
BALBY,XX
BALBELA,XX
BALBAO,XX
BALAS,XX
BALAN,XX
BALSANI,XX
BALZAN,XX
BALZANA,XX
BARAN,XX
BARBATO,XX
BARBATHO,XX
BARBARINO,XX
BARBADO,XX
BARBACENA,XX
BARAVALLE,XX
BARAUNA,XX
BARATELLA,IT
BARARDI,XX
BARANSKI,XX
BARANCELLI,IT
BARALDI,XX
BALZANO,XX
BARACUHY,XX
BARACAT,XX
BARABAN,XX
BAPTISTUCCI,XX
BANTEL,XX
BANNWART,XX
BANKER,XX
BANGOIM,XX
BANCEU,FR
BANASIAK,XX
BAMPI,XX
ARDENGHY,XX
ARCHONDO,XX
BAZANA,XX
ALDA,XX
ALCELINO,XX
ALCAZAR,XX
ALBORGHETTI,IT
ALBO,XX
ALBERTTI,XX
ALBERTONI,IT
ALBERTI,XX
ALBERT,XX
ALBERGARIA,XX
ALBERELO,XX
ALBANI,XX
ALBA,XX
ALARCON,XX
AKUTAGAWA,JP
AKIYAMA,JP
AKIOKA,JP
AKIBA,XX
AKERMAN,XX
AKAICHI,XX
AKAHOSHI,JP
AIZZA,XX
AIVA,XX
AIUTO,XX
AIUB,XX
AITA,XX
ALCOFRA,XX
ALDIGUERI,XX
ARCHANGELO,XX
ALECIO,XX
ALTAVINI,IT
ALQUATI,XX
ALOUFA,XX
ALOISE,XX
ALOI,XX
ALMIRANTE,XX
ALMINO,XX
ALMEDA,XX
ALMAS,XX
ALLGAYER,XX
ALKMIM,XX
ALKIMIM,XX
ALI,XX
ALFRADIQUE,XX
ALFONSO,XX
ALFARO,XX
ALEXOPULOS,XX
ALEXIM,XX
ALEXANDRIA,XX
ALESSANDRO,XX
ALENTEJO,XX
ALENQUER,XX
ALEM,XX
ALELAF,XX
ALEJARRA,XX
AIELLO,IT
AIDE,XX
AICK,XX
AGUSTINI,IT
ACQUA,XX
ACIPRESTE,XX
ACHTSCHIN,XX
ACHEGAUA,XX
ACCETTA,XX
ABUJAMRA,XX
ABUD,XX
ABUCHAIN,XX
ABTIBOL,XX
ABRITTA,XX
ABRAS,XX
ABRANCHES,XX
ABRAMOVITH,XX
ABIZETHE,XX
ABERTONI,IT
ABENSUR,XX
ABELIN,XX
ABEKI,XX
ABDON,XX
ABDO,XX
ABDENUR,XX
ABDALAD,XX
ABBATE,XX
ABBAS,XX
ABBAD,XX
ACQUARONE,XX
ACQUAVIVA,XX
ADAD,XX
AGILAR,XX
AGUSTINHO,XX
AGUILA,XX
AGUENA,XX
AGUDO,XX
AGUAS,XX
AGRICIO,XX
AGRESTA,XX
AGRELOS,XX
AGNOLIN,XX
AGNOL,XX
AGNES,XX
AGERTT,XX
ADAME,XX
AGBE,XX
AGATTE,XX
AGAPTO,XX
AFRIAT,XX
ADRIAO,XX
ADOLPHO,XX
ADEODATO,XX
ADELINO,XX
ADDOR,XX
ADARIO,XX
ADAMOLI,XX
ALTE,XX
ALTHAUS,DE
ALTHOFF,DE
ANGENOT,FR
ANVERSA,XX
ANVERS,XX
ANUTE,XX
ANTOUN,XX
ANTONY,XX
ANTONIUTTI,XX
ANTONIASSI,XX
ANTONIACOMI,XX
ANTONI,IT
ANTONACCIO,XX
ANTON,XX
ANTLOGA,XX
ANTINOLFI,XX
ANTICH,XX
ANTIBAS,XX
ANTELMI,XX
ANTAO,XX
ANSCHAU,XX
ANNUNCIACAO,XX
ANICETO,XX
ANHE,XX
ANHALT,XX
ANGULO,XX
ANGRISANO,XX
ANGOTI,XX
ANVERSI,XX
ANZA,XX
ANZOLIN,XX
ARANDAS,XX
ARCENIO,XX
ARCARO,XX
ARCANGELO,XX
ARC,XX
ARBOES,XX
ARBEX,XX
ARBACHE,XX
ARAS,XX
ARARIPE,XX
ARAPIRACA,XX
ARANOVICH,XX
ARAMAYO,XX
AOKI,XX
ARAKAWA,JP
ARAGAKI,JP
ARADI,XX
ARABIDIAN,XX
APRIA,XX
APOSTOLOS,XX
APOLONIO,XX
APOLONI,IT
APICELO,XX
AOTO,XX
AOLITA,XX
ANGIONI,IT
ANGELUCI,XX
ALTINA,XX
ANGELICO,XX
AMIN,XX
AMIKURA,XX
AMIEL,XX
AMIDANI,XX
AMICO,XX
AMESTOY,XX
AMERICANO,XX
AMENDOLA,XX
AMBROSINI,IT
AMBONI,IT
AMATO,XX
AMARIZ,XX
AMARILHO,XX
AMANTEA,XX
AMANTE,XX
AMAECING,XX
ALZERI,XX
ALWAN,XX
ALVISI,XX
ALVINO,XX
ALVERNE,XX
ALVARO,XX
ALVARIM,XX
ALVA,XX
ALTINO,XX
AMO,XX
AMORA,XX
AMORE,XX
ANDREAZI,XX
ANG,XX
ANEAS,XX
ANDRIOLO,XX
ANDRIGHETTI,IT
ANDRIAZZI,XX
ANDREZA,XX
ANDREUCCI,XX
ANDREOLLA,XX
ANDREOLI,XX
ANDREO,XX
ANDREGHETTO,IT
ANDREA,XX
AMOROSO,XX
ANDRADES,XX
ANDOLFATTO,XX
ANDES,XX
ANDERSEN,XX
ANASTASIA,XX
ANANIAS,XX
ANAIA,XX
ANACLETO,XX
ANABUKI,XX
AMUD,XX
AMPARO,XX
BAZAN,XX
BAZANELLA,IT
BUONAFINA,XX
BORTOLETE,XX
BORSIO,XX
BORSI,XX
BORSALLI,XX
BORRA,XX
BOROWSKI,XX
BOROMELO,XX
BORNHOFEN,XX
BORNATTO,XX
BORN,XX
BORMEVET,FR
BORJA,XX
BORIONI,IT
BORIO,XX
BORIN,XX
BORHER,XX
BORGUESAO,XX
BORGO,XX
BORGNETH,XX
BORGLI,XX
BORGHI,XX
BORGHETTI,IT
BORGA,XX
BORELLI,IT
BORELLA,IT
BORDONI,IT
BORTMAN,XX
BORTOLIN,XX
BOF,XX
BORTOLOTO,XX
BOVE,XX
BOUZADA,XX
BOUZA,XX
BOURSCHEIDT,XX
BOUMANN,DE
BOTTURA,XX
BOTTON,XX
BOTTO,IT
BOTTI,IT
BOTTER,XX
BOTTENTUIT,XX
BOTTECCHIA,XX
BOTH,XX
BOTAN,XX
BOSSONE,XX
BOSSI,XX
BOSSANEL,XX
BOSON,XX
BOSIGER,XX
BOSCHI,XX
BOSCATO,XX
BOSCARINO,XX
BOSCA,XX
BOS,XX
BORTOLOTTO,IT
BORDIN,XX
BORDIM,XX
BORDA,XX
BOOSTEL,XX
BONAMICHI,XX
BONALDO,XX
BONAFE,XX
BONADIO,XX
BONADEO,XX
BON,XX
BOMMAN,XX
BOMBARDI,XX
BOLZANI,XX
BOLWERK,XX
BOLSONI,IT
BOLSONARO,XX
BOLORINI,IT
BOLLIGER,XX
BOLIGIAN,XX
BOLGENHAGEN,XX
BOLDA,XX
BOL,XX
BOKU,XX
BOING,XX
BOIA,XX
BOHUSCH,XX
BOHNERT,XX
BOHLKE,XX
BOGOSSIAN,XX
BONANTE,XX
BONASSOLI,XX
BONATTI,XX
BONHEUR,XX
BONUMA,JP
BONUCCELLI,IT
BONTEMPO,XX
BONSUCESSO,XX
BONSANTO,XX
BONIZZI,XX
BONITESE,XX
BONISSON,XX
BONISSI,XX
BONIOLO,XX
BONIN,XX
BONFIN,XX
BONAVIDES,XX
BONFANTI,XX
BONFADINI,IT
BONETTI,IT
BONET,FR
BONES,XX
BONELLI,IT
BONECKER,XX
BONDUKI,XX
BONCZYNSKI,XX
BONAVITA,XX
BONAVIGO,XX
BOYADJIAN,XX
BOZOLI,XX
BOZZA,XX
BROGNARO,XX
BUBAR,XX
BUARQUE,XX
BRYKALSKI,XX
BRUZZEGUEZ,ES
BRUSTER,XX
BRUST,XX
BRUSCHI,XX
BRUSAMARELLO,IT
BRUNORO,XX
BRUNHOLI,XX
BRUNER,XX
BRUNELLI,IT
BRUNCA,XX
BRUMMELL,XX
BRUINI,IT
BRUIN,XX
BRUGNOLO,XX
BRUCH,XX
BROWN,XX
BROTTO,IT
BROSSMANN,DE
BRONZERI,XX
BRONZEADO,XX
BRONZE,XX
BROMBILLA,XX
BUBLITZ,XX
BUCCOLO,XX
BUCH,XX
BUIM,XX
BUNN,XX
BUNGART,XX
BUNDCHEN,XX
BUNA,XX
BULSING,XX
BULLA,XX
BULHAO,XX
BULE,XX
BULCAO,XX
BUKIEWICZ,XX
BUJOKAS,XX
BUHLMANN,DE
BUCHHNO,XX
BUHATEM,XX
BUGLIA,XX
BUGALHO,XX
BUFULIN,XX
BUFFON,XX
BUESS,XX
BUDZIAK,XX
BUDNY,XX
BUCKINGHAM,XX
BUCIOLI,XX
BUCHNER,XX
BROLLO,ES
BROGIO,XX
BRACALE,XX
BRODAY,XX
BRAZILINO,XX
BRAYN,XX
BRAUNSTEIN,DE
BRAUM,XX
BRAULE,XX
BRATZ,XX
BRASAO,XX
BRAQUEHAIS,XX
BRANQUINHO,XX
BRANJAO,XX
BRANDI,XX
BRANDES,XX
BRANDELERO,XX
BRANDALISE,XX
BRAND,XX
BRANCHES,XX
BRANCA,XX
BRAMBILLA,XX
BRAIT,XX
BRAIDO,XX
BRAGHINI,IT
BRAGANHOLO,XX
BRAGAGNOLO,XX
BRADACZ,XX
BRACCI,XX
BREA,XX
BREANCINI,IT
BREITBACH,DE
BRISOLA,XX
BROD,XX
BROCKER,XX
BROCCO,XX
BROCCHI,XX
BROCCA,XX
BRIZUENA,XX
BRIZOLLA,XX
BRIZANTE,XX
BRIVIO,XX
BRITZKE,XX
BRISOLLA,XX
BRIOZO,XX
BRELAZ,XX
BRIOSCHI,XX
BRIONES,XX
BRIGGS,XX
BRIAO,XX
BREWER,XX
BREUS,XX
BRETERNITZ,XX
BRESSANIN,XX
BRESCIANI,XX
BRENTANO,XX
BREMER,XX
BOGARIM,XX
BOETTGE,XX
BAZARIM,XX
BENNEMANN,DE
BENKENDORF,XX
BENJAMIN,XX
BENJAMIM,XX
BENISHEVA,XX
BENINI,IT
BENICIO,XX
BENGUIGUI,XX
BENFEITAS,XX
BENFATTI,XX
BENEVOLO,XX
BENEVENTE,XX
BENEMANN,DE
BENEDICTO,XX
BENEDET,FR
BENDO,XX
BENDELAQUE,XX
BEND,XX
BENARROSH,XX
BENAQUIO,XX
BENAC,XX
BELY,XX
BELUZO,XX
BELTRAMINI,IT
BELTRAMIM,XX
BELTRAM,XX
BENLOLO,XX
BENNET,FR
BOERNER,XX
BENON,XX
BERNSMANN,DE
BERNINI,IT
BERNHARD,FR
BERNARDIS,XX
BERNARDINA,XX
BERNABO,XX
BERMUDEZ,ES
BERMUDES,XX
BERLITZ,XX
BERLINI,IT
BERLENDIS,XX
BERLANDA,XX
BERGAMINI,DE
BERGAMIM,DE
BERGAMASCHI,DE
BEREZOVSKY,XX
BERENSZTEJN,XX
BEREJUCK,XX
BERCOT,FR
BERBEL,XX
BENZECRY,XX
BENVENUTI,XX
BENTINHO,XX
BENTIN,XX
BENTHIEN,XX
BELONI,IT
BELOCHIO,XX
BELMUDES,XX
BELMONT,FR
BEIER,FR
BEHRENSDORF,XX
BEHR,XX
BEHLING,XX
BEGNINI,IT
BEGGIORA,XX
BEDUSCHI,XX
BEDRAN,XX
BEDNASKI,XX
BEDIN,XX
BEDIM,XX
BEDERODE,XX
BEDENDO,XX
BEDAQUI,XX
BEDA,XX
BECKMANN,DE
BECKLER,XX
BECKERT,XX
BECKERATH,XX
BECHTOLD,XX
BECHARA,JP
BECEVELI,XX
BAZZI,XX
BAZOTTI,IT
BAZILIO,XX
BEIL,XX
BEIRAL,XX
BEIRAO,XX
BELEZA,XX
BELMAR,XX
BELLY,XX
BELLUCCI,XX
BELLOC,XX
BELLINI,IT
BELLINELLO,IT
BELLINATI,XX
BELINGER,DE
BELGRANO,XX
BELGA,XX
BELFORT,FR
BELETI,XX
BEIRE,XX
BELEGOTI,XX
BELEBONI,IT
BELATO,XX
BELART,XX
BELANCON,XX
BELAN,XX
BELAIDI,XX
BEKHIT,XX
BEJDER,XX
BEJA,XX
BEIRIZ,XX
BERSCH,XX
BERSSANETTE,XX
BERTAO,XX
BILEK,XX
BIZARRO,XX
BIULCHI,XX
BITZKI,XX
BITTE,XX
BITTAR,XX
BITELLI,IT
BISSOLI,XX
BISSOL,XX
BISSI,XX
BISCONSIN,XX
BISCHOFF,DE
BISCAIA,XX
BIRNBAUM,DE
BIRCK,XX
BIONDI,XX
BIO,XX
BINOTI,XX
BINO,XX
BINET,FR
BINDER,XX
BINDA,XX
BINATTO,XX
BILLI,XX
BILIBIO,XX
BILHEU,FR
BIZIAK,XX
BLACKMAN,XX
BLACKMON,XX
BOBERMIN,XX
BOENTE,XX
BOEMO,XX
BOEHS,XX
BOECHEL,XX
BODNAR,XX
BOCORNY,XX
BOCHECO,XX
BOCCOMINO,XX
BOCARDE,XX
BOCAGE,XX
BOCADO,XX
BOAES,XX
BLANC,XX
BO,XX
BLUME,XX
BLOS,XX
BLOOMFIELD,XX
BLOISE,XX
BLOCK,XX
BLOCH,XX
BLENGINI,IT
BLEIL,XX
BLANK,XX
BLANDO,XX
BILESSIMO,XX
BILCATI,XX
BERTAZO,XX
BIGUIDEDE,XX
BEUX,FR
BEUTER,XX
BETTONI,IT
BETTINI,IT
BETTARELLO,IT
BETAT,XX
BET,FR
BESTEIRO,XX
BESIGHINI,IT
BESEKE,XX
BESCHORNER,XX
BESADA,XX
BERWANGER,XX
BERTUOL,XX
BERTUNES,XX
BERTULINO,XX
BERTOQUI,XX
BERTOLIN,XX
BERTOLI,XX
BERTOLDO,XX
BERTOLASSE,XX
BERTOLANI,XX
BERTOLACCINI,IT
BERTOL,XX
BERTELLI,IT
BEVILACQUA,XX
BEWIAHN,XX
BEYERSTEDT,XX
BICHO,XX
BIGOLIN,XX
BIGNAMI,XX
BIGIO,XX
BIGARELI,XX
BIFFI,XX
BIFANO,XX
BIERRENBACH,DE
BIERHALS,XX
BIENE,XX
BIELUCZYK,XX
BIELENKI,XX
BICCA,XX
BEZ,ES
BIAZOLI,XX
BIAZATTI,XX
BIAVATI,XX
BIASOTTO,IT
BIASI,XX
BIANECKI,XX
BIANCHETTI,IT
BIANCH,XX
BIANCARDI,XX
BIAGGI,XX
BIAGE,XX
EGGER,XX
EGIMA,XX
MASSARO,XX
KLINGENFUSS,XX
KLIEMANN,DE
KLEY,XX
KLEN,XX
KLEMENCHUK,XX
KLEINLEIN,XX
KLEINE,XX
KLEIMAN,XX
KLEEBANK,XX
KLAVER,XX
KLAUTAU,XX
KLAFKE,XX
KITNER,DE
KITANI,XX
KITAGAWA,JP
KIST,XX
KISSNER,XX
KISSMANN,DE
KISE,XX
KISCHLAT,XX
KIRSCHNER,XX
KIRSCH,XX
KIRCHNER,XX
KIRCHHOF,XX
KILL,XX
KIHARA,JP
KLIEWER,XX
KLINGL,XX
KOELER,XX
KLINOVSKI,XX
KOCK,XX
KOCIAN,XX
KOCHHANN,XX
KOCHE,XX
KOCH,XX
KOBE,XX
KNUPP,XX
KNOPP,XX
KNOPF,XX
KNOLL,XX
KNOELLER,XX
KNOB,XX
KNIHS,XX
KNEIPP,XX
KNABEM,XX
KLUPPEL,XX
KLUGE,XX
KLUG,XX
KLOTZ,XX
KLOSTER,XX
KLOSS,XX
KLOSOVSKI,XX
KLOPSCH,XX
KLOH,XX
KLOC,XX
KIESSLING,XX
KIESSLER,XX
KIERSZENBAUM,DE
KIERECZ,XX
KAUAM,XX
KATZER,XX
KATO,XX
KATEIVAS,XX
KATAOKA,JP
KASTRUP,XX
KASTER,XX
KARVAT,XX
KARSAKLIAN,XX
KARRAZ,XX
KAROLY,XX
KARKOW,XX
KARKOUS,XX
KAPPLER,XX
KAPPES,XX
KAPPER,XX
KAPCZINSKI,XX
KANNO,XX
KANGUSSU,XX
KANEZAKI,JP
KANEKO,XX
KAMIO,XX
KAMINSKI,XX
KAMIMURA,JP
KAMIKAWACHI,XX
KAUER,DE
KAUFMAN,XX
KAWAGUCHI,JP
KESKE,XX
KIEL,XX
KIEFER,XX
KICHEL,XX
KIBINO,XX
KIAPUCHINSKI,XX
KHOURY,XX
KHERANI,XX
KHENAIFES,XX
KHECHEH,XX
KHALIL,XX
KESSLER,XX
KERSTEN,XX
KAWAHARA,JP
KERINSKA,XX
KERBER,XX
KENNE,XX
KEHL,XX
KECHINSKI,XX
KAYA,XX
KAY,XX
KAWATA,XX
KAWASHITA,XX
KAWASE,XX
KAWAMURA,JP
KODAIRA,XX
KOERICH,XX
EGLER,XX
LABANCA,XX
KWIATKOWSKI,XX
KWECKO,XX
KWASINSKI,XX
KWANG,XX
KWAN,XX
KVITKO,XX
KUZE,XX
KUX,XX
KUWAHARA,JP
KUSS,XX
KURZ,XX
KURRLE,XX
KUROKAWA,JP
KURKA,XX
KURIYAMA,JP
KURIQUI,XX
KURIKI,XX
KURIBAYASHI,JP
KURIAKI,JP
KURBAN,XX
KURANAGA,JP
KUPPENS,XX
KUPERCHMIT,XX
KUNTZE,XX
KUNKEL,XX
LAASS,XX
LABRADA,XX
KOESTER,XX
LABRUJO,XX
LAMEU,FR
LAMEIRAO,XX
LAMBERTS,XX
LAMBERT,XX
LAMBACK,XX
LAMB,XX
LAMAZIERE,XX
LAMARCA,XX
LAMAR,XX
LALLA,XX
LAHSEN,XX
LAHAS,XX
LAHAM,XX
LAGROTTA,XX
LAGRANHA,XX
LAGOS,XX
LAGOA,XX
LAFIN,XX
LAFERTE,XX
LAEBER,XX
LACOMBE,XX
LACHTERMACHER,XX
LACAVA,XX
LACATIVA,XX
LABUTO,XX
KUNDRAT,XX
KUNDE,XX
KUMAR,XX
KUMAIRA,XX
KOSCHECK,XX
KOSBIAU,XX
KORMANN,DE
KORINFSKY,XX
KORELL,XX
KOPILER,XX
KONTA,XX
KONS,XX
KONIG,XX
KOMNISKI,XX
KOMENO,XX
KOMATSU,JP
KOLTERMANN,DE
KOLT,XX
KOLOGESKI,XX
KOLLING,XX
KOLBERG,DE
KOKETSU,XX
KOIKE,XX
KOIFMAN,XX
KOHN,XX
KOHATSU,JP
KOGUT,XX
KOGLIN,XX
KOGACHI,XX
KOSCHIER,FR
KOSCIANSKI,XX
KOTHE,XX
KRUG,XX
KULLMANN,DE
KULESZA,XX
KULAIF,XX
KUIPERS,XX
KUDO,XX
KUCHENBECKER,XX
KUBRUSLY,XX
KUBO,XX
KSIASZCZYK,XX
KRUSE,XX
KRUPP,XX
KROPF,XX
KOVAGS,XX
KREUTZFELD,DE
KRAUSPENHAR,XX
KRAUSE,XX
KRATOCHWILL,XX
KRAJEVSKI,XX
KRAINSKI,XX
KRAEMER,XX
KOZAKEVICIUS,XX
KOYAMA,JP
KOX,XX
KOVALJSKI,XX
KAMI,XX
KAMEI,XX
KAMCHEN,XX
IOP,XX
INUMARU,JP
INTROINE,XX
INOCENTES,XX
INOCENCIO,XX
INNECCO,XX
INHAQUITES,XX
INES,XX
INCERTI,XX
INAJOSA,XX
INADA,XX
IMHOF,XX
IMBUZEIRO,XX
IMAKAWA,JP
IKUMA,JP
IKINO,XX
IKESHOJI,XX
IKARI,XX
IJICHI,XX
IIMA,XX
IHJAZ,XX
IHARA,JP
IGNATIOS,XX
IGNA,XX
IGLECIAS,XX
IGAYARA,XX
IOCCA,XX
IORIO,XX
KAMBARA,XX
IPOLITO,XX
IUSEM,XX
IUNG,XX
ITRIA,XX
ITAPA,XX
ITALIANO,XX
ITABORAHY,XX
ISOLAN,XX
ISOBE,XX
ISIDORO,XX
ISIDIO,XX
ISHIZUKA,JP
ISHIKAWA,JP
ISHIGAI,XX
ISHIDA,JP
ISHAK,XX
ISEKI,XX
ISCHABER,XX
ISBARROLA,XX
IRMAO,XX
IRIGARAY,XX
IRENE,XX
IRAMINA,XX
IRALA,XX
IQUEDA,XX
IPUCHIMA,JP
IGARASHI,JP
IFRAN,XX
IENSEN,XX
IENICHAKI,JP
HOYER,XX
HOWES,XX
HOUAISS,XX
HOSOKAWA,JP
HOSKIN,XX
HOSHINO,XX
HOSDA,XX
HOSANNAH,XX
HORWACZ,XX
HORTEGAL,XX
HORT,XX
HORST,XX
HOROVITS,XX
HORNA,XX
HORN,DE
HORBACH,DE
HOPPE,XX
HOPNER,XX
HONESKO,XX
HONDA,XX
HONAISER,XX
HONAIN,XX
HOMEROD,XX
HOMENA,XX
HOMEM,XX
HOYLER,XX
HREISEMNOU,XX
HRYNIEWICZ,XX
HUNGRIA,XX
IDE,XX
IBITURUNA,XX
IBARRA,XX
IBANEZ,ES
IARA,XX
IANNONI,IT
IANNINI,IT
HYARIC,XX
HUZIWARA,XX
HUPPES,XX
HUNING,XX
HUNDERTMARCK,XX
HSU,XX
HUMBERTO,XX
HULLER,DE
HUHOLD,XX
HUGO,XX
HUFF,XX
HUDSON,XX
HUBNER,XX
HUBLER,XX
HUBERT,XX
HUBAIDE,XX
HUAPAYA,XX
IVANOSKI,XX
IVO,XX
IWABUCHI,JP
JOHNSON,XX
JURGINA,XX
JURASKI,XX
JUNIO,XX
JUNGES,XX
JUNGER,XX
JUNES,XX
JUNCKES,XX
JULIEN,XX
JULIATTO,XX
JULIANO,XX
JUKEMURA,JP
JUIZ,XX
JUEN,XX
JUBRAN,XX
JUBE,XX
JUAREZ,ES
JOVER,XX
JOUCOSKI,XX
JOTA,XX
JOSUE,XX
JOSINO,XX
JORNADA,XX
JORDINO,XX
JOPPI,XX
JOPPERT,XX
JURITI,XX
JURUBEBA,XX
JUSTA,XX
KAFURI,XX
KAMADA,XX
KALISKI,XX
KALIL,XX
KAKITANI,XX
KAKINOHANA,XX
KAKIMOTO,JP
KAKEHASI,XX
KAISER,XX
KAIMOTI,XX
KAIESKI,XX
KAI,XX
KAFFLER,XX
JUSTEN,XX
KADRE,XX
KADDOUM,XX
KABUTAKAPUA,XX
KABOUDI,XX
KAARI,XX
JUZINSKAS,XX
JUVINO,XX
JUVENCIO,XX
JUTZET,FR
JUSTINIANO,XX
JUSTI,XX
JONSSON,XX
JOHANN,XX
IWAKAWA,JP
JOCA,XX
JANDIROBA,XX
JAMMAL,XX
JAMES,XX
JAHEL,XX
JAHARA,JP
JAGUAR,XX
JAEGGER,XX
JAEGGE,XX
JACOUB,XX
JACOMO,XX
JACOMINO,XX
JACOBSEN,XX
JACOBINA,XX
JACKSON,XX
JACCOUD,XX
JABOUR,XX
JABER,XX
JABALI,XX
IZUIBEJERES,XX
IZEL,XX
IZAWA,JP
IZAR,XX
IZAIAS,XX
IZAGUIRRES,XX
IWAKIRI,XX
JANDREY,XX
JANINI,IT
JANK,XX
JEPSEN,XX
JOBIM,XX
JOBA,XX
JO,XX
JINYUN,XX
JIMENEZ,ES
JEZUZ,XX
JEZINI,IT
JESUZ,XX
JERUSALEM,XX
JERONYMO,XX
JEREISSATI,XX
JENSEN,XX
JANSSEN,XX
JENNINGS,XX
JENNE,XX
JELITA,XX
JELEZNHAK,XX
JAZBIK,XX
JAYME,XX
JARCEM,XX
JAPUR,XX
JAPPE,XX
JAPIASSU,XX
JANTORNO,XX
LAMOUR,XX
LAMPERT,XX
LAMPERTI,XX
MANES,XX
MANENTI,XX
MANDU,XX
MANATTA,XX
MANATA,XX
MANAIA,XX
MAMUD,XX
MAMONE,XX
MAMONA,XX
MAMEDIO,XX
MAMANN,DE
MAMANI,XX
MALVAR,XX
MALVA,XX
MALULY,XX
MALTY,XX
MALTONI,IT
MALINOVSKI,XX
MALHAO,XX
MALFUSSI,XX
MALFACINI,IT
MALETTA,XX
MALDANER,XX
MALCHER,XX
MALASZKIEWICZ,XX
MALASPINA,XX
MANERA,XX
MANFIO,XX
MACA,XX
MANFREDINI,IT
MAPELLI,IT
MAOSKI,XX
MANZONI,IT
MANZOLLI,XX
MANZOLILLO,ES
MANZOCHI,XX
MANZO,XX
MANZI,XX
MANZ,XX
MANTOVANELI,XX
MANTILLA,XX
MANTELLI,IT
MANTA,XX
MANSOR,XX
MANSOLDO,XX
MANSANO,XX
MANNO,XX
MANNARINO,XX
MANN,DE
MANICA,XX
MANHICA,XX
MANGUALDE,XX
MANGEON,XX
MANGELA,XX
MANFRINI,IT
MALANSKI,XX
MALAN,XX
MALAGUTI,XX
MALAFAIA,XX
MAGDESIAN,XX
MAGDALENO,XX
MAGANHI,XX
MAFIOLETTI,IT
MAFFIOLETTI,IT
MAFEI,XX
MAEHLER,XX
MAEHARA,JP
MADY,XX
MADURO,XX
MADUREIRO,XX
MADRID,XX
MACULO,XX
MACOLA,XX
MACKEDANZ,XX
MACKE,XX
MACIENTE,XX
MACHULIS,XX
MACHARETH,XX
MACERA,XX
MACARINI,IT
MACALINI,IT
MACALAO,XX
MACACINI,IT
MACABU,XX
MAGGESSY,XX
MAGGI,XX
MAGGINI,IT
MAIORINO,XX
MALACRIDA,XX
MAKUXI,XX
MAKSOUD,XX
MAKRAY,XX
MAKOWIECKI,XX
MAKHOUL,XX
MAKARA,XX
MAJACUNDE,XX
MAIURINO,XX
MAISSNER,XX
MAISSIAT,XX
MAIOLINO,XX
MAGNEZI,XX
MAIOLINI,IT
MAINIERI,IT
MAIEVES,XX
MAIERA,XX
MAIELLO,IT
MAIBORODA,XX
MAI,XX
MAHFOUD,XX
MAGRIN,XX
MAGRI,XX
MAGOSSI,XX
MAQUINE,XX
MARACABA,XX
MARAFON,XX
MARQUET,FR
MARTININGUI,XX
MARTINHO,XX
MARTINHAO,XX
MARTINGO,XX
MARTINELLO,IT
MARTINELLE,XX
MARTINELI,XX
MARTINA,XX
MARTILDES,XX
MARTIGNONI,IT
MARTHA,XX
MARTELO,XX
MARTELLOTE,XX
MARTELLO,IT
MARTA,XX
MARSOLA,XX
MARSICO,XX
MARSHALL,XX
MARRUCHE,XX
MARROQUIM,XX
MARRASCHI,XX
MARRANGHELLO,IT
MARRACCINI,IT
MARQUIORI,XX
MARQUINI,IT
MARTINO,XX
MARTINY,XX
MARTIOLI,XX
MARZARI,XX
MASSAPINA,XX
MASSAMBANI,XX
MASSAFERA,XX
MASILI,XX
MASETTO,IT
MASELLO,IT
MASCHIO,XX
MASCENA,XX
MASCARO,XX
MASCARENAS,XX
MASCARELLO,IT
MARZALL,XX
MARTIRE,XX
MARY,XX
MARWELL,XX
MARVANOVA,XX
MARUYAMA,JP
MARUOKA,JP
MARUO,XX
MARUJO,XX
MARTYRES,XX
MARTYNETZ,XX
MARTUCHELI,XX
MARTORELLI,IT
MARQUEZ,ES
MARQUE,XX
MARANDOLA,XX
MAROUN,XX
MARCOLAN,XX
MARCILESE,XX
MARCIAO,XX
MARCIANO,XX
MARCIAL,XX
MARCHITO,XX
MARCHIORI,XX
MARCHEZINI,IT
MARCHESIN,XX
MARCHAND,XX
MARCELOS,XX
MARCELINA,XX
MARCARINI,IT
MARCA,XX
MARAZINI,IT
MARAVIESKI,XX
MARAVALHAS,XX
MARASSI,XX
MARASINI,IT
MARASCHIN,XX
MARAO,XX
MARANO,XX
MARANI,XX
MARANHO,XX
MARANGA,XX
MARCOLIN,XX
MARCOLLA,XX
MARCOMINI,IT
MARINATO,XX
MAROUELLI,IT
MAROTA,XX
MAROJA,XX
MARODIN,XX
MAROCHI,XX
MARMENTINI,IT
MARMELLO,IT
MARKUS,XX
MARISCO,XX
MARIOTO,XX
MARIO,XX
MARICEVICH,XX
MARCUZZI,XX
MARIATH,XX
MARIALVA,XX
MARGOTTI,IT
MARGONI,IT
MARGARITES,XX
MARGARIDA,XX
MARFIL,XX
MARES,XX
MARECOS,XX
MARDINI,IT
MARDEGAN,XX
MACABEU,FR
MAAG,XX
ABAD,XX
LESSAK,XX
LERMONTOV,XX
LERMES,XX
LERMEN,XX
LERCO,XX
LERBAK,XX
LERBACH,DE
LEPKOSKI,XX
LEONEL,XX
LEOCADIO,XX
LEOBACK,XX
LEO,XX
LENZ,XX
LENK,XX
LENFERS,XX
LENCINA,XX
LEMME,XX
LEMKE,XX
LELES,XX
LEIVA,XX
LEITZKE,XX
LEISTER,XX
LEIROS,XX
LEIMIG,XX
LEIBOVICH,XX
LEHNHARD,FR
LEROY,XX
LESTE,XX
LYONS,XX
LESTINGE,XX
LIMP,XX
LIMAVERDE,XX
LIMAO,XX
LIMANA,XX
LIGUORI,XX
LIGNANI,XX
LIGIERO,XX
LIGEIRO,XX
LIGABUE,XX
LIEBL,XX
LIEBERENZ,XX
LICURGO,XX
LICURCI,XX
LICORIO,XX
LICASSALI,XX
LIBRALON,XX
LIARTE,XX
LIAO,XX
LHAMBY,XX
LEZIER,FR
LEWER,XX
LEVY,XX
LEVCOVITZ,XX
LETTNIN,XX
LETIERI,IT
LEGUIZAMON,XX
LEFEVRE,XX
LEDO,XX
LEDIC,XX
LARROYED,XX
LAROVERE,XX
LAROSA,XX
LAROQUE,XX
LARICCHIA,XX
LARI,XX
LARES,XX
LARENAS,XX
LARANJEIRAS,XX
LARANGEIRA,XX
LAPROVITA,XX
LAPENDA,XX
LANZARIN,XX
LANZARA,XX
LANIUS,XX
LANINI,IT
LANGSDORFF,XX
LANGSCH,XX
LANGER,XX
LANGA,XX
LANDFELDT,XX
LANDERDAHL,XX
LAND,XX
LANCASTRE,XX
LANARO,XX
LARRUBIA,XX
LARSEN,XX
LARSON,XX
LAVINAS,XX
LEDES,XX
LECIO,XX
LECHIV,XX
LEBRE,XX
LEBLER,XX
LEADEBAL,XX
LAZZERI,XX
LAZZAROTTI,IT
LAZZARINI,IT
LAXE,XX
LAWSON,XX
LAVARDA,XX
LASMAR,XX
LAVALL,XX
LAUTERT,XX
LAURO,XX
LAURENCIO,XX
LAUERMANN,DE
LAUDARES,XX
LAUAR,XX
LATTANZI,XX
LATORRACA,XX
LATAVANHA,XX
LASSE,XX
LINCOLN,XX
LINDEMANN,DE
LINDEN,XX
LOTTI,IT
LUCIETTI,IT
LUCHINI,IT
LUCHESI,XX
LUCERO,XX
LUCE,XX
LUCCIA,XX
LUCCHESI,XX
LUCATELLI,IT
LUBIANA,XX
LUBE,XX
LUBANCO,XX
LOY,XX
LOW,XX
LOVIS,XX
LOVATTO,XX
LOVATO,XX
LOUVISSE,XX
LOUSA,XX
LOURO,XX
LOURINHO,XX
LOURENCONE,XX
LOURENCON,XX
LOURENCATO,XX
LOURA,XX
LOULA,XX
LUCILIO,XX
LUCINI,IT
LUDGERO,XX
LUNKES,XX
LYNCH,XX
LYCURGO,XX
LUZZARDI,XX
LUZORIO,XX
LUZES,XX
LUVIZARO,XX
LUVIELMO,XX
LUTTERBACH,DE
LUTHER,XX
LUSTRE,XX
LUSO,XX
LUNGAREZE,XX
LUDOVICO,XX
LUNEDO,XX
LUNARDI,XX
LUMBRERAS,XX
LULA,XX
LUIZE,XX
LUIZARI,XX
LUIGI,XX
LUI,XX
LUGON,XX
LUGO,XX
LUDWIG,XX
LOTUFO,XX
LOTTERMANN,DE
LINDENBERG,DE
LOTTA,XX
LOCIO,XX
LOCH,XX
LOCARNO,XX
LOBREGAT,XX
LO,XX
LLARENA,XX
LIZIDATTI,XX
LIZ,XX
LIXA,XX
LIVRAMENTO,XX
LITHOLDO,XX
LISZBINSKI,XX
LISKA,XX
LIRO,XX
LIONELLO,IT
LINTOMEN,XX
LINK,XX
LINHEIRA,XX
LINHATTI,XX
LINGERFELT,XX
LINEIRA,XX
LINDQUIST,XX
LINDNER,XX
LINDGREN,XX
LINDENMEYER,DE
LOEBEL,XX
LOEBENS,XX
LOEBLIN,XX
LORDAO,XX
LOTH,XX
LOSSO,XX
LOSCIO,XX
LORO,XX
LORETO,XX
LORENZONI,IT
LORENCI,XX
LOREDO,XX
LORDELO,XX
LORDELLO,IT
LORDARO,XX
LOPEZ,ES
LOES,XX
LONGHI,XX
LONGA,XX
LOMPARTE,XX
LOMONACO,XX
LOMEU,FR
LOMELINO,XX
LOMANTO,XX
LOLI,XX
LOJA,XX
LOGRADO,XX
LOFF,XX
HOLZMANN,DE
HOLTZ,XX
HOLLNAGEL,XX
FOSCHI,XX
FOSCH,XX
FORZANI,XX
FORTE,XX
FORNELOS,XX
FORNACIARI,XX
FORMIGOSA,XX
FORMIGHERI,XX
FORMAGINI,IT
FORMA,XX
FORLINI,IT
FORLIN,XX
FORGIARINI,IT
FORESTI,XX
FORERO,XX
FORCACINI,IT
FOOK,XX
FONTINELLE,XX
FONTINELES,XX
FONTINEL,XX
FONTE,XX
FONTANINI,IT
FONTAINHA,XX
FONCESA,XX
FOLLADOR,XX
FOLIGNO,XX
FOSCHETTI,IT
FOSSATI,XX
FIELDS,XX
FOUREAUX,FR
FRANGULLYS,XX
FRANGIPANI,XX
FRANGELLA,IT
FRANCOLINO,XX
FRANCOIA,XX
FRANCISCONI,IT
FRANCISCHINI,IT
FRANCISCHETTO,IT
FRANCISCA,XX
FRANCINO,XX
FRANCINI,IT
FRANCHINI,IT
FRANCEZ,ES
FRANCESCHI,XX
FRANCES,XX
FRANCATO,XX
FRAJUCA,XX
FRAINER,XX
FRAILE,XX
FRAGOZO,XX
FRAGOMENI,XX
FRAGAS,XX
FRADIQUE,XX
FRACAROLLI,XX
FOUTO,XX
FOLHADELLA,IT
FOLES,XX
FOLDA,XX
FOIS,FR
FIORENZA,XX
FIORELLI,IT
FIORAVANTI,XX
FIORANTE,XX
FINTELMAN,XX
FINOTTI,IT
FINOKIET,FR
FINOCHIO,XX
FINCO,XX
FINARDI,XX
FIM,XX
FILMIANO,XX
FILLMANN,DE
FILLIPPI,XX
FILIPPOZZI,XX
FILIPPIN,XX
FILIPETTO,IT
FILARETTI,IT
FILARDI,XX
FILADELFO,XX
FIGUEIROA,XX
FIGUEIRAS,XX
FIGOLI,XX
FIGHERA,XX
FIGALO,XX
FIORENZANO,XX
FIORESI,XX
FIORIN,XX
FLISTER,XX
FOGLIARINI,IT
FOGASSO,XX
FOGASSA,XX
FLUZER,XX
FLOZINO,XX
FLORIT,XX
FLORINDO,XX
FLORAMBEL,XX
FLORA,XX
FLOERING,XX
FLIT,XX
FLEXA,XX
FIORINO,XX
FLEURY,XX
FLAMIA,XX
FLAIN,XX
FITTIPALDI,XX
FISCHBORN,XX
FIRST,XX
FIRMIANO,XX
FIRMENTO,XX
FIREMAN,XX
FIOROTTE,XX
FIORIO,XX
FRANQUEIRA,XX
FRANTZ,XX
FRANZ,XX
FURRIER,FR
GALAFASSI,XX
GAJO,XX
GAJADHAR,XX
GAIOSO,XX
GAION,XX
GAINO,XX
GAICK,XX
GAGLIARDI,XX
GADONSKI,XX
GACHET,FR
GABY,XX
GABRIG,XX
GABLER,XX
GABI,XX
GABARDO,XX
FUZISHIMA,JP
FUZER,XX
FUZARO,XX
FUZA,XX
FUTER,XX
FUSINATO,XX
FUSCALDI,XX
FURUKAVA,XX
FURUCHO,XX
FURTUNATO,XX
GALANTIER,FR
GALAO,XX
GALARCA,XX
GALLORO,XX
GALVINO,XX
GALVES,XX
GALVEAS,XX
GALVANI,XX
GALVAN,XX
GALRAO,XX
GALON,XX
GALO,XX
GALMASSI,XX
GALLUZZO,XX
GALLUCCI,XX
GALLIANI,XX
GALARDO,XX
GALLERT,XX
GALLE,XX
GALINO,XX
GALHO,XX
GALHARDI,XX
GALETTO,IT
GALEGO,XX
GALEANO,XX
GALDIANO,XX
GALDENCIO,XX
GALAXE,XX
FURTOZO,XX
FURQUIM,XX
FRANZEN,XX
FURLANETTO,IT
FRISCH,XX
FRIGOTTO,IT
FRIESTINO,XX
FRID,XX
FRICK,XX
FRIACA,XX
FRESU,XX
FRENKEL,XX
FREIXO,XX
FREIRAS,XX
FREIESLEBEN,XX
FREIBERG,DE
FREESZ,XX
FREDRYCH,XX
FREDO,XX
FRECHEIRAS,XX
FRAXE,XX
FRATTI,XX
FRATE,XX
FRASSATO,XX
FRARE,XX
FRANZOSI,XX
FRANZONI,IT
FRANZON,XX
FRANZOI,XX
FRISCHEISEN,XX
FRISO,XX
FRIZOTTI,IT
FUHRMANN,DE
FURIATI,XX
FURIA,XX
FUNO,XX
FUNKE,XX
FUNFGELT,XX
FUNES,XX
FUNCHAL,XX
FULLANA,XX
FULGENCIO,XX
FUKUSHIMA,JP
FUJIKI,JP
FUHR,XX
FRIZZO,XX
FUCHS,XX
FRUTUOSO,XX
FRUGES,XX
FRUGERI,XX
FRUET,FR
FROZ,XX
FRONTELMO,XX
FROMER,XX
FROHLICH,XX
FROELICH,XX
FROEHLICH,XX
FIENGA,XX
FIEL,XX
GAMBARTI,XX
EVORA,XX
EVANGELINELIS,XX
EURICH,XX
EUFRASIO,XX
ETCHEPARE,XX
ESTUQUI,XX
ESTUMANO,XX
ESTRELLA,IT
ESTRADA,XX
ESTIVALETE,XX
ESTIVALET,FR
ESTELINO,XX
ESTACIO,XX
ESSER,XX
ESPOSTI,XX
ESPINOZA,XX
ESPIGAO,XX
ESPIG,XX
ESPERANCA,XX
ESPEJO,XX
ESPADA,XX
ESMERO,XX
ESMANHOTTO,IT
ESKENAZI,XX
ESCUDERO,XX
ESCUDEIRO,XX
EVERTON,XX
EWERTON,XX
FIDELES,XX
FABA,XX
FAE,XX
FADDOUL,XX
FACO,XX
FACIOLI,XX
FACIOLA,XX
FACIO,XX
FACINNI,XX
FACINA,XX
FACIE,XX
FACHINI,IT
FACHINELLI,IT
FACHAS,XX
FACCION,XX
FACCINI,IT
FACCI,XX
FACCHINI,IT
FACAS,XX
FACA,XX
FABRI,XX
FABRE,XX
FABIO,XX
FABINO,XX
FABIAO,XX
FABIANOVICZ,XX
FABBRI,XX
ESCOUTO,XX
ESCOSSIA,XX
ESCOLASTICO,XX
ESCOLA,XX
EMILIANO,XX
ELUZ,XX
ELSNER,XX
ELSENBACH,DE
ELPIDIO,XX
ELOY,XX
ELOSTA,XX
ELON,XX
ELMESCANY,XX
ELL,XX
ELIZALDE,XX
ELISEU,FR
ELINO,XX
ELIDIO,XX
ELICKER,XX
ELIA,XX
ELHKE,XX
ELECTO,XX
EIZERIK,XX
EISENBERG,DE
EILERS,XX
EIDT,XX
EICKOFF,XX
EICHLER,XX
EHNERT,XX
EMILIO,XX
EMMANUEL,XX
EMMERICK,XX
EPIPHANIO,XX
ESCANHOELA,XX
ERUDILHO,XX
ERSINZON,XX
ERQUECIA,XX
ERNANDES,XX
ERMINDOLFO,XX
ERIG,XX
ERHARDT,DE
ERDMANN,DE
ERCILIO,XX
EQUEY,XX
EPIFANEO,XX
EMURA,JP
EPELMAN,XX
ENTRINGE,XX
ENNES,XX
ENGSTER,XX
ENGRACIO,XX
ENGELKE,XX
ENGELBERT,XX
ENEDINO,XX
ENEAS,XX
ENDSON,XX
ENDO,XX
FAGA,XX
FAGAN,XX
FAGHERAZZI,XX
FEHLBERG,DE
FENILI,XX
FENELON,XX
FELTRIN,XX
FELTEN,XX
FELPOLDI,XX
FELLINI,IT
FELIZOLA,XX
FELIZARDO,XX
FELISBINO,XX
FELIS,XX
FELIPPETTO,IT
FELIPPA,XX
FELINTO,XX
FELINI,IT
FELICIDADE,XX
FELHBERG,DE
FELEX,XX
FELDMAN,XX
FELCKILCKER,XX
FELBERG,DE
FEITEN,XX
FEIL,XX
FEIJOO,XX
FEIJAO,XX
FEIDEN,XX
FERBER,XX
FERES,XX
FERIGOLO,XX
FERREIRO,XX
FIDALGO,XX
FIALCOSKI,XX
FEY,XX
FEUGA,XX
FEUERHARMEL,XX
FERRUGEM,XX
FERRONATO,XX
FERRON,XX
FERRIGNO,XX
FERRETTO,IT
FERRERI,XX
FERRATO,XX
FERLA,XX
FERRAREZZI,XX
FERRAREZI,XX
FERRAREZE,XX
FERRAMENTA,XX
FERRACIOLI,XX
FERRACINI,IT
FERON,XX
FERNANDO,XX
FERNANDE,XX
FERMIANO,XX
FERLIM,XX
FEICHAS,XX
FEGHALI,XX
FAIAD,XX
FEDERIGHI,XX
FARINA,XX
FARFAN,XX
FARES,XX
FARDIN,XX
FARAUM,XX
FARANI,XX
FARAJ,XX
FANTUZZI,XX
FANTA,XX
FANHA,XX
FANGER,XX
FANGEL,XX
FAMILIAR,XX
FALQUETTO,IT
FALQUETO,XX
FALLOT,FR
FALLETI,XX
FALLET,FR
FALLEIROS,XX
FALEIRO,XX
FALCONE,XX
FALCI,XX
FALABELLA,IT
FAKHOURI,XX
FAILLACE,XX
FARINAS,XX
FARINATTI,XX
FARINELLI,IT
FAVARETO,XX
FEDECHEN,XX
FAZZION,XX
FAZIO,XX
FAVRETTO,IT
FAVORETO,XX
FAVETTI,IT
FAVERSANI,XX
FAVERAO,XX
FAVE,XX
FAVARIN,XX
FAVARETTO,IT
FAVALI,XX
FARINHA,XX
FAUSTO,XX
FAULHABER,XX
FAULA,XX
FAUCZ,XX
FATTORI,XX
FATIMA,XX
FARVES,XX
FARSURA,XX
FARO,XX
FARIZELLI,IT
FARINON,XX
GAMBARRA,XX
GAMBINI,IT
HOLEVA,XX
GUTEMBERG,DE
GUNTHER,XX
GUMIEIRO,XX
GULES,XX
GUIZZO,XX
GUIZARDI,XX
GUIYOTOKU,XX
GUITTI,XX
GUIRRA,XX
GUIRAU,XX
GUIRARDI,XX
GUIRADO,XX
GUIOTTI,IT
GUIOTI,XX
GUIMARAENS,XX
GUILHON,XX
GUIDUCCI,XX
GUIDORENI,XX
GUIDONI,IT
GUIDOLIN,XX
GUGLIERI,IT
GUGLIELMO,XX
GUGISCH,XX
GUESSI,XX
GUESSER,XX
GUERTLER,XX
GUSHIKEN,XX
GUTH,XX
GREMIAO,XX
GUTIERRE,XX
HAMANO,XX
HAMAMURA,JP
HALMENSCHLAGER,XX
HALIK,XX
HALAL,XX
HAJI,XX
HAILER,XX
HAIDEM,XX
HAHN,XX
HAGENBECK,XX
HAGEN,XX
HAGEMANN,DE
HAGE,XX
HAESER,XX
HADERCHPEK,XX
HACKBART,XX
HACHIYA,XX
HACHEM,XX
HABEYCHE,XX
HAAS,XX
HAAG,XX
GUZZO,XX
GUZMAN,XX
GUZ,XX
GUTIERRES,XX
GUERRERO,XX
GUERO,XX
GUERIN,XX
GUEPFRIH,XX
GROSSE,XX
GROSS,XX
GROSNER,XX
GRONER,XX
GROLA,XX
GRODERS,XX
GRITTI,XX
GRISOLIA,XX
GRISOLI,XX
GRISI,XX
GRIPPA,XX
GRIPE,XX
GRINSPUN,XX
GRINNAN,XX
GRINMAN,XX
GRINITS,XX
GRIMAUTH,XX
GRIM,XX
GRILO,XX
GRIGOLETTO,IT
GRIGIO,XX
GRIEBELER,XX
GRIBOSKI,XX
GREVE,XX
GRESSLER,XX
GROSSMANN,DE
GROTA,XX
GRUBANO,XX
GUARATE,XX
GUELFI,XX
GUELBERT,XX
GUEDINE,XX
GUEDELHA,XX
GUARIZI,XX
GUARIZ,XX
GUARITA,XX
GUARISCO,XX
GUARIM,XX
GUARIEIRO,XX
GUARDA,XX
GUANAES,XX
GRUBERTT,XX
GUALIUME,XX
GUAITOLINI,IT
GUAHYBA,XX
GRYNSZPAN,XX
GRUTZMANN,DE
GRUTZMACHER,XX
GRUNEICH,XX
GRUMM,XX
GRUGEL,XX
GRUDZIN,XX
GRUBISIC,XX
HAMMEL,XX
HAMMERL,XX
HANA,XX
HENRIKSEN,XX
HIDD,XX
HID,XX
HICKMANN,DE
HEXSEL,XX
HESSEL,XX
HESS,XX
HERSZENHAUT,XX
HERSCOVICI,XX
HERRIOT,FR
HERRANZ,XX
HERRAIZ,XX
HERNANDES,XX
HERNALSTEENS,XX
HERMSDORFF,XX
HERMOGENES,XX
HERMANO,XX
HERKRATH,XX
HERING,XX
HERGESELL,XX
HERENIO,XX
HEREDIA,XX
HERDY,XX
HERBERT,XX
HENTZ,XX
HENTSCHKE,XX
HIGA,XX
HIGINO,XX
HIGUCHI,JP
HISTER,XX
HOLDSCHIP,XX
HOISER,XX
HOHL,XX
HOFFMAN,DE
HOERHAN,XX
HOELZ,XX
HODGSON,XX
HOBUSS,XX
HOBMEIR,XX
HO,XX
HITOTUZI,XX
HISATOMI,XX
HILARIO,XX
HIRTZ,XX
HIRSCHBRUCH,XX
HIRDES,XX
HIRAKURI,XX
HIPOLITO,XX
HIODO,XX
HINNAH,XX
HILLESHEIM,DE
HILLEBRAND,XX
HILGUERA,XX
HILDEBRANDT,XX
HENRY,XX
HENNEBERG,DE
HANAN,XX
HENKE,XX
HATADANI,XX
HASUNUMA,JP
HASTENREITER,XX
HASSLER,XX
HASSEGAWA,JP
HASENKAMP,DE
HASEN,XX
HASEGAWA,JP
HASCHE,XX
HARZHEIM,DE
HARTWIG,DE
HARTOG,DE
HARTKE,DE
HARO,XX
HARNAM,XX
HARDT,DE
HARDMAN,XX
HARDEN,XX
HARB,XX
HARA,JP
HANSEM,XX
HANNISDAL,XX
HANNESCH,XX
HANI,XX
HANAUER,DE
HATCHWELL,XX
HATEM,XX
HAUBRICK,XX
HEIMBURGER,XX
HENGE,XX
HENEINE,XX
HENDGES,XX
HELMER,XX
HELLMANN,DE
HELLBERGER,DE
HELIOTERIO,XX
HELER,XX
HELENA,XX
HEINZ,XX
HEINEN,XX
HEILIG,XX
HAUER,DE
HEGENDORNE,XX
HEDLUND,XX
HECKO,XX
HECKERT,XX
HECK,XX
HAYASHIDA,JP
HAYAKAWA,JP
HAWAT,XX
HAUSEN,XX
HAUSCHILD,XX
HAURADOU,XX
GRESS,XX
GREJANIN,XX
GAMENHA,XX
GERALDINE,XX
GERA,XX
GEORGE,XX
GENUNCIO,XX
GENTILE,XX
GENIOLI,XX
GEMENTE,XX
GEMELLI,IT
GEMAQUE,XX
GELBCKE,XX
GEFFER,XX
GEBRIM,XX
GEBER,XX
GEANBASTIANI,XX
GAZZOLA,XX
GAZEL,XX
GAZANO,XX
GAZALLE,XX
GAYESKI,XX
GAYER,XX
GAYA,XX
GAVIOLI,XX
GAVI,XX
GAVAZZA,XX
GAUZISKI,XX
GAUZE,XX
GERALDES,XX
GERBER,XX
GREGORINI,IT
GEREMIA,XX
GIACOMELLO,IT
GIACOMASSI,XX
GIACOBBO,XX
GIABARDO,XX
GHIRELLI,IT
GHETTI,IT
GHELMAN,XX
GHELFI,XX
GHELARDI,XX
GHAZALE,XX
GHARIB,XX
GHANI,XX
GEWANDSZNAJDER,XX
GETELINA,XX
GETASSI,XX
GESTEIRA,XX
GERVAZONI,IT
GERVASONI,IT
GERVASIO,XX
GERTRUDES,XX
GEROLIMICH,XX
GERLIN,XX
GERHEIM,DE
GERHARDT,DE
GEREVINI,IT
GAUTIER,FR
GAUTERIO,XX
GAUJAC,XX
GAUER,DE
GARIGLIO,XX
GARIBE,XX
GARIANI,XX
GARGANO,XX
GARDES,XX
GARCIAS,XX
GARCETE,XX
GARCET,FR
GARBUIO,XX
GARBINI,IT
GARBIN,XX
GARBIM,XX
GARBI,XX
GARBELOTTI,IT
GARBAZZA,XX
GARBACIO,XX
GANZER,XX
GANTUS,XX
GANTOIS,FR
GANME,XX
GANDOLPHO,XX
GANDOLFO,XX
GANDINI,IT
GANDARA,XX
GAMO,XX
GARITTA,XX
GARLIPP,XX
GARNIER,FR
GASPARONI,IT
GAUDENCIO,XX
GAUCHE,XX
GAUCH,XX
GATINHO,XX
GASTALDO,XX
GASTAL,XX
GASSEN,XX
GASS,XX
GASQUES,XX
GASPARRI,XX
GASPAROTTO,IT
GASPARINI,IT
GAROFALO,XX
GASPARIM,XX
GASPARETO,XX
GASPARETE,XX
GASCO,XX
GARSKE,XX
GARROS,XX
GARROCHO,XX
GARRO,XX
GARRETO,XX
GARONZI,XX
GARON,XX
GIACOMET,FR
GIACOMIN,XX
GIANASI,XX
GORDON,XX
GRAMACHO,XX
GRALLE,XX
GRAIA,XX
GRAHL,XX
GRAEBIN,XX
GRADIN,XX
GRADILONE,XX
GRADELLA,IT
GRACIOLLI,XX
GRACINDO,XX
GOZZO,XX
GOZZI,XX
GOZA,XX
GOVINATSKI,XX
GOVEDISE,XX
GOUGH,XX
GOUGET,FR
GOUDINHO,XX
GOUDART,XX
GOTZKE,XX
GOTTARDI,XX
GOTARDELO,XX
GOSENHEIMER,XX
GORTZ,XX
GORSANI,XX
GRAMANI,XX
GRAMLING,XX
GRAMOSA,XX
GRATIVOL,XX
GREGIANINI,IT
GREFF,XX
GRECIA,XX
GREBOGI,XX
GRAZIOLLA,XX
GRAZINOLI,XX
GRAZIATO,XX
GRAVINA,XX
GRAVE,XX
GRAVA,XX
GRAUDO,XX
GRASSO,XX
GRAMOZA,XX
GRASSIA,XX
GRASSER,XX
GRASEL,XX
GRAPIUNA,XX
GRANVILLE,FR
GRANJEIRO,XX
GRANGEIRO,XX
GRANEMANN,DE
GRANDOLPHO,XX
GRANATA,XX
GRANADO,XX
GORETE,XX
GORDIN,XX
GIANOTTI,IT
GORDILHO,XX
GIVISIEZ,ES
GIVIGI,XX
GIUSTINA,XX
GIULI,XX
GIROTTO,IT
GIRON,XX
GIRAUDO,XX
GIRARD,FR
GIRALDI,XX
GIOVENARDI,XX
GIOVANNI,XX
GIOVANI,XX
GIORGIS,XX
GINZBARG,XX
GINDRI,XX
GIMENES,XX
GILVAZ,XX
GILLO,ES
GIFONI,IT
GIFFONI,IT
GIBAUT,XX
GIASSI,XX
GIARETTA,XX
GIARETA,XX
GIANTOMASSO,XX
GNECCO,XX
GNO,XX
GNOATTO,XX
GOLDMAN,XX
GOPFERT,XX
GONZALIS,XX
GONTSCHAROW,XX
GONRING,XX
GONDINHO,XX
GONDAR,XX
GOLTZ,XX
GOLLNER,XX
GOLINELHI,XX
GOLFETTI,IT
GOLDSCHMIDT,XX
GOLDBACH,DE
GOBBATO,XX
GOLD,XX
GOKE,XX
GOIN,XX
GOIANA,XX
GOIABEIRA,XX
GOETZE,XX
GOETTERT,XX
GOEPFERT,XX
GODIM,XX
GOBIRA,XX
GOBBI,XX
ZYTKUEWISZ,XX
