UNOME,PAIS
SILVA,PT
SANTOS,PT
OLIVEIRA,PT
SOUZA,PT
LIMA,PT
COSTA,PT
PEREIRA,PT
FERREIRA,PT
ARAUJO,PT
CARVALHO,PT
NASCIMENTO,PT
RODRIGUES,PT
ALMEIDA,PT
SOUSA,PT
RIBEIRO,PT
GOMES,PT
ALVES,PT
MARTINS,PT
BARBOSA,PT
ROCHA,PT
MELO,PT
ANDRADE,PT
VIEIRA,PT
FREITAS,PT
SOARES,PT
LOPES,PT
GONCALVES,PT
FERNANDES,PT
DIAS,PT
CASTRO,PT
BARROS,PT
CRUZ,PT
REIS,PT
SANTANA,PT
MOREIRA,PT
NUNES,PT
MACHADO,PT
PINTO,PT
RAMOS,PT
CUNHA,PT
TEIXEIRA,PT
PINHEIRO,PT
CARDOSO,PT
MENDES,PT
MEDEIROS,PT
BRITO,PT
MORAES,PT
SILVEIRA,PT
MOURA,PT
MARQUES,PT
CAMPOS,PT
COELHO,PT
JESUS,PT
GUIMARAES,PT
MIRANDA,PT
AZEVEDO,PT
LEITE,PT
ROSA,PT
MONTEIRO,PT
MORAIS,PT
BEZERRA,PT
FONSECA,PT
MENEZES,PT
BORGES,PT
BATISTA,PT
NOGUEIRA,PT
FARIAS,PT
NEVES,PT
VASCONCELOS,PT
CORREA,PT
TAVARES,PT
MATOS,PT
MAGALHAES,PT
ALBUQUERQUE,PT
CAVALCANTE,PT
FARIA,PT
MACEDO,PT
AMORIM,PT
SIQUEIRA,PT
DUARTE,PT
AMARAL,PT
MAIA,PT
AGUIAR,PT
BRAGA,PT
MELLO,PT
PAULA,PT
FIGUEIREDO,PT
ABREU,PT
QUEIROZ,PT
GARCIA,PT
CONCEICAO,PT
PIRES,PT
VIANA,PT
MENDONCA,PT
CARNEIRO,PT
BARRETO,PT
SA,PT
FRANCA,PT
MOTA,PT
XAVIER,PT
CABRAL,XX
DANTAS,XX
PAIVA,XX
TORRES,XX
LEAL,XX
SAMPAIO,XX
MACIEL,XX
CHAVES,XX
BASTOS,XX
CORREIA,XX
FREIRE,XX
CORDEIRO,XX
COUTINHO,XX
BRANDAO,XX
ASSIS,XX
CAVALCANTI,XX
LEMOS,XX
SALES,XX
LUZ,XX
CARMO,XX
CHAGAS,XX
GUEDES,XX
ALENCAR,XX
PACHECO,XX
PEIXOTO,XX
DINIZ,XX
LACERDA,XX
MESQUITA,XX
MATTOS,XX
PASSOS,XX
ARRUDA,XX
LINS,XX
PRADO,XX
PIMENTEL,XX
CAMARGO,XX
MARINHO,XX
PESSOA,XX
REZENDE,XX
LEAO,XX
ANJOS,XX
PONTES,XX
SIMOES,XX
SANTIAGO,XX
DUTRA,XX
PORTO,XX
FRANCO,XX
GALVAO,XX
MUNIZ,XX
RANGEL,XX
LIRA,XX
AQUINO,XX
FURTADO,XX
PINHO,XX
COUTO,XX
FEITOSA,XX
ALCANTARA,XX
TRINDADE,XX
MOTTA,XX
GAMA,XX
LOBO,XX
VALE,XX
LOURENCO,XX
CERQUEIRA,XX
SENA,XX
REGO,XX
NOBREGA,XX
VIANNA,XX
ANTUNES,XX
FONTES,XX
FERRAZ,XX
RAMALHO,XX
FLORES,XX
CAETANO,XX
RABELO,XX
ARAGAO,XX
HOLANDA,XX
VIDAL,XX
GUERRA,XX
PAZ,XX
SARAIVA,XX
CALDAS,XX
LISBOA,XX
BRASIL,XX
TELES,XX
VELOSO,XX
VARGAS,XX
DAMASCENO,XX
SERRA,XX
VAZ,XX
BRANCO,XX
PERES,XX
RESENDE,XX
BITTENCOURT,XX
FELIX,XX
BARROSO,XX
VASCONCELLOS,XX
ASSUNCAO,XX
AVILA,XX
BOTELHO,XX
BANDEIRA,XX
DOMINGUES,XX
FAGUNDES,XX
FALCAO,XX
MENESES,XX
VALENTE,XX
PENHA,XX
ESTEVES,XX
NOBRE,XX
LUCENA,XX
CAMARA,XX
BARBOZA,XX
LOUREIRO,XX
BAPTISTA,XX
GOES,XX
ANNA,XX
LESSA,XX
SANTO,XX
FRANCISCO,XX
TOLEDO,XX
NOVAES,XX
PIMENTA,XX
PAIXAO,XX
VERAS,XX
LINHARES,XX
BOMFIM,XX
LEITAO,XX
VEIGA,XX
GOULART,XX
FIGUEIRA,XX
LUCAS,XX
EVANGELISTA,XX
CESAR,XX
ALVARENGA,XX
BORBA,XX
PEDROSA,XX
FRAGA,XX
PAES,XX
SOUTO,XX
SALDANHA,XX
ROSARIO,XX
NETTO,PT
LOBATO,XX
BRAZ,XX
GOUVEIA,XX
DOMINGOS,XX
RIOS,XX
GONZAGA,XX
BISPO,XX
PADILHA,XX
ANA,XX
BUENO,XX
MEIRA,XX
CAMPELO,XX
VILELA,XX
PEDROSO,XX
VENTURA,XX
BERNARDES,XX
PAULO,XX
ALEXANDRE,XX
SARMENTO,XX
SALLES,XX
MORENO,XX
JORGE,XX
SALGADO,XX
QUADROS,XX
BERNARDO,XX
PORTELA,XX
BENTO,XX
MARINS,XX
GOIS,PT
COIMBRA,XX
BRUM,XX
PANTOJA,XX
PARENTE,XX
ARANTES,XX
DOURADO,XX
BARCELLOS,XX
CALDEIRA,XX
CANDIDO,XX
SANCHES,XX
LUIZ,XX
MATIAS,XX
BARCELOS,XX
BESSA,XX
FELIPE,XX
CARDOZO,XX
GOUVEA,XX
FIALHO,XX
BONFIM,XX
VALLE,XX
AFONSO,XX
NERY,XX
LAGO,XX
PENA,XX
CUSTODIO,XX
NOVAIS,XX
MOURAO,XX
MONTE,XX
MARIA,XX
NORONHA,XX
SOBRAL,XX
MARANHAO,XX
GODINHO,XX
SCHNEIDER,XX
MULLER,DE
CASTILHO,XX
LUNA,XX
SODRE,XX
HENRIQUE,XX
MEIRELES,XX
WANDERLEY,XX
ARANHA,XX
LAGE,XX
MARIANO,XX
FERRO,XX
GONDIM,XX
MADEIRA,XX
FAUSTINO,XX
ABRANTES,XX
ANTONIO,XX
FONTOURA,XX
MATA,XX
PRATES,XX
ELIAS,XX
AIRES,XX
FLORENCIO,XX
AMARO,XX
RAPOSO,XX
SIMAO,XX
ROLIM,XX
GADELHA,XX
BECKER,XX
ROSSI,XX
HENRIQUES,XX
JOSE,XX
TERRA,XX
MONTENEGRO,XX
TELLES,XX
MIGUEL,XX
FERRARI,XX
PAULINO,XX
SEIXAS,XX
DAVID,XX
GODOY,XX
SERPA,XX
SALVADOR,XX
GONTIJO,XX
FORTES,XX
GONZALEZ,ES
VICENTE,XX
SABINO,XX
HORA,XX
AZEREDO,XX
SERAFIM,XX
PENNA,XX
MARTINEZ,ES
MASCARENHAS,XX
UCHOA,XX
BERNARDINO,XX
TEODORO,XX
GIL,XX
CORTES,XX
BELO,XX
GIRAO,XX
TOMAZ,XX
DELGADO,XX
NEIVA,XX
MESSIAS,XX
ASSUMPCAO,XX
LARA,XX
FIRMINO,XX
REBOUCAS,XX
VELLOSO,XX
CORTEZ,ES
MARCELINO,XX
GUSMAO,XX
GURGEL,XX
FRAZAO,XX
ATAIDE,XX
PEDRO,XX
BITENCOURT,XX
CLEMENTE,XX
BENEVIDES,XX
NEGREIROS,XX
MUNHOZ,XX
FONTENELE,XX
CALAZANS,XX
VALENTIM,XX
GASPAR,XX
BRITTO,XX
MALAQUIAS,XX
VIEGAS,XX
BASILIO,XX
LAGES,XX
CALIXTO,XX
BELLO,IT
REBELO,XX
GABRIEL,XX
JARDIM,XX
ADRIANO,XX
DIOGO,XX
CARLOS,XX
ALVAREZ,ES
PESSANHA,XX
AVELINO,XX
PEREZ,ES
MODESTO,XX
HORTA,XX
BOAS,XX
GALDINO,XX
SILVERIO,XX
FILGUEIRA,XX
FIGUEREDO,XX
RUAS,XX
MEIRELLES,XX
VENANCIO,XX
GAIA,XX
MAXIMO,XX
CAMILO,XX
DEUS,XX
RIBAS,XX
EDUARDO,XX
OSORIO,XX
ESTRELA,XX
FEITOZA,XX
SCHMIDT,XX
ANGELO,XX
CANTO,XX
VALENCA,XX
GUILHERME,XX
NEPOMUCENO,XX
QUINTANILHA,XX
WEBER,XX
ANSELMO,XX
COLARES,XX
LIMEIRA,XX
PADUA,XX
QUARESMA,XX
RUFINO,XX
ESPINDOLA,XX
SEABRA,XX
BASSO,XX
THOMAZ,XX
BRUNO,XX
PRATA,XX
DORNELLES,XX
AYRES,XX
FROTA,XX
DANIEL,XX
JUNQUEIRA,XX
NETA,XX
VITAL,XX
SIMAS,XX
PALMA,XX
KLEIN,XX
LANDIM,XX
NERI,XX
VASQUES,XX
CASSIANO,XX
BELTRAO,XX
BATALHA,XX
CINTRA,XX
GARCEZ,ES
LINO,XX
ZEFERINO,XX
SENNA,XX
MARCAL,XX
CEZAR,XX
MORALES,XX
BRAGANCA,XX
ALBERTO,XX
QUIRINO,XX
CANTANHEDE,XX
TRAJANO,XX
FERNANDEZ,ES
MALTA,XX
SEVERO,XX
LOUZADA,XX
ROMEIRO,XX
PRIMO,XX
LUSTOSA,XX
PRAZERES,XX
ROMERO,XX
VITORINO,XX
MEDINA,XX
PORTUGAL,XX
MAURICIO,XX
MARRA,XX
PATRIOTA,XX
LAVOR,XX
PAVAO,XX
ROMAO,XX
CONDE,XX
VITOR,XX
SEVERINO,XX
NONATO,XX
ALVIM,XX
RICARDO,XX
SALOMAO,XX
LOIOLA,XX
BONIFACIO,XX
BALBINO,XX
ALVARES,XX
BESERRA,XX
REGIS,XX
SABOIA,XX
AVELAR,XX
JERONIMO,XX
SACRAMENTO,XX
XIMENES,XX
MAFRA,XX
LYRA,XX
PONTE,XX
AMBROSIO,XX
NAVES,XX
GALINDO,XX
SCHMITT,XX
PICANCO,XX
GOMIDE,XX
FILGUEIRAS,XX
LEANDRO,XX
ROBERTO,XX
MARCONDES,XX
BIANCHI,XX
CUTRIM,XX
CRESPO,XX
SIMON,XX
CAMELO,XX
FILHA,XX
ADAO,XX
AUGUSTO,XX
COTRIM,XX
RITA,XX
SATO,XX
BARBIERI,IT
MATHIAS,XX
RODRIGUEZ,ES
MATEUS,XX
BRAUN,XX
NAVARRO,XX
REBELLO,IT
FELICIANO,XX
ACOSTA,XX
TENORIO,XX
FEIJO,XX
BARROZO,XX
RAIMUNDO,XX
FLOR,XX
FONTANA,XX
QUEIROS,XX
FRAGOSO,XX
SEREJO,XX
CIRILO,XX
BARATA,XX
FLORENTINO,XX
BARREIRA,XX
SILVESTRE,XX
LIBORIO,XX
SOBREIRA,XX
BENTES,XX
BIANCO,XX
HONORATO,XX
HONORIO,XX
GUTIERREZ,ES
RUSSO,XX
MONTES,XX
ORTEGA,XX
BAIA,XX
PEQUENO,XX
GUALBERTO,XX
VINHAS,XX
CARREIRO,XX
GUERREIRO,XX
LEMES,XX
LONGO,XX
SORIANO,XX
CARRIJO,XX
ANDRE,XX
VITORIA,XX
TOME,XX
GERALDO,XX
ROQUE,XX
PALMEIRA,XX
SMITH,XX
RORIZ,XX
LUCIO,XX
SANDES,XX
BACELAR,XX
VALADARES,XX
HOFFMANN,DE
CASAGRANDE,XX
REAL,XX
PALHETA,XX
VALERIO,XX
BEVILAQUA,XX
JUCA,XX
CARVALHAES,XX
NOVA,XX
PATROCINIO,XX
PECANHA,XX
CAIXETA,XX
PERDIGAO,XX
FIDELIS,XX
RUIZ,XX
BRASILEIRO,XX
JACQUES,XX
GARCES,XX
OMENA,XX
SANCHEZ,ES
PITA,XX
FROSSARD,FR
PINA,XX
ROSSO,XX
DRUMOND,XX
NOLASCO,XX
ROZA,XX
DORIA,XX
TREVISAN,XX
GREGORIO,XX
JORDAO,XX
RABELLO,IT
BULHOES,XX
ESCOBAR,XX
FLORIANO,XX
TINOCO,XX
SAITO,XX
FACANHA,XX
AGUILAR,XX
AMANCIO,XX
NICACIO,XX
NICOLAU,XX
CRISPIM,XX
ZAGO,XX
MACENA,XX
LEME,XX
NEGRAO,XX
SCHMITZ,XX
AFFONSO,XX
COLOMBO,XX
MAMEDE,XX
MERCES,XX
MARIZ,XX
CURADO,XX
MACIEIRA,XX
VILHENA,XX
MADRUGA,XX
CLAUDINO,XX
MANHAES,XX
LYRIO,XX
MILITAO,XX
AMERICO,XX
WERNECK,XX
MAEDA,XX
CELESTINO,XX
KRUGER,XX
VICTOR,XX
ESPOSITO,XX
BRILHANTE,XX
PACIFICO,XX
CACERES,XX
PEGO,XX
ARRAES,XX
MEDRADO,XX
DURAES,XX
AROUCA,XX
AGRA,XX
FROES,XX
VILLAR,XX
MARIANI,XX
AMADO,XX
ALTOE,XX
ADORNO,XX
PERIN,XX
BOAVENTURA,XX
MADUREIRA,XX
SARGES,XX
ORNELAS,XX
FELIPPE,XX
ROMUALDO,XX
INACIO,XX
DIONISIO,XX
VILLELA,XX
FORTUNATO,XX
PATRICIO,XX
RAFAEL,XX
COHEN,XX
DIAZ,XX
HERNANDEZ,ES
MANSO,XX
HARTMANN,DE
FORMIGA,XX
CARVALHAL,XX
TAVEIRA,XX
PASIANI,XX
BERRIEL,XX
HERCULANO,XX
FONTENELLE,XX
AVELLAR,XX
MOUSINHO,XX
MANGUEIRA,XX
FIUZA,XX
ATHAYDE,XX
BENEDITO,XX
VALADAO,XX
SOEIRO,XX
BENETTI,IT
SIEBRA,XX
GRANJA,XX
BAHIA,XX
PAIM,XX
PAIS,XX
PEDREIRA,XX
LELIS,XX
CESARIO,XX
CANUTO,XX
MORETTI,IT
LAMARAO,XX
ESMERALDO,XX
PALHARES,XX
RAMIRES,XX
ALONSO,XX
BOECHAT,XX
ESTEVAO,XX
ITO,XX
MINEIRO,XX
SUZUKI,XX
MATTA,XX
VERDE,XX
TOSTA,XX
SANTIN,XX
CAMILLO,ES
GARRIDO,XX
POMPEU,PT
GOMEZ,ES
VENTURINI,IT
NARDI,XX
JOAQUIM,XX
ANASTACIO,XX
JANUARIO,XX
DORNELES,XX
MATSUMOTO,JP
MOITA,XX
PORTELLA,IT
JULIAO,XX
LUCCA,XX
NOLETO,XX
MIRA,XX
RICHTER,XX
LOURES,XX
JUSTO,XX
JUSTINO,XX
GENTIL,XX
DUAILIBE,XX
VERISSIMO,XX
FABRICIO,XX
ROSAS,XX
GODOI,XX
SCHERER,XX
CAVALHEIRO,XX
NATIVIDADE,XX
BERTO,XX
JACINTO,XX
DOREA,XX
LINDOSO,XX
CALIL,XX
VILACA,XX
MILANI,XX
PESTANA,XX
ARCANJO,XX
MILHOMEM,XX
GRANDE,XX
VELHO,XX
MORO,XX
VOLOTAO,XX
GAVA,XX
MONTELES,XX
FONTELES,XX
COSME,XX
MORGADO,XX
AMARANTE,XX
CRISTO,XX
MALUF,XX
HADDAD,XX
ZANATTA,XX
FRANCESCHINI,IT
MORORO,XX
ALMADA,XX
BRAUNA,XX
PORTES,XX
AMAZONAS,XX
CARUSO,XX
TRIGUEIRO,XX
GERMANO,XX
POVOA,XX
ALECRIM,XX
GIMENEZ,ES
ARCOVERDE,XX
GIORDANO,XX
PARREIRA,XX
PASCHOAL,XX
PASCOAL,XX
BRANT,XX
SETUBAL,XX
TORQUATO,XX
MILANEZ,ES
ANUNCIACAO,XX
MOSER,XX
GRECO,XX
ROOS,XX
PENTEADO,XX
GRACIANO,XX
VULCAO,XX
APARECIDO,XX
ARRAIS,XX
PONCIANO,XX
BARREIRO,XX
BONA,XX
PEDROZA,XX
PORFIRIO,XX
LOBAO,XX
PEDROZO,XX
FRIAS,XX
LENZI,XX
TOBIAS,XX
YAMASHITA,JP
EMERENCIANO,XX
CESTARI,XX
CARLINI,IT
TRAVASSOS,XX
ROMANO,XX
MAIOR,XX
BRESSAN,XX
LEONCIO,XX
SCHREIBER,XX
CONRADO,XX
MEYER,DE
ANDRADA,XX
MOLINA,XX
BICALHO,XX
GRACA,XX
LEE,XX
MOL,XX
ENCARNACAO,XX
PUGAS,XX
FREDERICO,XX
THEODORO,XX
GUILHERMINO,XX
CEZARIO,XX
GROSSI,XX
GALLO,ES
APOLINARIO,XX
GOMIDES,XX
GONCALO,XX
SPINELLI,IT
PRESTES,XX
MAIER,FR
WESTPHAL,XX
SERRAO,XX
ZANINI,IT
CURY,XX
BENDER,XX
JATOBA,XX
TANAKA,JP
NAZARETH,XX
CASSEMIRO,XX
CYPRIANO,XX
HURTADO,XX
BEM,XX
MARTIN,XX
SANTORO,XX
SALGUEIRO,XX
MURTA,XX
LAMEIRA,XX
ABRAO,XX
MARCOLINO,XX
CAMARGOS,XX
FELICIO,XX
CIRQUEIRA,XX
BENIGNO,XX
LADISLAU,XX
MARCELO,XX
VIRGENS,XX
VALERIANO,XX
IGLESIAS,XX
JAQUES,XX
JANNUZZI,IT
KUNZ,XX
SARDINHA,XX
VILARIM,XX
CALEGARI,XX
CECILIO,XX
MAYRINK,XX
VILAR,XX
RITTER,XX
DAVI,XX
EULALIO,XX
BELCHIOR,XX
CASTANON,XX
CALADO,XX
DAHER,XX
BALTAZAR,XX
VARELLA,IT
RECH,XX
BELISARIO,XX
ORTIZ,XX
MARINO,XX
MARIN,XX
SARTORI,XX
O,XX
CALHEIROS,XX
SENRA,XX
DAMASO,XX
CID,XX
CAMPELLO,IT
KADRI,XX
MOUTINHO,XX
CURI,XX
HERZOG,XX
DAMASCENA,XX
BARRA,XX
BERGER,DE
SUZART,XX
AYROSA,XX
FIRME,XX
UZEDA,XX
FOGACA,XX
SANSON,XX
BERGMANN,DE
SIMONATO,XX
RIBAMAR,XX
BARONI,IT
NOBLAT,XX
LAMOUNIER,FR
FAVACHO,XX
PIROLA,XX
CAMPETTI,IT
TABORDA,XX
ANGELIM,XX
FAVERO,XX
EVARISTO,XX
PORTILHO,XX
FAVARO,XX
CIRNE,XX
MAURITY,XX
WOLFF,XX
ACIOLI,XX
CORIOLANO,XX
FABRIS,XX
CONTI,XX
SUAREZ,ES
MARREIROS,XX
GHISI,XX
GALIZA,XX
CANCELLA,IT
CANCADO,XX
LUCIANO,XX
BORRALHO,XX
PIO,XX
MARRIEL,XX
REINALDO,XX
RENOVATO,XX
CALVO,XX
ABDALLA,XX
RICARTE,XX
SERRANO,XX
CIRINO,XX
PLACIDO,XX
ROSADO,XX
TOLENTINO,XX
REY,XX
CAMBRAIA,XX
MARTINIANO,XX
REYES,XX
RIPARDO,XX
FARACO,XX
LUTZ,XX
ABRAHAO,XX
ANDREATTA,XX
LUIS,XX
CARBONERA,XX
FAVA,XX
FAJARDO,XX
LUCINDO,XX
YAMAMOTO,JP
FABIANO,XX
CAMARAO,XX
MIOTTO,IT
CANAL,XX
TODESCHINI,IT
CARACAS,XX
SUCUPIRA,XX
ROSENDO,XX
MASSENA,XX
ANCHIETA,XX
YAMAGUCHI,JP
GENEROSO,XX
GEHLEN,XX
CARDEAL,XX
ELEUTERIO,XX
MADEIRO,XX
MALHEIROS,XX
QUEVEDO,XX
FISCHER,XX
MELONIO,XX
MARANGONI,IT
FRADE,XX
CANGUSSU,XX
BUSS,XX
MALLMANN,DE
TARGINO,XX
ZAMPROGNO,XX
MELHORANCA,XX
ALARCAO,XX
FIORI,XX
MESCOUTO,XX
ZAMPIERI,IT
CANTUARIA,XX
ALANO,XX
ROLDAO,XX
ESPINDULA,XX
FRANKLIN,XX
BRUNET,FR
BURMANN,DE
MERIGUETE,XX
FORTUNA,XX
ERSE,XX
FOGOS,XX
ALCOFORADO,XX
ALEIXO,XX
ZANETTI,IT
TAVORA,XX
ALELUIA,XX
SCHWARZ,XX
MANDARINO,XX
ALBRECHT,XX
QUINTAO,XX
ALBINO,XX
COLLARES,XX
MANSUR,XX
QUINTANA,XX
MANCINI,IT
FLAUSINO,XX
MARAMALDO,XX
FORTALEZA,XX
CANELLAS,XX
MELGACO,XX
TIMOTEO,XX
ZACARIAS,XX
FUJIMOTO,JP
FURLAN,XX
AMADOR,XX
TIBURCIO,XX
MAGNO,XX
MICHELS,XX
BRAVO,XX
TEDESCO,XX
FUTURO,XX
PRAES,XX
PUERARI,XX
ZIMMER,XX
ZIMMERMANN,DE
MAZIERO,XX
FELISBERTO,XX
REGINA,XX
EUGENIO,XX
ADACHI,XX
MAYER,DE
EIRAS,XX
ZETOLES,XX
MICHALSKI,XX
AGOSTINHO,XX
BRETAS,XX
FIGUEROA,XX
MARCHI,XX
TANURE,XX
COAN,XX
ESPINOLA,XX
CONDURU,XX
RAULINO,XX
RAYMUNDO,XX
FRIGO,XX
RAZERA,XX
ROMAN,XX
FERRI,XX
BRIGIDA,XX
MAREGA,XX
PROCOPIO,XX
AGOSTINI,IT
CAHET,FR
ESTEVAM,XX
FROSI,XX
SANTANNA,XX
GONZALES,XX
SABOYA,XX
HIRATA,XX
BERTOLINI,IT
MOULIN,XX
LAPA,XX
URQUIZA,XX
LANNES,XX
VITORIO,XX
LANNA,XX
PARANHOS,XX
HERMANN,DE
HERMES,XX
SOLON,XX
AZAMBUJA,XX
HERRERA,XX
PAMPLONA,XX
TONINI,IT
HOFF,DE
SATURNINO,XX
PALMIERI,IT
BACELLAR,XX
CEOLIN,XX
CURTO,XX
LAMAS,XX
VIRTUOSO,XX
MUNDIM,XX
VIRGINIO,XX
LAFAYETTE,XX
VALES,XX
DELMONDES,XX
DEWES,XX
URBANO,XX
PAGOTO,XX
ULHOA,XX
GUIDA,XX
GUIDI,XX
PEDRAS,XX
SCARANO,XX
DIOGENES,XX
LEIPNITZ,XX
ASSAF,XX
CERVO,XX
MORETTO,IT
DIEB,XX
GUTERRES,XX
LAVRA,XX
PAVAN,XX
CARTAXO,XX
LARANJA,XX
BHERING,XX
BEZERRIL,XX
SORIA,XX
LAURINDO,XX
SABATINI,IT
VOGT,XX
CROSSETTI,IT
CRUVINEL,XX
VIZZOTTO,IT
PATRAO,XX
MORTE,XX
AURELIO,XX
LARANJEIRA,XX
BAGOLIN,XX
MURAKAMI,XX
PEDROTTI,IT
JOAO,XX
JACOBS,XX
JACOME,XX
OLIVA,XX
BALTAR,XX
JAIME,XX
SANDRI,XX
CATAO,XX
CATARINO,XX
KOBAYASHI,JP
BAY,XX
NAZARIO,XX
BAUER,DE
BARACHO,XX
JOIA,XX
JACO,XX
NERIS,XX
NUNEZ,ES
KIMURA,JP
NOVO,XX
JULIO,XX
KASPER,XX
DAMASIO,XX
NINA,XX
SIMONETTI,IT
NORA,XX
BARROCA,XX
BARRADAS,XX
SIMPLICIO,XX
JACOB,XX
JACINTHO,XX
VINAGRE,XX
CASTANHEIRA,XX
BAIMA,XX
KUSTER,XX
SALIM,XX
PACE,XX
VANDERLEI,XX
BELTRAME,XX
NACIF,XX
BALBE,XX
CASSIMIRO,XX
IGREJA,XX
ILHA,XX
VARANDAS,XX
VILLACA,XX
INOJOSA,XX
SILVANO,XX
KUIAVA,XX
SALVIO,XX
KREUTZ,XX
KREMER,XX
BALEN,XX
ISMAEL,XX
CASTELLO,IT
CASTELO,XX
ONO,IT
VILARINHO,XX
OLMEDO,XX
OLIVER,XX
CASTILLO,ES
WALTER,XX
ONOFRE,XX
SPINDOLA,XX
GOSMANN,DE
DRUMMOND,XX
BOEIRA,XX
PERRONI,IT
DONATO,XX
MOITINHO,XX
COURA,XX
TRISTAO,XX
GODEIRO,XX
CARNAUBA,XX
LIMONGI,XX
TOSTES,XX
LIMOEIRO,XX
BONOTTO,IT
DOMINICI,XX
COURY,XX
TROMBINI,IT
ARENA,XX
GLORIA,XX
LORENZO,XX
DOMINGUEZ,ES
WEINTRAUB,XX
BOFF,XX
ARGOLO,XX
WERNER,XX
ARAKAKI,JP
BOM,XX
BOLZAN,XX
PIANCO,XX
ROXO,XX
DORNELAS,XX
MOLL,XX
LIRIO,XX
TRENTIN,XX
LOBOSCO,XX
CHAIN,XX
MONCAO,XX
PEGAS,XX
WEISS,XX
BOHRER,XX
RUA,XX
GONSALVES,XX
BOGEA,XX
LOCATELLI,IT
LOCKS,XX
ARGENTA,XX
PIAIA,XX
CHACON,XX
BORDIGNON,XX
LOUZEIRO,XX
LEONARDO,XX
CORNELIO,XX
WANZELER,XX
LEON,XX
AROUCHE,XX
ARNAUT,XX
MORATELLI,IT
TUPINAMBA,XX
PENEDO,XX
BIONDO,XX
GIRARDI,XX
WATANABE,XX
CRAVO,XX
SOTO,XX
BIZZO,IT
DUQUE,XX
DIONIZIO,XX
ROSIM,XX
SALONE,XX
RIMES,XX
DAFLON,XX
CLEMENTINO,XX
SARINHO,XX
ROSSATO,XX
CIRIACO,XX
DAMACENO,XX
FACCO,XX
DOWSLEY,XX
ROSSETTI,IT
DUNLEY,XX
SANTANDER,XX
SCHEIDT,XX
SARRI,XX
CIPRIANO,XX
CORDOVIL,XX
DUO,XX
SCHLEDER,XX
SALVIANO,XX
SANDER,XX
CLAUDIO,XX
DOTTO,IT
CLAUS,XX
SECO,XX
SANTAREM,XX
CZEPIELEWSKI,PL
ROSAL,XX
DALTRO,XX
ROVARIS,XX
CORSINO,XX
CORAZZA,IT
DUMONT,FR
DANIN,XX
CISNE,XX
CISCOTTO,IT
DALCIN,XX
SCHETTINO,XX
CORBELLINI,IT
DAMACENA,XX
CORONEL,XX
SANMARTIN,XX
DAMKE,XX
DANESE,XX
CORRADI,XX
EZEQUIEL,XX
ROSENO,XX
RISCADO,XX
DAIBERT,XX
SCHERRER,XX
DRUZIAN,XX
ROSALES,XX
CLARO,XX
CIROLINI,IT
DAMBROS,XX
ROSALINO,XX
ROSAR,XX
DALRI,XX
COQUEIRO,XX
DALMOLIN,XX
CLARK,XX
CORVELO,XX
DANZIATO,XX
EUZEBIO,XX
SARDELA,XX
SEDLACEK,XX
SANDRINI,IT
EMERICK,XX
SASAKI,JP
DOCKHORN,DE
RUDAKOFF,XX
CREMASCO,XX
DOMICIANO,XX
SCHUTZ,DE
SAVIOLI,XX
CONSTANCIO,XX
ERICEIRA,XX
SCHWARZBOLD,XX
RODOLFO,XX
RUBINSTEIN,DE
COZENDEY,XX
COLETTO,IT
DETANICO,XX
ERNESTO,XX
ELER,XX
DESIDERIO,XX
ROCKENBACH,DE
DESCHAMPS,XX
DEROSSI,XX
SABENCA,XX
SCHRAMM,XX
SALLENAVE,XX
CREPALDI,XX
EMIDIO,XX
CRESCENCIO,XX
ELLER,XX
SCHROEDER,XX
SCHUCK,DE
CRISTINO,XX
ENDLICH,XX
DILL,XX
SCHULTZ,DE
ROJAS,XX
DIEFENBACH,DE
DITTER,XX
CRISTOVAO,XX
DIVINO,XX
SCALCO,XX
COLPINI,IT
SCHUMANN,DE
ENES,XX
ROMARIZ,XX
SAID,XX
COL,XX
SCOFANO,XX
CUPERTINO,XX
DEMARTINI,IT
RONDON,XX
SCOTELANO,XX
COCO,XX
SCOTTON,XX
CURVO,XX
EGITO,XX
SECCHI,XX
COPATI,XX
COTTA,XX
CLETO,XX
RIZZO,IT
ROZADO,XX
DELFINO,XX
ESQUERRE,XX
CZAIKOWSKI,PL
ESTEPHANIO,XX
COPETTI,IT
DELBONI,IT
DONINI,IT
CURVINA,XX
RUBIM,XX
ROCCO,XX
RUBIN,XX
ROMEU,PT
DEON,XX
SCOPEL,XX
DEOLINDO,XX
ROMIO,XX
DEOCLECIO,XX
CONSTANTINO,XX
SAKAMOTO,JP
CURVELLO,IT
DENIUR,XX
ROCCA,XX
SCORALICK,XX
SCHEFER,XX
SAKIYAMA,JP
EIRADO,XX
CURTY,XX
SALAZAR,XX
ROSITO,XX
LANA,XX
RIGO,XX
NAZARE,XX
LADEIA,XX
MURAD,XX
LACANA,XX
LABOISSIERE,XX
MUSSI,XX
MUSSOI,XX
NADAI,XX
KUNZLER,XX
KUMMEL,XX
KUHN,XX
KUBOTA,XX
NAKAMURA,JP
KOVACS,XX
KOUZAK,XX
KOURY,XX
NAPOLEAO,XX
NAPOLI,XX
NARDOTO,XX
KOHLER,XX
NASSER,XX
NASSERALA,XX
KOGA,XX
NATAL,XX
NATALINO,XX
KOEHLER,XX
LADEIRA,XX
LAIA,XX
LAMEGO,XX
LAURIANO,XX
MORBACH,DE
MORBECK,XX
LELLIS,XX
MORELLI,IT
LEIRIA,XX
MORES,XX
LEGNANI,XX
LEDA,XX
LAZZAROTTO,IT
LAZARO,XX
LAVORATO,XX
LAURIA,XX
MUCHIUTTI,XX
LAURENTINO,XX
LAU,XX
LATINI,IT
LAPOLLI,XX
LANGE,XX
MOUZER,XX
LANG,XX
LANES,XX
LANDIN,XX
LANDAHL,XX
LAMY,XX
NAZAR,XX
NAZARENO,XX
RIELLA,IT
NECKEL,XX
NUERNBERG,DE
JOHN,XX
JOB,XX
JEZUS,XX
JEREMIAS,XX
OKAMOTO,JP
JANSEN,XX
JANEIRO,XX
JAMBEIRO,XX
JALES,XX
OLIMPIO,XX
JAEGER,XX
JACOMINI,IT
JACOBI,XX
JABUR,XX
IZIDORO,XX
OLMOS,XX
ITAPARICA,XX
ISSA,XX
ISRAEL,XX
ORLANDI,XX
ORLANDO,XX
ORNELLAS,XX
ISAIAS,XX
ISABEL,XX
JOSEPH,XX
JOVENTINO,XX
JUENGE,XX
KELLER,XX
NEDER,XX
NERES,XX
NESPOLI,XX
NETO,XX
NEUMANN,DE
NEY,XX
KEUSEN,XX
KERN,XX
NICOLETTI,IT
NICOLI,XX
KELLY,XX
KAWANO,XX
JULIANELLI,IT
KATZ,XX
NISHIMURA,JP
NITA,XX
NIWA,XX
KAMPF,XX
NOE,XX
NOGUEZ,ES
NOMAN,XX
JUNKES,XX
NOTTAR,XX
NOUGA,XX
LEONE,XX
LEONI,IT
LEOPOLDINO,XX
LEOPOLDO,XX
MARCELLO,IT
MELMAN,XX
MARANGON,XX
MELQUIADES,XX
MARACAJA,XX
MANZAN,XX
MENEGAZZO,IT
MANOEL,XX
MENEGUELLI,IT
MANGABEIRA,XX
MENON,XX
MANESCHY,XX
MEOTTI,IT
MANDELLI,IT
MANCIO,XX
MERCADANTE,XX
MERGULHAO,XX
MALTEZ,ES
MALLET,FR
MALIZIA,XX
MALERBA,XX
MALDONADO,XX
MESTER,XX
METZKER,XX
MALAGUTTI,XX
MARCHESE,XX
MARCHETI,XX
MARCHETTI,IT
MARTEL,XX
MASSON,XX
MASO,XX
MATHEUS,XX
MATOLA,XX
MATSUBARA,JP
MARTON,XX
MATTE,XX
MARTINES,XX
MARTINELLI,IT
MATURANA,XX
MARTELL,XX
MARRONI,IT
MARCHINI,IT
MARREIRO,XX
MARREIRA,XX
MAZO,XX
MAZZEI,IT
MAROCCOLO,XX
MARIOTTI,IT
MAZZONI,IT
MECENAS,XX
MARCOS,XX
MARCON,XX
MEIER,FR
MIATELO,XX
MICELI,XX
MICHAEL,XX
MOLINARI,XX
LORENA,XX
LONTRA,XX
LONDERO,XX
MOHR,XX
LOMBARDI,XX
LOMBA,XX
LOLLI,XX
MOISES,XX
LOFRANO,XX
MOIZINHO,XX
LODI,XX
LISA,XX
MOCO,XX
LIPPI,XX
MONNERAT,XX
MONSORES,XX
MONTALVAO,XX
MONTEL,XX
LICHT,XX
LIBERATO,XX
LIBERAL,XX
MONTEZUMA,JP
LEY,XX
LESKE,XX
LORENTZ,XX
MOCELLIN,XX
MAIOLI,XX
MINAMI,XX
MAIO,XX
MICHELIN,XX
MAGANHA,XX
MADEIROS,XX
MILANEZI,XX
MACIAS,XX
MILANO,XX
MILET,FR
MILFONT,XX
MILHOMENS,XX
MILLAN,XX
LUSA,XX
LOSS,XX
LUPORINI,IT
LUNDGREN,XX
LUDVIG,XX
LUDTKE,XX
LUCINARI,XX
LUCIANI,XX
LUCIA,XX
LOZANO,XX
LOYOLA,XX
LOURENCAO,XX
LOUREDO,XX
ISAAC,XX
ORPHAO,XX
ORRICO,XX
GOBETTI,IT
GANDRA,XX
GALUCIO,XX
GALLI,XX
GALHARDO,XX
GALENO,XX
POUBEL,XX
POVOAS,XX
POZZEBON,IT
POZZOBON,IT
GABRIELLI,IT
GABAS,XX
PRASERES,XX
PRAXEDES,XX
PRESSATO,XX
FUCK,XX
FROIS,FR
PROENCA,XX
PROFETA,XX
FRITSCHE,XX
FRINHANI,XX
FRIEDRICH,XX
PRUDENCIO,XX
FREITAG,XX
PUGLIESE,XX
PULINO,XX
GANEM,XX
PONTUAL,XX
PONCIO,XX
GIACOMETTI,IT
PIEDADE,XX
GLAESER,XX
PIERETTI,IT
GITAHY,XX
PIGNATON,XX
PIGNATTI,XX
GIGLIO,XX
GIBSON,XX
GIASSON,XX
GIACOMINI,IT
PILOTTO,IT
GIACOMELLI,IT
PONCE,XX
GHIGGI,XX
PITALUGA,XX
PITANGA,XX
GAZOLLA,XX
GAZOLA,XX
PIVETTA,IT
GAYOSO,XX
GAUDIO,XX
GASPARETTO,IT
POLICARPO,XX
POMBO,XX
PUPO,XX
PUPPIN,XX
FRANKE,XX
FAXINA,XX
FERIGUETTI,IT
FENSTERSEIFER,XX
FENERICH,XX
REDONDO,XX
FELISMINO,XX
REGINATTO,XX
FELGUEIRAS,XX
REICHERT,XX
FEIO,XX
FE,XX
REINO,XX
FAVERI,XX
FERRARO,XX
REMIGIO,XX
RENTE,XX
REQUIAO,XX
RETAMOSO,XX
FARAGO,XX
FANTONI,IT
FANTE,XX
FALEIROS,XX
RICCI,XX
FALCON,XX
FADEL,XX
FERRAO,XX
RE,XX
FRANCK,XX
RABONI,IT
PY,XX
QUELHAS,XX
QUERINO,XX
FORSTER,XX
FORNARI,XX
QUINTANS,XX
QUINTINO,XX
FONTINELE,XX
FONTANIVE,XX
FOLETTO,IT
RABBANI,XX
FLAESCHEN,XX
FERRER,XX
FLACH,XX
RAIOL,XX
FIRMO,XX
FIRMEZA,XX
RAMIREZ,ES
RAMIRO,XX
RAMON,XX
FIONTINA,XX
RAUBER,XX
RAUEN,XX
RAVAGNANI,XX
GOBATTO,XX
GOEBEL,XX
ORSI,XX
GOEDERT,XX
PANCERI,XX
PANTALEAO,XX
PARA,XX
HERINGER,DE
PARAISO,XX
PARANAGUA,XX
PARANAIBA,XX
PAREDES,XX
HEIZER,XX
PARIZOTTO,IT
PARNES,XX
HEDLER,XX
HECKTHEUER,XX
PARRELA,XX
PARRIAO,XX
HASHIMOTO,JP
PASSAGEM,XX
PASSAMANI,XX
PASTORE,XX
PASTORIZA,XX
HANSEN,XX
HALLAL,XX
HAK,XX
PAUFERRO,XX
PAULETTO,IT
PAMPONET,FR
PALUDO,XX
PALOMO,XX
IBIAPINO,XX
INOUE,XX
ORTIS,XX
OSHIRO,JP
IMPROISE,XX
OSTERNO,XX
IKEDA,XX
II,XX
OTERO,XX
IGNACIO,XX
IERVOLINO,XX
IBRAHIM,XX
IBIAPINA,XX
HOLLANDA,XX
OZORIO,XX
PACHA,XX
HUGUENIN,XX
PADOVAN,XX
PAGANOTTI,IT
PAGLIA,IT
HORNINK,XX
PALACIO,XX
HORAS,XX
PALAU,XX
PALHEIRO,XX
HADAD,XX
PAULON,XX
GUSTAVO,XX
GOULARTE,XX
PEROBELLI,IT
PEROSA,XX
GRATAO,XX
PETERSEN,XX
PETRI,XX
GRACIOLI,XX
GRACAS,XX
GRABOIS,FR
PETRIS,XX
PETRONILHO,XX
GOVEIA,XX
PETRUS,XX
PERFEITO,XX
PETRY,XX
GOTELIPE,XX
GOSSLER,XX
GOSS,XX
GORLA,XX
GORDO,XX
PIANTAVINHA,XX
PIASSABUSSU,XX
PIAZ,XX
GOLDENSTEIN,DE
GOIDANICH,XX
PERINI,IT
GRIJO,XX
GUSMAN,XX
GUBERT,XX
GURJAO,XX
PAZETTO,IT
PAZZINI,IT
GULARTE,XX
GUIZZARDI,IT
PECORA,XX
PEDRA,XX
GUIDO,XX
GUERIOS,XX
PEIXE,XX
GUEIROS,XX
GUAZINA,XX
GRILLI,XX
SEIDEL,XX
PELLEGRINI,IT
PELLEGRINO,XX
GUARANHO,XX
GUADAGNIN,XX
PENALVA,XX
GRUBERIO,XX
PEPE,XX
PERALTA,XX
GRIMALDI,XX
GRILLO,ES
GUARNIER,FR
DURANS,XX
BELEM,XX
CAYRES,XX
VERGARA,XX
SIRQUEIRA,XX
BENEDETTI,IT
BORTOLINI,IT
BORTOLI,XX
AMORETTI,IT
VERLY,XX
AMORAS,XX
AMOEDO,XX
BENEVENUTO,XX
SIMONI,IT
YOSHIDA,JP
SIMONASSI,XX
BARTH,XX
VALINO,XX
BORSATO,XX
VIVEIROS,XX
TERRAZAS,XX
BENFICA,XX
VIVAS,XX
VALGAS,XX
CAVASSANI,XX
STRAPAZZON,IT
AMBROZEVICIUS,XX
TERNES,XX
YAMAGUTI,JP
ANDERSON,XX
YAMADA,JP
BRONDANI,XX
CASTANHA,XX
CAON,XX
BELTRAMI,XX
VOLPE,XX
ATANAZIO,XX
CASTANHO,XX
VOLPATO,XX
BOSCO,XX
ANDRETTA,IT
CASTELAN,XX
ANDRES,XX
CASTELLANELLI,IT
BARTZ,XX
VEREDIANO,XX
BEMERGUY,XX
VALVERDE,XX
VOGAS,XX
ANDREATA,XX
TOMASI,XX
TESCH,XX
SIVIERO,XX
CATALDI,XX
BOSAIPO,XX
STOCCHERO,XX
BENITES,XX
AVANCINI,IT
ANGELIS,XX
AVO,XX
ALSINA,XX
BARQUETTE,XX
CERDEIRA,XX
CEREJA,XX
SUDRE,XX
BARONE,XX
CERETTA,IT
VACCARELLI,IT
ALMENDRA,XX
VESCOVI,XX
CAMUEZA,XX
SUGUIURA,XX
BACURAU,XX
SHOCKNESS,XX
BADARO,XX
BONOMO,XX
BERNAL,XX
TORRINHA,XX
TORT,XX
ALFAIA,XX
BERNARDELLI,IT
TOSATTI,XX
BERNARDI,XX
CESARO,XX
ALEXANDRINO,XX
ALT,XX
TORMEN,XX
TEMOTEO,XX
BERG,DE
CANELA,XX
BERALDO,XX
CANEDO,XX
CECILIA,XX
SILOS,XX
AYALA,XX
TONIN,XX
BERBERT,XX
CEIA,XX
VITORIANO,XX
BARRETTO,IT
VERSIANI,XX
BACHMANN,DE
VAL,XX
BUAS,XX
ZAIRE,XX
CANDEIAS,XX
STURMER,XX
BARREIROS,XX
AREAS,XX
BERGAMO,DE
CELLA,IT
VAGO,XX
CENDON,XX
BASSANI,XX
BASTO,XX
UTZIG,XX
BRIDI,XX
VELASCO,XX
WELTER,XX
ARARUNA,XX
TIAGO,XX
SPAGNOL,XX
WERLE,XX
SPADA,XX
TIMM,XX
VEGA,XX
STAIGER,XX
BAYER,XX
BRANCHER,XX
ARALDI,XX
WERMELINGER,DE
WERNZ,XX
ARABE,XX
APRIGIO,XX
CARDENAS,XX
THORPE,XX
APARICIO,XX
CARRICO,XX
ARMANDO,XX
CARRILHO,XX
THOME,XX
WIESE,XX
VENCESLAU,XX
BEDE,XX
ARIMATEA,XX
BREDARIOL,XX
BEATTO,XX
BRAZIL,XX
BRAZAO,XX
BREDA,XX
SPRICIGO,XX
BRAVIN,XX
BRAVIM,XX
CARGNIN,XX
BECHELANY,XX
ARDENGHI,XX
BECK,XX
CARLO,XX
SPERANDIO,XX
TIEPPO,XX
BECKENKAMP,DE
TIETZ,XX
VELLASCO,XX
ARGUELLO,IT
BECKMAN,XX
CARMES,XX
TILLMANN,DE
VENCATO,XX
STABILE,XX
BRANDT,XX
ARNAUD,FR
BRIGIDO,XX
BROCHADO,XX
WILL,XX
BOTTINO,XX
ANTAS,XX
BELIZARIO,XX
TOJAL,XX
CAPP,XX
BELLE,XX
CAPONE,XX
CAPOBIANGO,XX
BELLI,IT
VARANDA,XX
ASSATO,XX
ANISIO,XX
BELLINTANI,XX
STEINMACHER,DE
STEINMETZ,XX
BATTI,XX
BOTAO,XX
VERA,XX
WOLF,XX
BATH,XX
BOSZCZOWSKI,PL
THE,XX
CASSEB,XX
VANZELER,XX
VERCOSA,XX
VARELA,XX
ANTERO,XX
BAU,XX
BELARMINO,XX
VAZQUEZ,ES
ANUDA,XX
AROUCHA,XX
BRABO,XX
BRINGEL,XX
VASSALLO,ES
BOZI,XX
BAUMGRATZ,XX
STAVISKI,XX
VASQUEZ,ES
VASCO,XX
THIMOTHEO,XX
ASCENCAO,XX
ANTONELLO,IT
THIMOTEO,XX
WINTER,XX
BAUMANN,DE
TOEBE,XX
SONEGO,XX
ARY,XX
CASAES,XX
BOULHOSA,XX
BOUDENS,XX
SOMBRA,XX
TOSCANO,XX
BORGATO,XX
SERAFINI,IT
VIDEIRA,XX
CALISTO,XX
BURGOS,XX
VIAL,XX
BERTON,XX
BERTONCELLO,IT
BERTONI,IT
CALIMAN,XX
CABEZAS,XX
AKEGAWA,JP
TAKAGI,JP
BURIL,XX
BOLDRINI,IT
TARACHUCKY,XX
ZATTONI,IT
SENE,XX
VETTORE,XX
SGANZERLA,XX
ZUIN,XX
CAMPANA,XX
ALBANO,XX
VILARINDO,XX
BALDIN,XX
ZARDO,XX
SGORLA,XX
ZARPELON,XX
BIU,XX
CHAMMA,XX
CALVET,FR
VICTORINO,XX
BALIEIRO,XX
SUZANO,XX
TRAVAGLIA,IT
CHIARELLO,IT
CHELOTTI,IT
BARCA,XX
TAKENAKA,JP
TRES,XX
ABOUD,XX
BALBI,XX
BALDUINO,XX
BALBINOT,FR
TAAM,XX
CHINELATO,XX
TANNUS,XX
CHEDID,XX
BIATO,XX
CHIKUSA,XX
BLANCO,XX
VILLANOVA,XX
BARBALHO,XX
ZENI,XX
BARBARA,XX
TAKAHASHI,JP
AGUIRRE,XX
TRZECIAK,XX
CAMARINHA,XX
CAMATA,XX
ABRAMOVICI,XX
SYLVESTRE,XX
TROVAO,XX
BIANCHINI,IT
ACCIOLY,XX
BIZERRA,XX
VILARINS,XX
CAMACHO,XX
BARBIO,XX
AIHARA,JP
BALDEZ,ES
CABREIRA,XX
BICHARA,JP
BOHM,XX
ABELHA,XX
BIASOLI,XX
ZARAGOZA,XX
SHIMADA,XX
ZANONI,IT
ABBADE,XX
TOURINHO,XX
CICERO,XX
CAGNI,XX
CAJUEIRO,XX
SERGIO,XX
CALABRIA,XX
ADERALDO,XX
TURQUE,XX
BARAO,XX
BONATTO,XX
CHRISTO,XX
CALMON,XX
BALMANT,XX
ZANON,XX
TOTO,XX
BALDO,XX
CIDADE,XX
ABADE,XX
BADU,XX
BEZERRO,XX
CAIADO,XX
VIOTTI,IT
ZANETTE,XX
BINI,IT
BERTAGNA,XX
BAETA,XX
CAIXEIRO,XX
CEZARINO,XX
VIGAS,XX
BALTHAZAR,XX
VIOL,XX
SHIMIZU,XX
ZIOLI,XX
BONATO,XX
AFONSECA,XX
SELVA,XX
ALBERNAZ,XX
BARATTO,XX
CHERMAN,XX
TABOSA,XX
TRAPP,XX
CAMPANINI,IT
BARDELLA,IT
ZAPPA,XX
CHERMONT,FR
VINCENT,XX
VIELMO,XX
ABBOUD,XX
ALBERTINI,IT
VICTORIO,XX
BERTHOLDO,XX
ZAPATA,XX
ABDALA,XX
BAIAO,XX
BONATES,XX
ALBERTON,XX
CHRISTOFOLO,XX
TUCCI,XX
BALDISSERA,XX
BIAGI,XX
VENTURINE,XX
NEIA,XX
OCAMPOS,XX
NEMER,XX
ODILON,XX
NELSON,XX
VENTURIM,XX
VENTORIM,XX
OCHOA,XX
OBESO,XX
OCHIRO,JP
NEIS,XX
NEIVAS,XX
NEME,XX
OCHS,XX
VIDELA,XX
OCHIUTO,XX
OBICI,XX
NISHIKIDO,JP
OHANA,XX
ODON,XX
OKANO,XX
OKAZAKI,JP
NECO,XX
NECKER,XX
OKITA,JP
VIDOTE,XX
NAZARI,XX
VIER,FR
VIERA,XX
VIESI,XX
VIESTEL,XX
NAZAL,XX
NAYLOR,XX
OKUMA,JP
OKUMOTO,JP
VENANZONI,IT
VIEZZER,IT
NAVEGA,XX
OLAVIO,XX
VIGAR,XX
OLAVO,XX
OLCHA,XX
OLCZEWSKI,PL
NAVARRETE,XX
VENDEIRO,XX
OKAMURA,JP
VENEZIANI,XX
NEDEFF,XX
NEHME,XX
ODONE,XX
NEGRY,XX
NEGRIZOLI,XX
NEGRINI,IT
NEGRI,XX
ODORICO,XX
VIDIGAL,XX
NEGREDO,XX
OERTEL,XX
OFFREDI,XX
OGA,XX
OGANDO,XX
OGURO,XX
OH,XX
VENERO,XX
VENDRAMIN,XX
VIDIO,XX
NEFFA,XX
NEDIR,XX
VIDOR,XX
OHLWEILER,XX
VENDRAMEL,XX
OBERDIEK,XX
NOVION,XX
NEMETALA,XX
NORO,XX
NOGUERA,XX
NOGUERES,XX
NIELLA,IT
NOGUES,XX
NIELEN,XX
NOJOSA,XX
NIEIRO,XX
NIEDERAUER,DE
NOLASSO,XX
NIECHEL,XX
VERRI,XX
VERONES,XX
NIDECK,XX
NICOLINI,IT
NOMERIANO,XX
NICOLIN,XX
NICOLICH,XX
VERONA,XX
NONNENMACHER,DE
VEROLA,XX
NORAT,XX
NORBERTO,XX
NORFINI,IT
NORJOSA,XX
NORMANDO,XX
VERNER,XX
VERMELHO,XX
VEZU,XX
VIALI,XX
VERSUTI,XX
NOGARA,XX
NIELSEN,XX
NIITSUMA,JP
VESSONI,IT
NISHIMORI,JP
VESSIO,XX
NISHIOKA,JP
NISIMURA,JP
NILTINHO,XX
NISTAL,XX
VESTENA,XX
VESPASIANO,XX
NILO,XX
NITAO,XX
NITSCHKE,XX
NITTO,XX
NIGAM,XX
VERVLOET,FR
VERZOLA,XX
NIEROTKA,XX
VETTER,XX
NIZZO,IT
NOAL,XX
NOBILE,XX
NIERO,XX
VERZELETTI,IT
NIENOW,XX
NIEMEIJER,XX
NOCE,XX
NOCKO,XX
NODARI,XX
NORNBERG,DE
NORTE,XX
OBARA,XX
NICOLE,XX
NESTAL,XX
VERDI,XX
NESPOLO,XX
VICTORA,XX
NOVILLO,ES
NOVINTE,XX
NISHIKAWA,JP
VICTORIANO,XX
NOVIS,XX
VERDERIO,XX
VERDEAL,XX
NOVOCHADLO,XX
NOVODWORSKI,XX
NUCCI,XX
VERDADEIRO,XX
VERDADE,XX
NERO,XX
VERBISCK,XX
NERINO,XX
NUTO,XX
VENUTO,XX
OBADIA,XX
VIDA,XX
NEPOTE,XX
NEORIO,XX
OBANA,XX
NEO,XX
NENTZINSKY,PL
NEMOTO,JP
NOVENA,XX
VERDINI,IT
NOVELLO,IT
NICCHIO,XX
NOSE,XX
NICOLAY,XX
NOTARI,XX
NOTARO,XX
NOTAROBERTO,XX
VIANEL,XX
NICODEMO,XX
VERLEUN,XX
VERGINIO,XX
VERGILIO,XX
NICKEL,XX
VERGETTI,IT
NICIANI,XX
VIARD,FR
NOVELINO,XX
NGUYEN,XX
NEYRA,XX
VERGAMINI,IT
NOVAK,XX
NOVAS,XX
VERGA,XX
VICALVI,XX
NOVATO,XX
VICENTINI,IT
NEVARES,XX
VICENZI,XX
NEUBAUER,DE
VICTER,XX
VELUDO,XX
SEITENFUS,XX
VELTEN,XX
URRA,XX
PARRO,XX
PARRAS,XX
PARRA,XX
PAROS,XX
URCULANO,XX
URDANGARIN,XX
PAROLA,XX
PARODIA,XX
PARMA,XX
PARUSHEV,XX
PARKER,XX
URRUTIA,XX
URSI,XX
PARIZ,XX
PARISE,XX
PARIS,XX
PARINTINTIN,XX
PARGAS,XX
PARSZUTO,XX
URBIETA,XX
PASTANA,XX
PASQUALETTI,IT
PASSIGATTI,XX
PASSETTI,IT
UOIENO,XX
PASSERI,XX
UPASE,XX
URANY,XX
PASQUOTTO,IT
PASQUALIN,XX
PASKULIN,XX
PASCHOALIN,XX
URBAN,XX
URBANETTO,IT
PASE,XX
PASCUAL,XX
URBANETZ,XX
PASCOA,XX
PASCO,XX
PASCHOALINO,XX
PARGA,XX
URTIGA,XX
PARDO,XX
PANTANO,XX
PAPARANA,XX
PAPAIZ,XX
PAPACENA,XX
PANZOLINI,IT
UZIEL,XX
PANZA,XX
VABO,XX
PANTE,XX
PANTALIAO,XX
PARDINI,IT
PANSINI,IT
PANSANI,XX
PANOEIRO,XX
PANKO,XX
PANIZ,XX
PANEGASSI,XX
PANDOLFO,XX
PANDINI,IT
PAPASEIT,XX
PAPI,XX
PARABOCZ,XX
PARACHIN,XX
PARDINHO,XX
PARASKI,XX
URUGA,XX
URZEDA,XX
PARAPAR,XX
USHIROBIRA,XX
USZACKI,XX
UTIYKE,XX
UTSCH,XX
PARAGUAY,XX
PARAGUAI,XX
PARAGINSKI,PL
PARAENSE,XX
UTTA,XX
PARADELA,XX
PARADAS,XX
UYEDA,XX
UNTURA,XX
UNIAS,XX
OLEARE,XX
UCHIYAMA,JP
PEDRADA,XX
UBIRAJARA,XX
PEDI,XX
PEDERNEIRAS,XX
PECORARO,XX
PECORARI,XX
UCHIKAWA,JP
PECLAT,XX
UCHOAS,XX
PEDRAO,XX
PEARCE,XX
UECKER,XX
PAZINATO,XX
UEDA,XX
UEMA,JP
UEMATSU,JP
PAZETO,XX
UEMURA,JP
UBERTI,XX
UBARANA,XX
UNGERICHT,XX
TURGEON,XX
PEGORARO,XX
TURCI,XX
TURCO,XX
TURCOT,FR
PEGHIM,XX
TURECK,XX
PEETERS,XX
TURELLA,IT
TURNES,XX
UBALDO,XX
TUROLA,XX
TUSCO,XX
TUTTMAN,XX
TUTYIA,XX
PEDRON,XX
TUXEN,XX
TWORKOWSKI,PL
UANUS,XX
UETA,XX
PAZES,XX
UEZ,ES
UNES,XX
PATTO,XX
PATRONO,IT
ULTRA,XX
UMBELINO,XX
UMEDA,XX
PATRINIERE,XX
UMPIERRE,XX
PATRIARCA,XX
PATOLEA,XX
PAVLACK,XX
PATOILO,XX
PATO,XX
PATIAS,XX
PATERNO,XX
PATEO,XX
UNGARETTI,IT
PATARRAZ,XX
PASTRO,XX
ULRICHSEN,XX
PATTUSSI,XX
PATURY,XX
PATZLAFF,XX
PAVARINO,XX
UEZU,XX
PAVANI,XX
UGGIONI,IT
PAUMGARTTEN,XX
PAULOZZI,IT
UJIKAWA,JP
PAULITSCH,XX
ULIAN,XX
ULIANA,XX
PAULINELLI,IT
ULIANI,XX
PAULAGAMA,XX
ULISSES,XX
PAUL,XX
ULKOWSKI,PL
PATZOLD,XX
PANDILHA,XX
PANCOTTO,IT
PANCIERA,XX
OROZCO,XX
ORTHA,XX
ORTH,XX
ORTEGAL,XX
VARGES,XX
NAVAI,XX
ORRU,XX
VARIANO,XX
VARJAO,XX
OROSCO,XX
ORTINS,XX
ORO,XX
VAROTTO,IT
VARSAMIS,XX
ORMONDE,XX
ORMOND,XX
ORMAY,XX
ORLEAN,XX
VASSALO,XX
ORTIGARA,XX
VARASQUIM,XX
VACCARI,XX
OSTRITZ,XX
VANTI,XX
OTHARAN,XX
VANZELOTTI,IT
OTAVIANO,XX
OTANI,XX
OSUNA,XX
VANZETTO,IT
OSTWALD,DE
OSTI,XX
VARASCHIN,XX
VANZILLOTTA,XX
OSOWSKI,PL
VARAO,XX
OSMAR,XX
OSMAN,XX
ORVIEDO,XX
ORTONCELLI,IT
ORTOLANI,XX
ORGAMBIDE,XX
ORELLANA,XX
ORDONEZ,ES
OLIVAS,XX
OLIVO,XX
VEGINI,IT
OLIVEIRAS,XX
VEIMROBER,XX
VELASQUES,XX
OLIVE,XX
VELASQUEZ,ES
VELAZQUEZ,ES
VELICHKOVICH,XX
ORAIR,XX
OLIVAL,XX
VELLAME,XX
OLIONI,IT
OLINTO,XX
VELOZO,XX
OLGADOR,XX
OLEGINI,IT
OLEGARIO,XX
VEECK,XX
VEDOY,XX
OLSCHEWSKI,PL
OLSEN,XX
VAZZOLER,IT
VEBER,XX
OPITZ,XX
VECCHI,XX
VECCHIA,IT
VECCHIO,XX
VECHIA,IT
ONERIO,XX
ONEL,XX
ONCAY,XX
VEDI,XX
OMAIRI,XX
OLZOG,XX
OLYNTHO,XX
OLVERA,XX
OLTRAMARI,XX
OLSSON,XX
OTHECHAR,XX
VANOLLI,XX
OTTAIANO,XX
PALAZOLLI,XX
VALDUGA,XX
VALENCIA,XX
PALHAO,XX
PALHA,XX
PALGROSSI,XX
PALERMO,XX
VALENTINI,IT
VALER,XX
VALERA,XX
PAIAO,XX
VALERINI,IT
PALACKY,XX
PALACIOS,XX
VALERO,XX
VALIATI,XX
PAISANI,XX
VALIM,XX
VALIN,XX
PALITOL,XX
PALLA,XX
PALM,XX
VALDRIGHI,XX
VACCARO,XX
PANASIEWICZ,PL
PAN,XX
VAINE,XX
PALUMA,JP
PALUCH,XX
PALOSCHI,XX
PALOS,XX
VAINFAS,XX
PALOMINO,XX
PALOMBO,XX
PALMISCIANO,XX
VALAMATOS,XX
PALMIER,FR
VALCARENGHI,XX
PALMERIM,XX
VALDEVINO,XX
PAIRE,XX
PAGY,XX
VANJURA,XX
OURO,XX
OZGA,XX
OZEKI,XX
OYAMA,JP
OYAFUSO,XX
OVIDES,XX
OVANDO,XX
OUTERELO,XX
VANAZZI,IT
VANDERLEY,XX
PAGOTTO,IT
OURIQUES,XX
OURIQUE,XX
OUEDRAOGO,XX
VANINI,IT
OTUBO,XX
OTTONI,IT
OTTO,IT
OTTIS,XX
VAN,XX
VALVIESSE,XX
PACATUBA,XX
PACHE,XX
PAGNONCELLI,IT
VALLADAO,XX
PAGATINI,IT
VALLADARES,XX
PAGANO,XX
PAGANI,XX
PAEL,XX
VALLEJO,XX
PADRONES,XX
PADRE,XX
PADOVANI,XX
VALLER,XX
VALLIER,FR
PACO,XX
VALLVE,XX
VALOIS,FR
VALTAO,XX
NAVARINI,IT
NACHABE,XX
VIGATA,XX
MICALI,XX
MICHELON,XX
ZAFFALON,XX
MICHELLUZZI,IT
MICHELLI,IT
ZAGAGLIA,IT
MICHELI,XX
MICHELETTE,XX
ZAGANELLI,IT
MICHELATO,XX
MICHELAN,XX
ZAGHETTO,IT
ZAGOTO,XX
MICHALCZUK,UA
MICHAILIDIS,XX
ZAHAIKEVITCH,RU
ZAIDMAN,XX
MICHA,XX
ZALIS,XX
ZALTRAO,XX
ZACHOW,XX
MICHNIK,XX
MIDDLETON,XX
ZABOETZKI,XX
YUNG,XX
YURTSEVER,XX
MILAN,XX
ZABEL,XX
ZABIELA,XX
MILAGRES,XX
MILAGRE,XX
MIGUENS,XX
MIGUEIS,XX
MIDORIKAWA,JP
MIGLORANCIA,XX
MIGLIORINI,IT
MIGLIARDI,XX
ZABOT,FR
ZACARIOTTO,IT
ZACCARO,XX
MIGITA,XX
MIERES,XX
MICCAS,XX
MIBIELLI,IT
MILANELLO,IT
ZALUAR,XX
ZANA,XX
ZANARDO,XX
ZANATA,XX
ZANCANARO,XX
ZANCHETTIN,XX
MERINI,IT
MERIGUI,XX
ZANCHI,XX
ZANDAVALLI,XX
MERIDA,XX
ZANDOMENICO,XX
MERGAR,XX
MEREGE,XX
MEREB,XX
MERCURI,XX
ZANDOMENIGHI,XX
MERCALDO,XX
MERCADO,XX
ZANDONAI,XX
MERINO,XX
MERLY,XX
MERMIRIS,XX
ZAMBA,XX
MIASATO,XX
MIARI,XX
MIANA,XX
MEZZOMO,IT
MEZRAHI,XX
MEZECH,XX
MEZAVILLA,XX
MEZACASA,XX
ZAMBE,XX
ZAMPIRON,XX
ZAMBENEDETTI,IT
ZAMBERLAN,XX
MESSAGI,XX
MESSAGE,XX
MESSA,XX
ZAMBONIN,XX
ZAMIN,XX
ZAMPIER,FR
YULE,XX
YOUSSEF,XX
NATILI,XX
MINSKI,PL
WOICOLESCO,XX
MISHMISH,XX
MISCHIATTI,XX
MIRON,XX
MIRANDOLA,XX
WOLGAMOTT,XX
MIRAGLIA,IT
WOLHER,XX
WOLLMANN,DE
WOLNEY,XX
WOLNIEWICZ,PL
MIQUELITO,XX
WONDRACEK,XX
WOORTMANN,DE
WOSGRAU,XX
MIODOWNIK,XX
MINUZZI,IT
WRIGHT,XX
WU,XX
MISSIAGGIA,XX
WOEHL,XX
MISSIAS,XX
MITSUNAGA,JP
WISNIESKI,XX
MIYASAKI,JP
WITECK,XX
MIYAMOTO,JP
MIYAKODA,JP
MIYAHIRA,JP
MITTEROFHE,XX
MITTERHOFER,XX
WITSCHORECK,XX
MISSIUNAS,XX
WITT,XX
MITRE,XX
MITRAUD,FR
MITKIEWICZ,PL
MITEL,XX
MISZKOVSKI,PL
WITTMANN,DE
MISURINI,IT
MINTEGUI,XX
MINOSSO,XX
YOUNG,XX
MINILLO,ES
MILLEO,XX
YAGODNIK,XX
MILLA,XX
MILL,XX
MILKI,XX
MILITANI,XX
YAMANAKA,JP
YANAI,XX
YASSINE,XX
YAWANAWA,JP
MILENA,XX
MILECK,XX
YIP,XX
MILBRADT,XX
YOKOYAMA,JP
MILARE,XX
YONAMINE,XX
YONG,XX
MILANIO,XX
YACUBIAN,XX
YACOVENCO,XX
MINASI,XX
MINGARDI,XX
MINI,IT
WULHYNEK,XX
WUNDHEILER,XX
MINHOTO,XX
MINHAQUI,XX
MINGRONE,XX
MINGHETTI,IT
WUNSCH,XX
MING,XX
MINATTO,XX
MINERVINI,IT
MINEO,XX
XANTHAKOS,XX
MINELLO,IT
XIKOTA,XX
XIMENDES,XX
MINE,XX
MINCHIO,XX
MERABET,FR
ZANELA,XX
ZANELATO,XX
MATURINO,XX
MAXTA,XX
ZISER,XX
ZOCA,XX
MAXIMA,XX
MAX,XX
ZOGHBI,XX
ZOLET,FR
ZOLOTAR,XX
ZOQUI,XX
MAVIGNIER,FR
MAUX,FR
ZORZAN,XX
ZORZELA,XX
MAUES,XX
MAUERWERK,XX
ZORZI,XX
ZOTELI,XX
MAUER,DE
MAUA,XX
ZIOLKOSKI,XX
MAYWORM,XX
ZINELLI,IT
ZILLMER,XX
ZICA,XX
MAZZUCO,IT
ZIDDE,XX
ZIELINSKY,PL
ZIESEMER,XX
MAZZUCCHELLI,IT
ZILE,XX
MAZZOCCO,IT
MAZZO,IT
MAZACOTTE,XX
MAZZILLO,IT
MAZZEU,FR
ZIMBRES,XX
MAZURKIEVICZ,PL
ZIMERMANN,DE
ZINADER,XX
MAZALI,XX
MAZAGAO,XX
MATUSZAK,XX
ZSOGON,XX
ZANELLA,IT
MATUMOTO,JP
MATIOLI,XX
MATINADA,XX
MATIELLO,IT
ZUVANOV,RU
MATHIES,XX
ZUZA,XX
ZUZARTE,XX
MATEU,FR
MATEI,XX
MATASSOLI,XX
MATARUCO,XX
MATARELLI,IT
MATACHON,XX
ZWICK,XX
MASUDA,XX
MASTRODOMENICO,XX
MASTRANGELO,XX
ZYCH,XX
MASTELLA,IT
MATION,XX
MATIOTTI,IT
ZUPPANI,XX
MATTANA,XX
ZUBCOV,XX
MATTOSO,XX
MATTOSINHO,XX
ZUBICUETA,XX
ZUCK,XX
MATTIELLO,IT
ZUFFI,XX
MATTAR,XX
ZUFFO,XX
ZUNIGA,XX
ZUGAIB,XX
MATSUUCHI,JP
ZUGLIANI,XX
MATSUSHITA,JP
MATSUMURA,JP
ZUNEDA,XX
MATOZO,XX
MATOSO,XX
MCCALLUM,XX
MCNAMARA,XX
ZIBETTI,IT
ZHYDENKO,XX
MENEGHEL,XX
MENEGHATTI,XX
MENEGATTI,XX
MENEGATHI,XX
MENEGASSO,XX
MENEGASSI,XX
MENDOZA,XX
MENDEZ,ES
ZAPPAROLI,XX
MENDANHA,XX
MENDA,XX
MEMBRIVE,XX
ZAPPE,XX
MELOTTI,IT
ZARATE,XX
ZARDINI,IT
ZARRAGA,XX
ZARZAR,XX
MELLER,XX
MENEGHINI,IT
MENEGON,XX
MENEGOTTO,IT
MENINI,IT
MERA,XX
ZANELLATO,XX
MENUCCI,XX
MENONI,IT
ZANGELMI,XX
MENKE,XX
MENINO,XX
ZANIN,XX
MENICUCCI,XX
ZAO,XX
MENGALI,XX
ZANOTELLI,IT
MENEZ,ES
ZANOTTI,IT
MENEGUETTI,IT
ZANUNCIO,XX
ZANUZZO,IT
MENEGUCI,XX
MELLADO,XX
MELIS,XX
MELINK,XX
MEDRANO,XX
ZELLA,IT
MEHLER,XX
MEGNA,XX
ZEM,XX
ZEN,XX
ZENEVICZ,PL
MEGALE,XX
MEGA,XX
ZEPON,XX
MEINERZ,XX
ZERBINATTI,XX
MEDICE,XX
ZERLOTINE,XX
MEDEIRO,XX
MEDAGLIA,IT
ZEVE,XX
ZGODA,XX
MECELIS,XX
MEIMES,XX
ZELAYA,XX
MELIGA,XX
MELCHIONNA,XX
ZATONI,IT
MELHADO,XX
MELGUEIRO,XX
ZATTAR,XX
MELCHIORS,XX
ZATTI,XX
ZAVA,XX
MELCHIOR,XX
ZAVALA,XX
ZEDES,XX
MELATO,XX
ZAWALSKI,XX
ZECA,XX
MELAHI,XX
ZECHINATTO,XX
MEIRINO,XX
ZEDE,XX
MEIRELIS,XX
WIPPEL,XX
MIYASATO,JP
MIYASHIRO,JP
MRUE,XX
MUNCK,XX
MUNCH,XX
VIRGULINO,XX
MULINARI,XX
MULIN,XX
VISCONTI,XX
MULATO,XX
MULATINHO,XX
MULATI,XX
MUHSSEN,XX
MUGGIATI,XX
VISENTINI,IT
VISGUEIRO,XX
MUCURY,XX
MUCIO,XX
VISQUETTI,IT
MUCIDA,XX
VITA,XX
MUCHENSKI,XX
MUND,XX
VIRGOLINO,XX
MUNDOCO,XX
VINHA,XX
MURICY,XX
MURCA,XX
MURATT,XX
MURATORI,XX
MURALIKRISHNA,XX
VINCLER,XX
MURADAS,XX
VINECKY,XX
MUNZLINGER,DE
MUNEIRO,XX
MUNSIGNATTI,XX
VINISKI,XX
VINKE,XX
MUNOZ,XX
VIOLETTI,IT
VIOTT,XX
VIRGILIO,XX
MUNHAK,XX
MUAZE,XX
MROZINSKI,PL
VLNIESKA,XX
MOZZER,IT
MOTOMIYA,XX
VIVIAN,XX
MOSTER,XX
MOSTAJO,XX
MOSTAFA,XX
MOSTACATO,XX
MOSSRI,XX
MOSSO,XX
MOSIMANN,DE
VIVIANE,XX
MOSELLI,IT
MOSCOSO,XX
MOSCHINI,IT
VIVIANI,XX
MOSCAVITCH,RU
VIZIOLI,XX
MOSCARDINI,IT
MOSANER,XX
MORUZZI,IT
MOTTER,XX
VIVAN,XX
MOTTOLA,XX
VITORINI,IT
VITALINO,XX
MOZZATO,IT
MOYSES,XX
VITEK,XX
VITI,XX
VITO,XX
VITOLA,XX
VITORETTI,IT
MOUSSALLEM,XX
VIVACQUA,XX
MOURTHE,XX
MOURE,XX
VITTI,XX
VITTORASSI,XX
VITTORAZZE,IT
VITTORI,XX
VITULLO,ES
MOUCO,XX
MURILA,XX
MURITIBA,XX
MURO,XX
VILVERT,XX
VILARONGA,XX
NANNI,XX
NANES,XX
NANA,XX
NAMETALA,XX
NAMEM,XX
NAME,XX
NALIO,XX
NALIN,XX
VILASBOAS,XX
VILDOSO,XX
NALESSO,XX
NALEPA,XX
NALDI,XX
NAKAUTH,JP
NAKATA,JP
NAKASHIMA,JP
NAKAO,JP
NAKANO,JP
NAPOLITANO,XX
NAPPO,XX
NARA,XX
VILANOVA,XX
NATI,XX
NATHAN,XX
NATALIZI,XX
VIGLIONI,IT
VIGNATTI,XX
VILALVA,XX
VILAMAIOR,XX
NASR,XX
VILARES,XX
NARCISO,XX
NASCENTE,XX
NASARETH,XX
NARVAES,XX
NARLOCH,XX
NARINO,XX
NARDULLI,XX
NARDUCCI,XX
NARDINO,XX
VILHALVA,XX
NAKAHORI,JP
NAKAHARA,JP
MUSTACCHI,XX
VILLARDO,XX
VILLARIM,XX
NACHBIN,XX
PEIXINHO,XX
MUZZI,IT
MUZY,XX
MUSTRANGE,XX
MUSTAFA,XX
VILLARINHO,XX
NADALETTO,IT
MUSSLINER,XX
VILLAVERDE,XX
MUSSATO,XX
VILLAVICENCIO,XX
MUSSALEM,XX
MUSOLINO,XX
MUSIAL,XX
MURTINHO,XX
NADAIS,XX
NADALIN,XX
VILHAMOR,XX
NAGY,XX
NAKAGUMA,JP
NAKAGAWA,JP
NAJMAN,XX
NAIFF,XX
NAIDON,XX
NAHU,XX
NAHES,XX
NAHABEDIAN,XX
NAGIB,XX
NADER,XX
VILLA,XX
NAGEL,XX
NAGATA,XX
NAGANO,XX
NAGAMINE,XX
NAGAHAMA,XX
NAEGELE,XX
NADOLNY,XX
VIZOTTO,IT
VOGEL,XX
MIYATA,JP
WESSLING,XX
WEIZENMANN,DE
MONETTO,IT
MONERAT,XX
MONDINI,IT
WEKSLER,XX
WELLISCH,XX
MONDAINI,IT
WENDHAUSEN,XX
WENNA,XX
MONASTERIO,XX
WERLANG,XX
MONARCHA,XX
MOMM,XX
MOMBACH,DE
MOLON,XX
MOLNAR,XX
MOLLER,XX
MOLLARD,FR
WERLICH,XX
MONFARDINI,IT
MONGE,XX
MONIZ,XX
WEIK,XX
MONTARROYOS,XX
MONTANO,XX
MONTANI,XX
MONTANHEIRO,XX
WEIDLICH,XX
MONTANHA,XX
MONTANDON,XX
MONTANARI,XX
WEILER,XX
WEIPRECHT,XX
WEIMAR,XX
MONTALEONE,XX
MONTAL,XX
WEINGAERTNER,DE
MONSANTO,XX
MONROE,XX
MONREAL,XX
WEININGER,DE
MOLITERNO,XX
WESTMANN,DE
VOLANTE,XX
MOLIN,XX
WILLRICH,XX
MOELLER,XX
MODULO,XX
MODRIJAN,XX
MODOLO,XX
WILOT,FR
MODES,XX
WIMMER,XX
MODENEZI,XX
WINCH,XX
WINCKLER,XX
MOCHEL,XX
MOCELIN,XX
WIONCZAK,XX
MIZUSHIMA,JP
MIZUNO,XX
MIZRATTI,XX
MIZOGUCHI,JP
MIYAZAWA,JP
WILLIANSON,XX
WILLIAMS,XX
MOELLMANN,DE
WIELE,XX
MOLEDO,XX
WESTRUPP,XX
WETTERLING,XX
MOLA,XX
MOKDSE,XX
WICHERS,XX
MOITTA,XX
WICIUK,XX
WIENSKOSKI,XX
MOESCH,XX
WIETHAN,XX
WIGGERS,XX
MOI,XX
WILDBERGER,DE
MOHSEN,XX
MOGAMI,XX
MOFATTO,XX
WILLE,FR
WEIDE,XX
WEIBERG,DE
WECKMULLER,DE
MONTELLI,IT
MORETHSON,XX
MORET,FR
WAIDEMAM,XX
MORESCO,XX
WAIK,XX
MORESCHI,XX
MORERA,XX
WAJSENZON,XX
WAKED,XX
WAKIYAMA,JP
MORENA,XX
MORELLO,IT
WAKULICZ,XX
WALBORN,XX
MORELL,XX
WALCACER,XX
WALDRICH,XX
WALKER,XX
MORELATO,XX
WACHOWICZ,PL
WACHHOLZ,DE
VULCANIS,XX
MORINI,JP
MORTARI,XX
MORRISSON,XX
VOLKMER,XX
MOROMIZATO,XX
VOLPATTO,XX
MORITA,JP
MORIOKA,JP
VOLPIN,XX
MORIMOTO,JP
MORGADES,XX
VONSNIEVSKI,PL
MORILHAS,JP
MORIL,JP
VOSMIRKO,XX
VOSS,XX
VUADEN,XX
MORGAN,XX
VUELTA,XX
WALLER,XX
WALMSLEY,XX
MOREGOLA,XX
MONTIJO,XX
MORAGA,XX
WAVZINSKI,PL
MORADO,XX
MORADEI,XX
MOORE,XX
MONTURIL,XX
MONTORIL,XX
MONTILLO,ES
MONTEZE,XX
WATZKO,XX
WAY,XX
WAZLAWOSKY,XX
WEAVER,XX
WEBA,XX
MONTERAZO,XX
WEBBER,XX
WECHI,XX
MONTEMAGGIORE,XX
WAUKE,XX
WATSON,XX
MOREAU,FR
WANGAN,XX
MORE,XX
WALTENBERG,DE
WALTZ,XX
WANDERER,XX
MORATORI,XX
MORATO,XX
WANDERLEI,XX
WANDERMUREM,XX
WASCONCELOS,XX
MORAL,XX
WASILEWSKI,PL
MORASCO,XX
MORANO,XX
MORANDO,XX
MORANDINI,IT
MORANDI,XX
WATANUKI,XX
MORALECO,XX
TURBIANI,XX
PERRANDO,XX
TURA,XX
SPARVOLI,XX
RUBINO,XX
RUBINI,IT
SPEDO,XX
SPERANCA,XX
RUBIK,XX
RUBIA,XX
RUBERT,XX
RUBEL,XX
RUBARTH,XX
RUBACK,XX
SPERLING,XX
SPESANI,XX
SPESSATTO,XX
ROZZINI,IT
SPINDLER,XX
ROZNOWSKI,PL
ROZARIO,XX
SPINOSA,XX
SPITZ,XX
SPECHT,XX
SPARREMBERGER,DE
SPOLLE,XX
SPARANO,XX
RUPPENTHAL,XX
RUNCO,XX
RUMOR,XX
SOTT,XX
RUIVO,XX
RUGGI,XX
SOTTOCORNOLA,XX
SOUBHIA,XX
SOUDER,XX
RUFFATTO,XX
RUFATO,XX
RUELA,XX
SPACEK,XX
RUEDA,XX
RUDORFF,XX
RUDOLPH,XX
RUCKERT,XX
RUCHEL,XX
SPAGNHOL,XX
SPOLIDORIO,XX
SPONCHIADO,XX
RUSCHEL,XX
ROSTIROLA,XX
ROSSINI,IT
STADLEWSKI,PL
ROSSETTO,IT
STAHL,XX
STAHLSCHMIDT,XX
ROSSETO,XX
ROSSETI,XX
STALLIVIERE,XX
ROSSE,XX
ROSSATTO,XX
STALLIVIERI,IT
STAMATTO,XX
STAMM,XX
MASSOTTI,IT
ROSSAS,XX
ROSOLEN,XX
ROSINDO,XX
STANCHER,XX
ROSENTHAL,XX
ROSSTER,XX
ROSTIROLLA,XX
ROX,XX
ROSTY,XX
SPOTORNO,XX
SPOZITO,XX
ROWEDER,XX
ROVERI,XX
SPRIOLI,XX
ROVAI,XX
ROUXINOL,XX
ROUSSEAU,FR
ROUBACH,DE
ROTONDI,XX
ROTONDARO,XX
ROTINI,IT
SQUEFF,XX
SQUIRES,XX
STAATS,XX
ROTHER,XX
STABENOW,XX
ROTH,XX
ROTELLA,IT
RUSCH,XX
RUSCHMANN,DE
REYS,XX
SALAS,XX
SALABERRY,XX
SAKUGAWA,JP
SAKOWSKI,PL
SOLER,XX
SAKARELA,JP
SAKANO,JP
SOLIDONIO,XX
SOLINO,XX
SOLLA,XX
SOLLER,XX
SOLODOV,XX
SAKAI,JP
SOLOUKI,XX
SAIS,XX
SOMACAL,XX
SAGGIORO,XX
SAGGIORATTO,XX
SAGARRA,XX
SAFT,XX
SALABERT,XX
SOLE,XX
SAEZ,ES
SOLANO,XX
SALLABERRY,XX
SALLA,XX
SALINO,XX
SALINEIRO,XX
SALINA,XX
SOBRINHO,XX
SOBROSA,XX
SALHA,XX
SOCCOL,XX
SOETH,XX
SOHSTEN,XX
SOL,XX
SALERNO,XX
SALERMO,XX
SALEME,XX
SALEM,XX
SALDIA,XX
SOLAIRA,XX
SALCEDO,XX
SAFRA,XX
SOMBRIO,XX
SOTERO,XX
SORGINE,XX
SAAVEDRA,XX
SORIO,XX
SAADI,XX
SOROMINE,XX
SAAB,XX
SORRENTINO,XX
S,XX
RZEZINSKI,PL
RYPL,XX
RYBANDT,XX
SORRILLA,XX
RUTZ,XX
RUTKOSKI,XX
RUSSELL,XX
SOSINHO,XX
RUSIN,XX
RUSHANSKY,XX
SOTE,XX
SOTELI,XX
SABADINI,IT
SABBA,XX
SOMENZARI,XX
SORBILLE,FR
SADER,XX
SADE,XX
SAD,XX
SACILOTTO,IT
SACILOTO,XX
SONG,XX
SACHSIDA,XX
SACHS,XX
SACENTI,XX
SONKAJARVI,XX
SACEANU,XX
SACCO,XX
SACCAB,XX
SONODA,XX
SABOR,XX
SONZA,XX
SOPCHAKI,JP
SOPELETE,XX
SOPRANE,XX
STANGER,XX
STANZANI,XX
STANZIONE,XX
RITO,XX
RISTOW,XX
SUARES,XX
SUASSUNA,XX
RISSO,XX
SUBRINHO,XX
RISSINO,XX
SUBTIL,XX
SUCENA,XX
RISS,XX
SUCRO,XX
RIQUELME,XX
SUDA,XX
RIOTINTO,XX
SUGIMOTO,JP
SUGIYAMA,JP
RIOJA,XX
RIO,XX
RINALDI,XX
RIMOLO,XX
STYBEL,XX
RITTA,XX
RILHO,XX
RIVAS,XX
ROBERS,XX
ROBBA,XX
ROBALO,XX
ROBALINHO,XX
ROBAINA,XX
STRATZ,XX
STREG,XX
STREGLIO,XX
ROBAERT,XX
STREMEL,XX
RIZZINI,IT
RIZZI,IT
RIVOIRE,XX
STRONZAKE,XX
STUDART,XX
STUMM,XX
STUQUI,XX
RIVIECCIO,XX
RIVELO,XX
SUGUINO,XX
SUHETT,XX
ROSEMBERG,DE
SULZBACHER,XX
RICHARD,FR
SUNDIN,XX
RICHA,XX
RICCOBENE,XX
SUNI,XX
RICCIARDI,XX
SUPPO,XX
RICAS,XX
SURDINE,XX
SUSKI,XX
SUTIL,XX
RIBOVSKI,PL
RIBOLI,XX
SUZARTE,XX
RHODE,XX
REZNIK,XX
REZIO,XX
SUZUMURA,JP
SVAITER,XX
SUMIYA,XX
RICOBOM,XX
RIJO,XX
RICORDI,XX
RIGUEIRA,XX
RIGOTTI,IT
RIGODANZO,XX
RIGOBELLO,IT
SUJONO,IT
SULIS,XX
RIGITANO,XX
RIGATTI,XX
RIGAO,XX
RIESGO,XX
RIERA,XX
SULTANI,XX
RIEHM,XX
RIEFFEL,XX
RIEDO,XX
RIEDNER,XX
SULZBACH,DE
RIEDI,XX
RIEDERER,XX
ROBERTI,XX
STRASSBURGER,XX
ROBSON,XX
RONDINA,XX
RONCATO,XX
ROMULO,XX
STEFFENS,XX
STEIER,FR
STEIL,XX
STEIM,XX
STEIN,DE
ROMEO,XX
ROMARO,XX
STEKEL,XX
ROMARIS,XX
STELMASZCZYK,UA
STENDER,XX
STENSJO,XX
ROMANIUK,XX
ROMANINI,IT
ROMANELLI,IT
ROMANCINI,IT
STEPHAN,XX
RONCONI,IT
STEFENS,XX
STRADIOTTO,IT
STEFENON,XX
ROSE,XX
ROSCOCHE,XX
ROSCANI,XX
STAPELFELDT,DE
STAPENHORST,XX
STARMAC,XX
STAUDT,XX
STAVALE,XX
STECCA,XX
ROSADA,XX
STECKELBERG,DE
STEFANINI,IT
RORATO,XX
STEFANO,XX
ROQUETTE,XX
ROQUETE,XX
STEFANUTTI,XX
ROPPA,XX
STEFANUTTO,XX
ROMAGNOLI,XX
ROMA,XX
ROLO,XX
STERVINOU,XX
ROECKER,XX
ROEBER,XX
STILBEN,XX
STOFEL,XX
RODRIGERI,XX
RODOPOULOS,XX
STOFFEL,XX
STOINSKI,PL
RODAS,XX
STOLAR,XX
RODARTE,XX
STOLL,XX
ROCIO,XX
STORANI,XX
ROCINSKI,PL
ROCILDO,XX
ROCHO,XX
STORCH,XX
STORTI,XX
ROEHE,XX
ROEHRS,XX
ROGUS,XX
STIEGEMEIER,FR
STERZA,XX
STEUERNAGEL,XX
ROLLEMBERG,DE
ROLLA,XX
ROLIN,XX
ROLDO,XX
STEWART,XX
STIEGELMAIER,FR
ROLDAN,XX
ROHDE,XX
ROLAND,XX
STIEGLITZ,XX
STIEGLIZ,XX
ROJAHN,XX
ROIFE,XX
ROHRS,XX
ROHLFS,XX
ROHLEDER,XX
SALLAS,XX
SOBOTA,XX
SOBOSLAI,XX
SCHOEN,XX
SCHNELLRATH,XX
SCHNEIDERS,XX
SERRAGLIO,XX
SERRAIPA,XX
SERRALHEIRO,XX
SCHMITKE,XX
SERRAN,XX
SCHMITH,XX
SERRES,XX
SCHMID,XX
SERRIDGE,XX
SCHMALZ,XX
SCHLOSSER,XX
SCHLOEGL,XX
SERTOLI,XX
SCHLINDWEIN,XX
SERVILHA,XX
SCHLICHTING,XX
SCHLEICHER,XX
SCHNURR,XX
SCHOLZ,DE
SETIMI,XX
SCHOMMER,XX
SCHUARTZ,DE
SCHROLL,XX
SERIQUE,XX
SCHRODER,XX
SERMAN,XX
SCHROCK,XX
SERMANN,DE
SCHREINER,XX
SERMOUD,XX
SCHRAM,XX
SERQUEIRA,XX
SCHRAIBER,XX
SCHOTTS,XX
SCHOTTEN,XX
SERRACENI,XX
SCHOSSIG,XX
SCHOR,XX
SCHONS,XX
SERRADO,XX
SETE,XX
SETRAGNI,XX
SHIKIDA,XX
SCHENKMAN,XX
SCHENEIDER,XX
SCHENATZ,XX
SCHEMES,XX
SHARIF,XX
SCHELP,XX
SCHELLER,XX
SHERRILL,XX
SCHELESKY,XX
SHIBAYAMA,JP
SCHEIDEMANTEL,XX
SCHEID,XX
SCHEIBEL,XX
SCHEFFER,XX
SHIBAZAKI,JP
SHIGUEMOTO,JP
SCHEFFEL,XX
SHIH,XX
SHIKASHO,XX
SCHEEREN,XX
SHAKIR,XX
SCHEPPA,XX
SCHITTINI,IT
SGUAREZI,XX
SETTE,XX
SCHIRMER,XX
SETTI,IT
SCHIPMANN,DE
SCHIOZER,XX
SEUFITELLIS,XX
SEVILHANO,XX
SCHINCARIOL,XX
SEVILLA,XX
SFOGLIA,IT
SCHILD,XX
SCHIEL,XX
SCHIAVUZZO,IT
SCHIAVONI,IT
SCHIAVON,XX
SGARABOTO,XX
SGARBI,XX
SCHETTINI,IT
SCHERRE,XX
SCHUCH,DE
SERIKAWA,JP
SCHUELER,DE
SEERIG,XX
SEDON,XX
SELLOS,XX
SEDIYAMA,JP
SEDICIAS,XX
SEDDON,XX
SEDAN,XX
SECUNHO,XX
SELVAS,XX
SEMENSATO,XX
SEMER,XX
SECORUN,XX
SEMI,XX
SECKLER,XX
SECCHIN,XX
SEMPIONATO,XX
SEMPLE,XX
SENCADES,XX
SEBATA,XX
SEBASTIAO,XX
SEEFELDER,XX
SEFER,XX
SCHUERTZ,DE
SELLI,IT
SEIDENKRANZ,XX
SEITZ,XX
SEICEIRA,XX
SEIBEL,XX
SEIA,XX
SEHNEM,XX
SEHN,XX
SEGGES,XX
SEGER,XX
SEGANTINI,IT
SEKINO,XX
SEGALIN,XX
SELAYZIM,XX
SEGALA,XX
SELEME,XX
SELHORST,XX
SELLE,XX
SELLETI,XX
SEGAL,XX
SEAL,XX
SENGER,XX
SENHOR,XX
SCUETT,XX
SCHWEICKARDT,XX
SCHWEDER,XX
SCHWARZER,XX
SERAPHIM,XX
SERAPHIN,XX
SCHWARTZ,XX
SCHWALBE,XX
SCHWAGER,XX
SCHWAAB,XX
SCHVAB,XX
SERAPHINI,IT
SCHUTTE,DE
SERAPIAO,XX
SCHUSTER,DE
SCHUNKE,DE
SERENO,XX
SCHULZE,DE
SERIBELI,XX
SCHUH,DE
SCHWENDLER,XX
SEQUEIROS,XX
SCHWERZ,XX
SCORZA,XX
SCREMIN,XX
SCOVINO,XX
SENHORIN,XX
SCOTT,XX
SCOTELARO,XX
SENISE,XX
SENNE,XX
SCORZATO,XX
SENNHOLTZ,XX
SCHWINDEN,XX
SENS,XX
SENSI,XX
SCOLARI,XX
SCOLA,XX
SCOFIELD,XX
SENTI,XX
SEQUEIRA,XX
SCIAMMARELLA,IT
SCHEER,XX
SCHAUER,DE
SALLER,XX
SANTIL,XX
SIMIEMA,XX
SANTI,XX
SANTELO,XX
SIMIL,XX
SANTAYANA,XX
SIMIONI,IT
SIMOMURA,JP
SANTAROSA,XX
SIMONE,XX
SIMPSON,XX
SINAY,XX
SINDORF,XX
SINESIO,XX
SINEZIO,XX
SINHOROTO,XX
SINICIO,XX
SINIMBU,XX
SIRIANO,XX
SANSEVERO,XX
SANTICIOLI,XX
SANTILIANO,XX
SANSANA,XX
SANTINELLI,IT
SARETTA,IT
SARDELLA,IT
SILVER,XX
SILVINO,XX
SARDEIRO,XX
SILVIO,XX
SARAMAGO,XX
SIMABUKU,XX
SARACOL,XX
SAPUCAIA,XX
SAPATEIRO,XX
SANZ,XX
SIMEAO,XX
SANTOR,XX
SANTOLIN,XX
SIMI,XX
SIMIAO,XX
SANTIS,XX
SANTINI,IT
SANSAO,XX
SANOWICZ,PL
SCHARDOSIN,XX
SAMBUICHI,XX
SALVINO,XX
SALVIATI,XX
SO,XX
SOAVE,XX
SALVI,XX
SALVATTI,XX
SALVARO,XX
SALVARANI,XX
SALVADO,XX
SALUM,XX
SALUDJIAN,XX
SALU,XX
SALTON,XX
SALORTE,XX
SOAVINSKI,PL
SALOMON,XX
SALMAN,XX
SALLUM,XX
SOBEL,XX
SNTOS,XX
SAMPAYO,XX
SANO,XX
SAMPER,XX
SIRIDO,XX
SANITA,XX
SANFINS,XX
SISCAR,XX
SANFELICE,XX
SISTE,XX
SANDY,XX
SISTHERENN,XX
SITTA,XX
SKIENDZIEL,XX
SANDRES,XX
SKOLAUDE,XX
SANDERSON,XX
SLAVINSKI,PL
SANCTOS,XX
SANCHOTENE,XX
SLEIFER,XX
SLOMP,XX
SANABIO,XX
SIGORA,XX
SARI,XX
SIGNORINI,IT
SCARPIN,XX
SCARIOT,FR
SCARDELAI,XX
SHIRAI,XX
SCARANELLO,IT
SCARABELLI,IT
SCANTBELRUY,XX
SHIRATORI,XX
SHIROMA,XX
SCANDIUCCI,XX
SCANDAR,XX
SCANAVACCA,XX
SHISHIDO,XX
SCALON,XX
SCALIA,XX
SCALEZI,XX
SCALDAFERRI,XX
SHIZUNO,XX
SCAGLIONI,IT
SHORT,XX
SCARPELLI,IT
SCARTON,XX
SARMET,FR
SCATOLINI,IT
SCHARDONG,XX
SCHAPLA,XX
SHIMOSHIRO,JP
SCHALCHER,XX
SCHAIDHAVER,XX
SCHAFFKA,XX
SCHAFFER,XX
SCHAEFFER,XX
SCHACHTER,XX
SHINDO,XX
SCHAAN,XX
SCHAAB,XX
SCCOTT,XX
SCAVONE,XX
SCAVASSA,XX
SHINKAWA,JP
SHINZATO,XX
SCATTOLIN,XX
SHIOYA,XX
SHUBERT,XX
SCAFURA,XX
SCAFATI,XX
SBRUZZI,IT
SIDI,XX
SIDOU,XX
SIDRIM,XX
SASSON,XX
SIEGEL,XX
SASSO,XX
SASSI,XX
SASSET,FR
SIEL,XX
SASSE,XX
SASSAKI,JP
SASS,XX
SIEMINKOSKI,XX
SIERVI,XX
SIEWERT,XX
SARTOR,XX
SIGNES,XX
SIGNORETTI,IT
SARRAF,XX
SATEL,XX
SICRE,XX
SATHLER,XX
SIAS,XX
SBROGLIA,IT
SAYEGH,XX
SAYAO,XX
SAVOLDI,XX
SAVINI,IT
SAVI,XX
SAVEGNAGO,XX
SAVASTANO,XX
SAVADOVSKY,XX
SICILIANO,XX
SAUZEM,XX
SAUTHIER,FR
SAURIN,XX
SIBALDES,XX
SAUERESSIG,XX
SICA,XX
SICCHAR,XX
SATIRO,XX
SVERSUT,XX
SWIDERSKI,XX
TUPPAN,XX
TOMAZELLI,IT
PISSIOLI,XX
PISSINATTI,XX
TOMAZETTI,IT
PISMEL,XX
PISANI,XX
PIROVANI,XX
TOMAZI,XX
TOMCZYK,UA
PIRAS,XX
PIOVEZAN,XX
PIOVESAN,XX
PIONTKOSKI,XX
PIOLI,XX
TOMELIN,XX
PINZON,XX
PINZANI,XX
TOMICH,XX
PINTER,XX
PINOL,XX
PISTER,XX
TOMAZELI,XX
TOMIO,XX
PITANO,XX
PIZZOL,IT
PIZZIOLO,IT
PIZZI,IT
PIZZATTO,IT
PIZAO,XX
TOLOI,XX
PIZA,XX
TOMAOKA,JP
TOMAS,XX
PIVATTO,XX
PIVA,XX
PIUCO,XX
PITTELLA,IT
PITOMBEIRA,XX
PITOL,XX
PITHAN,XX
PITARO,XX
PITARELLI,IT
TOMASSINI,IT
TOMIMURA,JP
PINHATI,XX
PIZZUTTI,IT
TONON,XX
PIGOZZO,IT
TOPOLNIAK,XX
TORALLES,XX
TORCATO,XX
PIGNATARO,XX
TORCHIA,IT
PIGNATA,XX
PIGATTO,XX
TOREZANI,XX
PIETROLUONGO,XX
PIETRO,XX
PIETRICOSKI,XX
PIESZAK,XX
TORINI,IT
PIERRO,XX
PIEROTE,XX
PIERO,XX
PIEREZAN,XX
TORMENTA,XX
PILAN,XX
PILATI,XX
PINGARILHO,XX
TONIOLO,XX
PINEZI,XX
PINEDO,XX
TONATTO,XX
PINATI,XX
TONDOLO,XX
TONELLI,IT
TONET,FR
TONETTO,IT
TONHEIRO,XX
PIM,XX
PILTZ,XX
TONIAZZO,IT
TONINO,XX
PILOTI,XX
PILONI,IT
PILLON,ES
PILLAR,XX
PILLA,XX
PILGER,XX
PIZZOLI,IT
PLA,XX
REYNAUD,FR
PORTELADA,XX
PORTE,XX
PORTAO,XX
TODARO,XX
PORTACIO,XX
PORRUA,XX
PORRO,XX
PORRETTI,IT
PORPORATTI,XX
POROCA,XX
TODD,XX
POPOLIN,XX
POPOFF,XX
TODESCO,XX
POPINIGIS,XX
PONTIERI,IT
PONTEIRO,XX
TOFANELLI,IT
PONTAROLO,XX
PONSONI,IT
TODA,XX
TOCHETTO,IT
PONCIONI,IT
TOCCOLI,XX
TINOS,XX
POSTICO,XX
POSTAI,XX
TIOSSI,XX
POSSIDENTE,XX
TISCATE,XX
POSSENTI,XX
TISCHER,XX
POSSEMOZER,XX
POSSAS,XX
TISSIANI,XX
POSSAMAI,XX
TIUSSU,XX
POSE,XX
POSCA,XX
PORTUGUEZ,ES
TIVERON,XX
TIZIANI,XX
TOCANTINS,XX
PONSI,XX
TOFANO,XX
TOLLER,XX
POLI,XX
TOKUO,XX
POLETTO,IT
POLETTI,IT
POLESEL,XX
POLES,XX
POLEJACK,XX
POLEGATTI,XX
POLEGATCH,XX
POLATO,XX
POGIBIN,XX
POEYS,XX
POETA,XX
POERSCHKE,XX
PO,XX
PLINIO,XX
TOLDO,XX
PLAZA,XX
PLASTER,XX
PLANA,XX
POLEZE,XX
POLICARPI,XX
TOFFOLI,XX
TOKUMARU,JP
PONCEANO,XX
TOFFOLO,XX
TOGNINI,IT
TOKANO,XX
POMPERMAYER,DE
POMPERMAIR,XX
POMPERMAIER,FR
POMIN,XX
TOKARSKI,XX
POLVOA,XX
POLTRONIERI,IT
POLO,XX
POLLNOW,XX
POLLICOTT,XX
POLLI,XX
POLL,XX
POLIZELI,XX
POLITANO,XX
POLICH,XX
TORRACCA,XX
PIERDONA,XX
PIERASSOL,XX
PERLATTI,XX
PERIOTO,XX
PERINOTTO,IT
TRIVISONNO,XX
TROCCHIA,IT
TROCOLLI,XX
PERILLI,XX
PERIANDRO,XX
TROGER,XX
TROIAN,XX
PERETO,XX
TROMPS,XX
PEREIRO,XX
TRONCOSO,XX
TRONTO,XX
TROYACK,XX
PEREIMA,XX
PEREA,XX
TRUBANO,XX
TRUGANO,XX
TRIVELATTO,XX
PERLIN,XX
PERASSOLI,XX
PERNA,XX
PESCUMO,XX
PESCO,XX
PESCIM,XX
TRIBUZY,XX
PERUQUETTI,IT
PERSICO,XX
PERSEGUINI,IT
PERRUSI,XX
PERRUCI,XX
TRICHES,XX
PERRONE,XX
TRIGO,XX
SEIDLER,XX
TRINTA,XX
PERONCHEN,XX
PERON,XX
PEROCCO,XX
TRIVELATO,XX
PEROBA,XX
PERATZ,XX
PERALVA,XX
PIENIS,XX
PENAFIEL,XX
TUBBS,XX
PELTZ,XX
TUBONE,XX
PELLINI,IT
PELLI,IT
PELLENSE,XX
TUCUNDUVA,XX
TULHER,XX
PELICIARI,XX
PELICIANO,XX
PELEGRINI,IT
PELEGRIN,XX
PELED,XX
TUMELERO,XX
TUNIN,XX
TUON,XX
PELECH,XX
TUPINA,XX
PEIXOUTO,XX
TUBAGI,XX
PENAFORTE,XX
PERACINI,IT
TSUTSUMI,XX
PERACI,XX
TRUIZ,XX
PEPINO,XX
TRUNFO,XX
PENTAGNA,XX
PENSADOR,XX
PENQUES,XX
TSHIMANGA,XX
PENIN,XX
PENIDO,XX
TSUJI,XX
PENG,XX
PENETRA,XX
TSUNOUCHI,JP
PENELUCA,XX
PENELLO,IT
PENELAS,XX
PENDENZA,XX
PENCHEL,XX
TRIBESS,XX
TRIBECK,XX
PESSI,XX
PICCARDI,XX
PICADO,XX
TOTH,XX
PIAZZI,IT
PIAZAROLO,XX
TOTI,XX
PIAUILINO,XX
PIAUIENSE,XX
PIASSI,XX
TOZZI,IT
TOZZINI,IT
TRACERA,XX
TRAESEL,XX
TRAGANTE,XX
PIASSA,XX
PIASENTIN,XX
PIANTO,XX
TRAMONTIN,XX
TRAMONTINI,IT
TRANCOSO,XX
TOSTE,XX
TOSO,XX
PESSINI,IT
PICCHETTI,IT
TORRAO,XX
TORRE,XX
PIEGAZ,XX
PIEGAS,XX
TORREAO,XX
TORRENS,XX
PICONI,IT
PICOLOTTO,IT
TORRESIN,XX
PICOLIN,XX
PICOLI,XX
TORRI,XX
TORTOLINI,IT
TORTORELLA,IT
PICININ,XX
PICHLER,XX
PICHETTI,IT
PICCINI,IT
PICCIN,XX
PIANTI,XX
TRANCOZO,XX
PIANOWSKI,PL
PIANI,XX
TRESPACH,XX
PETRIKOWSKI,PL
TRETTER,XX
TREULIEB,XX
TREVILATTO,XX
PETRIBU,XX
TREVISANO,XX
TREVISOL,XX
PETKOV,XX
PETIT,XX
PETIOT,FR
PETILLO,ES
TREVIZAN,XX
PETERKA,XX
PETER,XX
PETARLY,XX
PETARLI,XX
TREVIZANO,XX
TRIANOSKI,XX
TRESCA,XX
PETROVICH,XX
PETRUCCI,XX
PFEIFFER,XX
TRAPANI,XX
PIANA,XX
TRAPPEL,XX
TRARBACH,DE
PI,XX
PHILOMENO,XX
TRATZ,XX
TRAVAGIN,XX
TRAVALLONI,IT
TRENTO,XX
PFALTZGRAFF,XX
PETTERLE,XX
TREDINNICK,XX
TREIB,XX
PETRUNGARO,XX
PETRUCIO,XX
TREMARIN,XX
TRENO,XX
POTENCIANO,XX
POTT,XX
POTTES,XX
TANNURI,XX
RATTMANN,DE
RATTI,XX
RATHIS,XX
RATES,XX
RASTELLI,IT
TANSINI,IT
RARO,XX
TANUS,XX
TAPAJOS,XX
RAQUEL,XX
RAPPOPORT,XX
TAPETY,XX
TAPIA,XX
TAPIAS,XX
RAPHUL,XX
RAPESTA,XX
RAO,XX
RANZI,XX
RANKIN,XX
RATZLAFF,XX
TANNURE,XX
RANDIG,XX
RAUGUST,XX
TAMASAUSKAS,XX
READI,XX
TAMASHIRO,JP
TAMBASCO,XX
TAMBELLI,IT
RAZZE,IT
RAZUCK,XX
TANABE,XX
RAZKY,XX
TANAN,XX
TANCREDI,XX
RAZENTE,XX
TANI,XX
RAVARA,XX
RAVANINI,IT
RAVALLEC,XX
TANIGUCHI,JP
TANINI,IT
TANNO,XX
TAPPLER,XX
RANDAL,XX
RACHOU,XX
TARTAS,XX
TASCA,XX
RAICOSKI,XX
TASCHETTO,IT
TASHIMA,JP
RAICES,XX
RAIA,XX
RAGNINI,IT
RAGGI,XX
RAGAUSKAS,XX
RAFFUL,XX
RAFFAELLI,IT
TASHIRO,JP
TASSO,XX
RADONS,XX
TATSCH,XX
TAUBNER,XX
TAUIL,XX
TAUNAY,XX
RADO,XX
TARUHN,XX
TARTARO,XX
RAMPINELLI,IT
TARTARI,XX
RAMPAZZO,IT
TAQUINI,IT
RAMONEDA,XX
TARAN,XX
RAMM,XX
TARANTO,XX
TARDIM,XX
TARDIO,XX
RAMIA,XX
TARDIVO,XX
RAMBO,XX
RAMBALDI,XX
RAMAZZINA,IT
TARGA,XX
RAMALDES,XX
TARNOPOLSKY,XX
RAJZMAN,XX
TARRAGO,XX
RAIZ,XX
TAMANQUEIRA,XX
REALEIRO,XX
REBELATTO,XX
TABARELLI,IT
RENAULT,XX
TABOADA,XX
REMEDIOS,XX
REMBISCHEVSKI,PL
REKOVVSKY,XX
TABORY,XX
REISMAN,XX
REISINGER,DE
REISDORFER,XX
TACCA,XX
REINOSO,XX
TAGLIETA,XX
TAGUCHI,JP
REINKE,XX
REINERT,XX
REINERI,XX
TAHARA,JP
REINA,XX
REIMOL,XX
RENDA,XX
RENNER,XX
TAMANINI,IT
RENNHACK,XX
SZABO,XX
REVOREDO,XX
REVEILLEAU,FR
RETO,XX
SZATMARI,XX
SZCZERBACKI,XX
RESSIGUIER,FR
RESQUE,XX
RESENER,XX
RESENDES,XX
SZKUDLAREK,XX
SZMIDT,XX
REPETTI,IT
RENZ,XX
SZWARCFITER,XX
SZYNWELSKI,XX
RENOFIO,XX
RENO,XX
RENNO,XX
REIMBERG,DE
TAKADA,JP
REIMAO,XX
REID,XX
REESINK,XX
TALIBERTI,XX
REDMAN,XX
REDEZ,ES
TALINA,XX
RECOVA,XX
TALLMANN,DE
RECIOLINO,XX
RECHTAND,XX
RECHENBERG,DE
TALMA,XX
RECHE,XX
TAMAIO,XX
RECEPUTI,XX
TAMANE,XX
REBOREDO,XX
REBOLLO,ES
TAMANHO,XX
REBELLATO,XX
REFLANDES,XX
REGAZZI,IT
REGES,XX
TAKAO,JP
TAKAFASHI,JP
REICHE,XX
REI,XX
REHSE,XX
REHEM,XX
REHBEIN,XX
TAKANE,JP
REGRA,XX
TAKARADA,JP
TAKITA,JP
TAKAYAMA,JP
TAKAZAKI,JP
REGINO,XX
TAKEDA,JP
TAKEGUMA,JP
TAKETANI,JP
REGGIANI,XX
TAKEY,JP
RADA,XX
RACHID,XX
POU,XX
PROTAZIO,XX
PROPATO,XX
THOMAE,XX
PRONK,XX
PROLLA,XX
PROLA,XX
PROITE,XX
THOMAS,XX
PROCOPIAK,XX
THORNE,XX
PROCKNOV,XX
PROCASKO,XX
THULER,XX
THUM,XX
PROCACI,XX
PROBST,XX
PRITZ,XX
PRIOR,XX
PRINCEPE,XX
PRINA,XX
PROTASIO,XX
PROTETTI,IT
THYLIA,XX
THIEBAUT,XX
PUGLIESI,XX
PUGLIERI,IT
PUGLIA,IT
THEIL,XX
PUGA,XX
THEISEN,XX
THEMUDO,XX
PUENTE,XX
PUCHEU,FR
PRZYTYK,XX
PRZYBYSZ,XX
PRUX,XX
THEODULINO,XX
THEOPHILO,XX
THESARI,XX
THIAGO,XX
PRSYBYCIEM,XX
PROVETTI,IT
PROVENZANO,XX
THURLER,XX
PRICKEN,XX
TAVEIROS,XX
PRAEIRO,XX
TIGGEMANN,DE
TIGRE,XX
PRADA,XX
PRACIANO,XX
PRACA,XX
TILLI,XX
POZZI,IT
POZZETTI,IT
POZZER,IT
TIMBO,XX
POZZATTI,IT
POZZAN,IT
POZES,XX
POZAS,XX
POZ,XX
POY,XX
TINGO,XX
POVEDA,XX
TINO,XX
PRADOS,XX
TIENGO,XX
PRIANTI,XX
PRAIS,XX
PREVIDELLI,IT
PREUSS,XX
PRETURLAN,XX
PRETTO,IT
PRETTI,IT
PRETO,XX
TIBAES,XX
PRESCHOLDT,XX
PRESA,XX
PREDOLIN,XX
PREDIGER,XX
PREDEBON,XX
TIBIRICA,XX
PRAVATO,XX
TIDA,XX
PRAST,XX
TIENE,XX
PRANGEL,XX
PRANE,XX
PUIGSECK,XX
PUJOL,XX
PULCINELLI,IT
TELHADO,XX
TELLECHEA,XX
QUIRIDO,XX
QUIREZE,XX
TELO,XX
QUINZEIRO,XX
QUINTILIANO,XX
QUINTIERI,IT
QUINTELLA,IT
QUINTELA,XX
QUINTEIRO,XX
QUINTAS,XX
TEMPESTA,XX
TEMPO,XX
TEMPORAL,XX
TENFEN,XX
TENTEMPO,XX
QUINTA,XX
TEOFILO,XX
TERATOKO,XX
TELIS,XX
TEJEDA,XX
THADEU,FR
TEJADAS,XX
TAVES,XX
TAVOLARI,XX
TAXWEILER,XX
TAYAO,XX
TEBA,XX
RABASSA,XX
RABACOV,XX
TECHEMAYER,DE
RAASCH,XX
RAAD,XX
QUOOS,XX
QUITETE,XX
TECHIO,XX
QUITERIO,XX
TECLES,XX
QUISSINI,IT
TEIS,XX
QUIROZ,XX
TEIXEIRENSE,XX
QUINT,XX
TERCOS,XX
TERENZI,XX
TERES,XX
QUARANTA,XX
QUADRELLI,IT
QUADRA,XX
PYRRHO,XX
PYLRO,XX
TESCK,XX
TESKE,XX
TESSER,XX
PUTON,XX
PUSTIGLIONE,XX
PURIFICACAO,XX
PUREZA,XX
PURCINO,XX
TESSMANN,DE
TESTA,XX
PUPPO,XX
TESTONI,IT
PUPPIM,XX
TEXEIRA,XX
TESCARI,XX
TERZI,XX
QUAREZEMIN,XX
TERREMATTE,XX
QUININO,XX
QUINCOZES,XX
QUILICE,XX
TERGA,XX
QUETZ,XX
QUEROBIM,XX
QUERIDO,XX
QUEMELLI,IT
TERSO,XX
QUARTIERO,XX
TERTO,XX
TERTULIANO,XX
TERTULINO,XX
QUEIROGA,XX
QUEBAUD,FR
QUAZI,XX
TERUZZI,IT
QUATRIN,XX
MASSUDA,XX
AARAO,XX
MASSONI,IT
CAVALLINI,IT
CAVALLET,FR
CAVALLEIRO,XX
CAVALLARI,XX
CAVALER,XX
CAVALEIRO,XX
CAVADAS,XX
CAUSSI,XX
CAUPER,XX
CAULA,XX
CAUCHO,XX
CATTO,XX
CATTINI,IT
CATTETE,XX
CATRIB,XX
CATRAN,XX
CATRAMBY,XX
CATIRA,XX
CATINI,IT
CATELLI,IT
CATELAN,XX
CATATA,XX
CATANI,XX
CATALDO,XX
CASULA,XX
CASTOR,XX
CAVALLI,XX
CAVAMURA,JP
CELICH,XX
CAVARRA,XX
CELESTRINI,IT
CELESTE,XX
CELES,XX
CELERI,XX
CELEDON,XX
CELANO,XX
CELANI,XX
CEGLIA,IT
CEDRIM,XX
CEDRAZ,XX
CECHINEL,XX
CECCONELLO,IT
CECCHIN,XX
CECCATO,XX
CEBUKIN,XX
CAZETTA,IT
CAZEIRO,XX
CAZARRE,XX
CAZAROTO,XX
CAZANGI,XX
CAXIAS,XX
CAVLAK,XX
CAVINATTO,XX
CAVECHIA,IT
CAVASIN,XX
CASTONGUAY,XX
CASTILHOS,XX
CASTELUCIO,XX
CASTELLAR,XX
CASARIL,XX
CASARA,XX
CASALI,XX
CASALECCHI,XX
CASAL,XX
CASAIS,XX
CASADO,XX
CARY,XX
CARVALHEIRO,XX
CARVALHEIRA,XX
CARVALHEDO,XX
CARVALHAIS,XX
CARUZO,XX
CARUNCHO,XX
CARUBELLI,IT
CARTUCHO,XX
CARTIER,FR
CARSTEN,XX
CARROLL,XX
CARRISSO,XX
CARRINHO,XX
CARRILIO,XX
CARRIERES,XX
CARRETTIERO,XX
CARRETEIRO,XX
CASARIN,XX
CASAROTTO,IT
CASAS,XX
CASSETTARI,XX
CASTELLANOS,XX
CASTELHANO,XX
CASTELANO,XX
CASTEIAO,XX
CASTANO,XX
CASTANHARO,XX
CASTAGNINO,XX
CASTAGNA,XX
CASSOLA,XX
CASSINI,IT
CASSILHAS,XX
CASSELLI,IT
CASCAES,XX
CASSARO,XX
CASSARA,XX
CASSANELLI,IT
CASSA,XX
CASIMIRO,XX
CASEMIRO,XX
CASELLI,IT
CASEIRO,XX
CASCINE,XX
CASCARDO,XX
CASCALHO,XX
CELI,XX
CELINO,XX
MASSOCO,XX
CHINALIA,XX
CHIGNALIA,XX
CHIELE,XX
CHICAYBAN,XX
CHICATTO,XX
CHIARI,XX
CHIARADIA,XX
CHIARA,XX
CHIAPPINI,IT
CHIAPIM,XX
CHIANELLO,IT
CHIANCA,XX
CHIAMULERA,XX
CHIAMENTI,XX
CHIABAI,XX
CHEVRAND,XX
CHEUNG,XX
CHERNAVSKY,XX
CHERINI,IT
CHERIN,XX
CHEREM,XX
CHERCI,XX
CHELINI,IT
CHELFO,XX
CHEIRAN,XX
CHEIM,DE
CHIMPLIGANOND,XX
CHINI,IT
CELLINI,IT
CHIOSSI,XX
CIDRAO,XX
CIDRAL,XX
CICILIANO,XX
CICARINI,IT
CIBILLO,ES
CIBEIRA,XX
CIARLINI,IT
CIAGLIA,IT
CHUY,XX
CHRYSOSTOMO,XX
CHRISTOFIDIS,XX
CHRISTOFARO,XX
CHRISTINO,XX
CHRISTENSEN,XX
CHRISTELLO,IT
CHRIST,XX
CHRISPINO,XX
CHRISOSTOMO,XX
CHOQUE,XX
CHOLLET,FR
CHOAS,XX
CHO,XX
CHNAIDERMAN,XX
CHIUCHETTA,IT
CHIRENTI,XX
CHEHAB,XX
CHEDEAK,XX
CHECCUCCI,XX
CHECCHIO,XX
CHAHINE,XX
CHAHIN,XX
CHAGNON,XX
CHAFRAN,XX
CHAER,XX
CHADID,XX
CHACRA,XX
CHAAR,XX
CESETTI,IT
CESCO,XX
CESCA,XX
CESARINO,XX
CESA,XX
CERVINI,IT
CERVEIRA,XX
CERVANTES,XX
CERRI,XX
CERRA,XX
CERISARA,XX
CERESER,XX
CERCEAU,FR
CERAVOLO,XX
CEOTTO,IT
CENTENO,XX
CENTELHAS,XX
CHAIBUE,XX
CHAIM,XX
CHALEGRE,XX
CHARDULO,XX
CHECCHIA,IT
CHEADE,XX
CHAYM,XX
CHAVEIRO,XX
CHATES,XX
CHATEL,XX
CHASTINET,FR
CHASTALO,XX
CHASSE,XX
CHASIN,XX
CHARRONE,XX
CHARAO,XX
CHALES,XX
CHAPPAZ,XX
CHAPIEWSKI,PL
CHAPADENCE,XX
CHANTAL,XX
CHANSIS,XX
CHANG,XX
CHAMY,XX
CHAMPLONI,IT
CHAMI,XX
CHAMBLAS,XX
CHAMAHUM,XX
CARRERA,XX
CARRELAS,XX
CARREIRA,XX
CAMBUI,XX
CAMAROTTI,IT
CAMARDELLI,IT
CAMARDELLA,IT
CAMARCO,XX
CAMARAGIBE,XX
CAMANDAROBA,XX
CALVETI,XX
CALVETE,XX
CALPINEIRO,XX
CALOU,XX
CALONGA,XX
CALONEGO,XX
CALLOT,FR
CALLAS,XX
CALLAO,XX
CALIXTRE,XX
CALISTRO,XX
CALIGARIS,XX
CALICCHIO,XX
CALIARI,XX
CALIANI,XX
CALHEIRO,XX
CALHAU,XX
CALGARO,XX
CALENTE,XX
CAMAROTTO,IT
CAMELI,XX
CARREGARO,XX
CAMELIER,FR
CANABARRO,XX
CAMY,XX
CAMURCA,XX
CAMPOREZ,ES
CAMPONOGARA,XX
CAMPOLINO,XX
CAMPOLEONI,IT
CAMPOI,XX
CAMPO,XX
CAMPIOLO,XX
CAMPINHO,XX
CAMPINAS,XX
CAMPEDELLI,IT
CAMPBELL,XX
CAMPARIM,XX
CAMPANHOLE,XX
CAMPANHARO,XX
CAMPANHA,XX
CAMPANELLA,IT
CAMPANARIO,XX
CAMPAGNUCIO,XX
CAMPAGNOLLO,ES
CAMPAGNOLLI,XX
CAMINI,IT
CAMERIERI,IT
CALEGARIO,XX
CALEGARE,XX
CALEFFI,XX
CALDERON,XX
CABIRTA,XX
CABIDOLUSSO,XX
CABIANCA,XX
CABELLO,IT
CABECAS,XX
CABECA,XX
CABANNE,XX
BYRRO,XX
BUZINHANI,XX
BUTTES,XX
BUTTEL,XX
BUTKENICIUS,XX
BUSTAMANTE,XX
BUSSMANN,DE
BUSSAD,XX
BUSETTI,IT
BUSCH,XX
BUSCACIO,XX
BUSATO,XX
BURTET,FR
BURNETT,XX
BURLET,FR
BURLE,XX
BURGER,XX
BURDMAN,XX
CABO,XX
CABOCLO,XX
CABON,XX
CAFE,XX
CALDERIPE,XX
CALDERARO,XX
CALAZA,XX
CALANDRINI,IT
CALAM,XX
CALACA,XX
CAJAZEIRA,XX
CAJADO,XX
CAIO,XX
CAILLAUX,FR
CAIAFA,XX
CAETITE,XX
CABORGES,XX
CAEIRO,XX
CADILHE,XX
CADETE,XX
CADENGUE,XX
CADAVAL,XX
CACHOEIRO,XX
CACHOEIRA,XX
CACHEFFO,XX
CACHAPUZ,XX
CACAU,XX
CACAIS,XX
CANADO,XX
CANAES,XX
CANANI,XX
CARAMAO,XX
CARITATO,XX
CARISIO,XX
CARIOCA,XX
CARIGLIA,IT
CARIDADE,XX
CARIANI,XX
CARGNELUTTI,XX
CARDOTE,XX
CARDONA,XX
CARDINS,XX
CARDIN,XX
CARDILLO,ES
CARDILLI,XX
CARDILIQUIO,XX
CARDIAL,XX
CARDIA,XX
CARCANO,XX
CARBONI,IT
CARBONERI,XX
CARBONARE,XX
CARBONAR,XX
CARAVELLAS,XX
CARAVALLO,ES
CARAPITO,XX
CARAPINA,XX
CARIUS,XX
CARLESSO,XX
CARLET,FR
CAROLINO,XX
CARREGAL,XX
CARRARO,XX
CARRARA,XX
CARRANCHO,XX
CARRAMAO,XX
CARRACENA,XX
CARQUEIJEIRO,XX
CARPES,XX
CARPENTER,XX
CAROZZO,IT
CAROSIA,XX
CARNAVAL,XX
CARLETTI,IT
CARMONA,XX
CARMINE,XX
CARMINATI,XX
CARMELO,XX
CARLYLE,XX
CARLSON,XX
CARLOTTO,IT
CARLOTO,XX
CARLOTA,XX
CARLOSSO,XX
CARLETTO,IT
CARAMURU,XX
CARAMALHO,XX
CANARIO,XX
CARACUSCHANSKI,XX
CANTALICE,XX
CANTADORI,XX
CANSANCAO,XX
CANONGIA,XX
CANO,XX
CANNABRAVA,XX
CANICALI,XX
CANHOLI,XX
CANHAS,XX
CANEVER,XX
CANESCHI,XX
CANEPPA,XX
CANELLA,IT
CANELAS,XX
CANEDA,XX
CANDIOTTO,IT
CANDIA,XX
CANDELORO,XX
CANDEAS,XX
CANDATEN,XX
CANDAL,XX
CANCIO,XX
CANAZZA,IT
CANAVARROS,XX
CANARY,XX
CANTARELLI,IT
CANTARINI,IT
CANTONI,IT
CAPINGOTE,XX
CARACCIOLO,XX
CAR,XX
CAPUTTI,XX
CAPUTO,XX
CAPUCHO,XX
CAPTIVO,XX
CAPRARIO,XX
CAPPARELLI,IT
CAPORALINI,IT
CAPITA,XX
CAPISTRANO,XX
CAPIBARIBE,XX
CANTU,XX
CAPELUCCI,XX
CAPELOS,XX
CAPELETTI,IT
CAPELA,XX
CAPDEVILLE,FR
CAPAZ,XX
CAPARELLI,IT
CANZIANI,XX
CANUTES,XX
CANUT,XX
CANTUARIO,XX
CIDREIRA,XX
CIESLAK,XX
CIMINI,IT
DEMIN,XX
DEMETRIO,XX
DEMARCHI,XX
DEMACHKI,XX
DELVECHIO,XX
DELUCHEY,XX
DELPUPO,XX
DELPHIM,XX
DELOSANDES,XX
DELOGO,XX
DELMESTRE,XX
DELMAS,XX
DELLAGOSTIN,XX
DELGOBO,XX
DELFIM,XX
DELFES,XX
DELEVATI,XX
DELDUQUE,XX
DELDUCA,XX
DELCOLLI,XX
DELAMONICA,XX
DELAGE,XX
DELACORTE,XX
DELABIE,XX
DEJOS,XX
DEIRO,XX
DEMIAN,XX
DEMORI,JP
DALCOMUNI,XX
DEMORO,XX
DEZAN,XX
DEWANTIER,FR
DEVITTE,XX
DEVIDE,XX
DETTMER,XX
DETONI,IT
DETMERING,XX
DETERS,XX
DESTRO,XX
DESSBESEL,XX
DEROSA,XX
DERNIER,FR
DERIZANS,XX
DERISSO,XX
DERENNE,XX
DEPRIEST,XX
DEPOLLO,ES
DEPIZZOLATTI,IT
DEPIERI,IT
DEPIANTI,XX
DENOZOR,XX
DENICOL,XX
DENARDI,XX
DENADAI,XX
DEMOS,XX
DEGASPARI,XX
DEFORME,XX
DEFELIPPE,XX
DECOTTIGNIES,XX
DANIELLI,IT
DANGELO,XX
DANELUSSI,XX
DANCIGER,XX
DAMINELLO,IT
DAMINELLI,IT
DAMIN,XX
DAMICO,XX
DAMIAO,XX
DAMIANI,XX
DAMETTO,IT
DAMAZO,XX
DAMASCO,XX
DAMAS,XX
DAMADO,XX
DALVI,XX
DALMONECH,XX
DALLOSSI,XX
DALLORTO,XX
DALLAROSA,XX
DALLAPORTA,XX
DALLAPICOLA,XX
DALLAGNOL,XX
DALFRE,XX
DALFORNI,XX
DANNA,XX
DANTA,XX
DAPIEVE,XX
DASSIE,XX
DECKER,XX
DECIO,XX
DECHICHI,XX
DEBORTOLI,XX
DEBONI,IT
DEBONE,XX
DEANHAIHA,XX
DAY,XX
DAVILA,XX
DAUFENBACH,DE
DAUBER,XX
DARZE,XX
DARA,XX
DARWICH,XX
DARUI,XX
DARUB,XX
DARRIGO,XX
DARRE,XX
DARQUES,XX
DAROSI,XX
DARONCH,XX
DARNET,FR
DARDE,XX
DARBAN,XX
DEZERTO,XX
DIAMANTINO,XX
DIANA,XX
DORILEO,XX
DUNCAN,XX
DUMOULIN,XX
DUMARESQ,XX
DULLIUS,XX
DUIM,XX
DUHART,XX
DUDEQUE,XX
DUCHTING,XX
DUCCI,XX
DUCATI,XX
DUBEUX,FR
DUAVY,XX
DUAR,XX
DRIGO,XX
DREUX,FR
DRESCHER,XX
DREGER,XX
DRECHSEL,XX
DRANKA,XX
DRAGO,XX
DRAGHETTI,IT
DOWLING,XX
DOVIAL,XX
DORRIGO,XX
DOROW,XX
DUNLOP,XX
DUPIN,XX
DUPONT,XX
EBELING,XX
EFFREN,XX
EDUAO,XX
ECKSTEIN,DE
ECKARDT,XX
ECK,XX
ECHEVERRIA,XX
ECHEVENGUA,XX
ECHES,XX
ECCARD,FR
ECA,XX
EBNER,XX
EARP,XX
DUQUES,XX
DYTZ,XX
DYNKOWSKI,PL
DWYER,XX
DUSSONI,IT
DURSO,XX
DURLI,XX
DURE,XX
DURCE,XX
DURAT,XX
DURAO,XX
DURANTE,XX
DOROTEU,FR
DORIGO,XX
DIANOVSKY,XX
DORIGHETO,XX
DIRSCHNABEL,XX
DIRK,XX
DIREITO,XX
DIOZA,XX
DIORIO,XX
DIODATO,XX
DINO,XX
DINIS,XX
DINATALE,XX
DIMURO,XX
DIMAS,XX
DILASCIO,XX
DIETZSCH,XX
DIETER,XX
DIESEL,XX
DIENSTMANN,DE
DIEL,XX
DIEDRICH,XX
DIDONET,FR
DIDOFF,XX
DIDIER,FR
DICKMANN,DE
DICHOFF,DE
DIB,XX
DIARTE,XX
DISARZ,XX
DISCACCIATI,XX
DISLICH,XX
DONAIRE,XX
DORES,XX
DORANTI,XX
DORA,XX
DONZA,XX
DONTAL,XX
DONEGA,XX
DONEDA,XX
DONE,XX
DONDELLI,IT
DONCKT,XX
DONALD,XX
DONA,XX
DISLIOSKI,XX
DOMINICALE,XX
DOMENICI,XX
DOMANSKI,XX
DOLLINGER,DE
DOLCI,XX
DOLABELLA,IT
DOEHLER,XX
DOCA,XX
DOBROES,XX
DJELBERIAN,XX
DITTZ,XX
DALEPRANE,XX
DALCIM,XX
CINTO,XX
CONTE,XX
CONSTANTINIDIS,XX
CONSTANTE,XX
CONSTANT,XX
CONSONI,IT
CONSOLINE,XX
CONSIDERA,XX
CONSELVAN,XX
CONILL,XX
CONCI,XX
CONCERVA,XX
COMPULSIONE,XX
COMIOTTO,IT
COMINETTI,IT
COMBAT,XX
COMARELLA,IT
COMARELA,XX
COLUCCI,XX
COLTURATO,XX
COLPO,XX
COLONNELLI,IT
COLONNA,XX
COLONESE,XX
COLOMBARI,XX
COLNAGHI,XX
COLLYER,XX
CONTARATO,XX
CONTER,XX
DALCHIAVON,XX
CONTIM,XX
CORRELO,XX
CORRALEIRO,XX
CORONA,XX
CORNETTA,IT
CORNACHINI,IT
CORES,XX
CORDULA,XX
CORCINO,XX
CORCINI,IT
CORBANI,XX
CORAL,XX
CORADINI,IT
CORACA,XX
COPPOLA,XX
COPPINI,IT
COPPIETERS,XX
COPE,XX
CONZATTI,XX
CONTURBIA,XX
CONTRICIANI,XX
CONTRERAS,XX
CONTRERA,XX
CONTREIRAS,XX
CONTO,XX
CONTINI,IT
COLLODEL,XX
COLLI,XX
COLLEONE,XX
COLLE,XX
CLIMACO,XX
CLEM,XX
CLAVIJO,XX
CLAVE,XX
CLAUSELL,XX
CLARINDO,XX
CLARET,FR
CLARA,XX
CLAIN,XX
CIVITARESE,XX
CIVIERO,XX
CITTADINO,XX
CISNEIROS,XX
CISLAGHI,XX
CISILOTTO,IT
CISAR,XX
CIRIMBELLI,IT
CIRICO,XX
CIRELLI,IT
CIRAQUI,XX
CIPOLOTTI,IT
CIPOLLA,XX
CIPOLAT,XX
CIOFFI,XX
CIOCCARI,XX
CLOSS,XX
CLOZEL,XX
CLUA,XX
COITE,XX
COLLANI,XX
COLIN,XX
COLETE,XX
COLEN,XX
COLBANO,XX
COLATINO,XX
COLANTONI,IT
COLAFEMINA,XX
COLACO,XX
COKOTOS,XX
COITINHO,XX
COIMBRAS,XX
CO,XX
COGO,XX
COGGO,XX
COELI,XX
CODO,XX
CODECO,XX
COCICOV,XX
COCENTINO,XX
COCCO,XX
COBUCCIO,XX
COBUCCI,XX
COBRA,XX
CORRENTINO,XX
CORRER,XX
CORSINI,IT
CROCHIK,XX
CYGANCZUK,UA
CYBIS,XX
CUTIGI,XX
CURVELO,XX
CURTOLO,XX
CURTIS,XX
CURTINHA,XX
CURTARELLI,IT
CURSINO,XX
CURCIO,XX
CURCINO,XX
CURBANI,XX
CUNICO,XX
CUNDARI,XX
CUNALI,XX
CULAU,XX
CUKIER,FR
CUIABANO,XX
CUGLIANA,XX
CUGLER,XX
CUFFINI,IT
CUEVO,XX
CUENCA,XX
CUBITS,XX
CUBA,XX
CYLLENO,XX
CYRANKA,XX
CYRILO,XX
DAGNESE,XX
DALCERO,XX
DALBUQUERQUE,XX
DALBOSCO,XX
DALBEM,XX
DALAMARIA,XX
DALAGO,XX
DAKUZAKU,XX
DAJCZER,XX
DAIBES,XX
DAHLKE,XX
DAHDAH,XX
DAGHER,XX
CYSNE,XX
DADOME,XX
DADALTO,XX
DACORSO,XX
DACOL,XX
DACO,XX
DACAS,XX
CZERNOCHA,XX
CZEPAK,XX
CZECZKO,XX
CZARNOBAI,XX
CZARNESKI,XX
CRONEMBERGER,DE
CRIZOSTIMO,XX
CORTE,XX
CRIVES,XX
COVRE,XX
COUY,XX
COUVRE,XX
COURTIAL,XX
COURCIER,FR
COUGO,XX
COUCEIRO,XX
COTICA,XX
COTECCHIA,IT
COSWOSK,XX
COSTELINI,IT
COSTEIRA,XX
COSTARDI,XX
COSSON,XX
COSMO,XX
COSMAI,XX
COSER,XX
COSENZA,XX
CORVELLO,IT
CORVELLHO,XX
CORTONESI,XX
CORTINOVIS,XX
CORTEZZI,IT
CORTEZAO,XX
CORTELINI,IT
COX,XX
COZER,XX
COZZA,IT
CRIPPA,XX
CRIVELLO,IT
CRIVELARO,XX
CRISTOVAM,XX
CRISTOFOLETTI,IT
CRISTOFARI,XX
CRISTIANO,XX
CRISTIANINI,IT
CRISTALDO,XX
CRISTAL,XX
CRISCUOLI,XX
CRISCOLO,XX
CREXI,XX
CRACO,XX
CREVELS,XX
CRESTAN,XX
CRESCENTE,XX
CRENITTE,XX
CREMA,XX
CREAZZO,IT
CRAWFORD,XX
CRAVOS,XX
CRAVALHO,XX
CRAIBANO,XX
CRAESMEYER,DE
BURBANO,XX
BURAKOUSKI,XX
BUONAFINA,XX
AZUL,XX
AZEDO,XX
AYUPE,XX
AYMAR,XX
AYER,XX
AYAN,XX
AVIZ,XX
AVILLA,XX
AVEIRO,XX
AVANZO,XX
AVANCO,XX
AVALOS,XX
AUTEIRO,XX
AUSTRIACO,XX
AURICHIO,XX
AUM,XX
AULER,XX
AUHAREK,XX
AUGUSTINHO,XX
AUGUSTIN,XX
AUDI,XX
AUD,FR
AUBYN,XX
ATY,XX
ATTILIO,XX
ATHIAS,XX
AZOUBEL,XX
AZZINI,IT
ARCHONDO,XX
BACAN,XX
BAICERE,XX
BAIANA,XX
BAHL,XX
BAHIENSE,XX
BAGNOLA,XX
BAGNI,XX
BAGHDASSARIAN,XX
BAGGIO,XX
BAGAGI,XX
BAESSE,XX
BAES,XX
BAENA,XX
BADOLATO,XX
BADIN,XX
BADIA,XX
BADER,XX
BADARANE,XX
BACOVISKI,XX
BACOVIS,XX
BACKES,XX
BACILA,XX
BACHUR,XX
BACHEGA,XX
BACELO,XX
BACCHI,XX
ATHAYDES,XX
ATHAR,XX
ATHANAZIO,XX
ATHAIDE,XX
AROEIRA,XX
ARNS,XX
ARNHOLD,XX
ARNEIRO,XX
ARNEGGER,XX
ARMOND,XX
ARMINDO,XX
ARMESTO,XX
ARLOTTA,XX
ARIZA,XX
ARISTON,XX
ARISTIDES,XX
ARISI,XX
ARGILES,XX
ARGEL,XX
ARENHART,XX
AREIAS,XX
AREIA,XX
AREDES,XX
ARECO,XX
AREAL,XX
ARDUINI,IT
ARDISSON,XX
ARDIGO,XX
ARDENGHY,XX
ARRA,XX
ARRAZ,XX
ARREPIA,XX
ASSENCIO,XX
ATANES,XX
ATANASIO,XX
ATAN,XX
ATALIBA,XX
ATAIDES,XX
ASTRATH,XX
ASTOLFI,XX
ASTA,XX
ASSMANN,DE
ASSIRATI,XX
ASSENCO,XX
ASSEF,XX
ARROYO,XX
ASSED,XX
ASSANTE,XX
ASSAD,XX
ASMUS,XX
ASEVEDO,XX
ASCURRA,XX
ASCARI,XX
ASANO,XX
ARUEIRA,XX
ARTHOU,XX
ARTERO,XX
BAIDA,XX
BAILAO,XX
BAILL,XX
BARBERINO,XX
BARTHELMESS,XX
BARTASSON,XX
BARSAN,XX
BARROTE,XX
BARRIONUEVO,XX
BARRIO,XX
BARRIENTOS,XX
BARRENSE,XX
BARRAO,XX
BARRAL,XX
BARPP,XX
BARO,XX
BARNABE,XX
BARINO,XX
BARI,XX
BAREICHA,XX
BAREA,XX
BARDI,XX
BARDALES,XX
BARDAGI,XX
BARCHILHAS,XX
BARCESSAT,XX
BARCALA,XX
BARBUTO,XX
BARBUDA,XX
BARTHOLOMEU,FR
BARTIJOTTO,IT
BARTOLAMEI,XX
BATAGLIN,XX
BAXTER,XX
BAUMGARTEN,DE
BAUMBACH,DE
BAUDEL,XX
BAUAB,XX
BATTISTI,XX
BATTILANI,XX
BATTANOLI,XX
BATTAGLIN,XX
BATISTI,XX
BATALHONE,XX
BASTIANI,XX
BARTOLO,XX
BASSIN,XX
BASSETTI,IT
BASSAN,XX
BASONI,IT
BASILE,XX
BASANTE,XX
BARWINSKI,PL
BARUSSO,XX
BARUKI,XX
BARTOLOMEU,FR
BARTOLOMEI,XX
BARBIER,FR
BARBAZAN,XX
BAIRRAL,XX
BARBATO,XX
BALOTIN,XX
BALONECKER,XX
BALLIANA,XX
BALLESTER,XX
BALLEM,XX
BALLARDO,XX
BALKE,XX
BALINSKI,PL
BALESTRINI,IT
BALESTRIN,XX
BALESTERO,XX
BALENSIFER,XX
BALDOW,XX
BALDONI,IT
BALDOINO,XX
BALDISSEROTTO,IT
BALDELLI,IT
BALDAM,XX
BALDAIA,XX
BALBY,XX
BALBELA,XX
BALBAO,XX
BALAS,XX
BALAN,XX
BALABAN,XX
BALSALOBRE,XX
BALSANI,XX
BALZAN,XX
BARALDI,XX
BARBATHO,XX
BARBARINO,XX
BARBADO,XX
BARBACENA,XX
BARAVALLE,XX
BARAUNA,XX
BARATELLA,IT
BARARDI,XX
BARANSKI,XX
BARANCELLI,IT
BARAN,XX
BARACUHY,XX
BALZANA,XX
BARACAT,XX
BARABAN,XX
BAPTISTUCCI,XX
BANTEL,XX
BANNWART,XX
BANKER,XX
BANGOIM,XX
BANCEU,FR
BANASIAK,XX
BAMPI,XX
BALZANO,XX
ARCURIO,XX
ARCHANGELO,XX
BAYAO,XX
ALCOFRA,XX
ALCAZAR,XX
ALBORGHETTI,IT
ALBO,XX
ALBERTTI,XX
ALBERTONI,IT
ALBERTI,XX
ALBERT,XX
ALBERGARIA,XX
ALBERELO,XX
ALBANI,XX
ALBA,XX
ALARCON,XX
AKUTAGAWA,JP
AKIYAMA,JP
AKIOKA,JP
AKIBA,XX
AKERMAN,XX
AKAICHI,XX
AKAHOSHI,JP
AIZZA,IT
AIVA,XX
AIUTO,XX
AIUB,XX
AITA,XX
AIELLO,IT
ALCELINO,XX
ALDA,XX
ARCENIO,XX
ALDIGUERI,XX
ALQUATI,XX
ALOUFA,XX
ALOISE,XX
ALOI,XX
ALMIRANTE,XX
ALMINO,XX
ALMEDA,XX
ALMAS,XX
ALLGAYER,XX
ALKMIM,XX
ALKIMIM,XX
ALI,XX
ALFRADIQUE,XX
ALFONSO,XX
ALFARO,XX
ALEXOPULOS,XX
ALEXIM,XX
ALEXANDRIA,XX
ALESSANDRO,XX
ALENTEJO,XX
ALENQUER,XX
ALEM,XX
ALELAF,XX
ALEJARRA,XX
ALECIO,XX
AIDE,XX
AICK,XX
AGUSTINI,IT
AGUSTINHO,XX
ACIPRESTE,XX
ACHTSCHIN,XX
ACHEGAUA,XX
ACCETTA,IT
ABUJAMRA,XX
ABUD,XX
ABUCHAIN,XX
ABTIBOL,XX
ABRITTA,XX
ABRAS,XX
ABRANCHES,XX
ABRAMOVITH,XX
ABIZETHE,XX
ABERTONI,IT
ABENSUR,XX
ABELIN,XX
ABEKI,XX
ABDON,XX
ABDO,XX
ABDENUR,XX
ABDALAD,XX
ABBATE,XX
ABBAS,XX
ABBAD,XX
ABATH,XX
ACQUA,XX
ACQUARONE,XX
ACQUAVIVA,XX
AGERTT,XX
AGUILA,XX
AGUENA,XX
AGUDO,XX
AGUAS,XX
AGRICIO,XX
AGRESTA,XX
AGRELOS,XX
AGNOLIN,XX
AGNOL,XX
AGNES,XX
AGILAR,XX
AGBE,XX
ADAD,XX
AGATTE,XX
AGAPTO,XX
AFRIAT,XX
ADRIAO,XX
ADOLPHO,XX
ADEODATO,XX
ADELINO,XX
ADDOR,XX
ADARIO,XX
ADAMOLI,XX
ADAME,XX
ALTAVINI,IT
ALTE,XX
ALTHAUS,DE
ANGELUCI,XX
ANVERS,XX
ANUTE,XX
ANTOUN,XX
ANTONY,XX
ANTONIUTTI,XX
ANTONIASSI,XX
ANTONIACOMI,XX
ANTONI,IT
ANTONACCIO,XX
ANTON,XX
ANTLOGA,XX
ANTINOLFI,XX
ANTICH,XX
ANTIBAS,XX
ANTELMI,XX
ANTAO,XX
ANSCHAU,XX
ANNUNCIACAO,XX
ANICETO,XX
ANHE,XX
ANHALT,XX
ANGULO,XX
ANGRISANO,XX
ANGOTI,XX
ANGIONI,IT
ANVERSA,XX
ANVERSI,XX
ANZA,XX
ARAMAYO,XX
ARCARO,XX
ARCANGELO,XX
ARC,XX
ARBOES,XX
ARBEX,XX
ARBACHE,XX
ARAS,XX
ARARIPE,XX
ARAPIRACA,XX
ARANOVICH,XX
ARANDAS,XX
ARAKAWA,JP
ANZOLIN,XX
ARAGAKI,JP
ARADI,XX
ARABIDIAN,XX
APRIA,XX
APOSTOLOS,XX
APOLONIO,XX
APOLONI,IT
APICELO,XX
AOTO,XX
AOLITA,XX
AOKI,XX
ANGENOT,FR
ANGELICO,XX
ALTHOFF,DE
ANG,XX
AMIKURA,XX
AMIEL,XX
AMIDANI,XX
AMICO,XX
AMESTOY,XX
AMERICANO,XX
AMENDOLA,XX
AMBROSINI,IT
AMBONI,IT
AMATO,XX
AMARIZ,XX
AMARILHO,XX
AMANTEA,XX
AMANTE,XX
AMAECING,XX
ALZERI,XX
ALWAN,XX
ALVISI,XX
ALVINO,XX
ALVERNE,XX
ALVARO,XX
ALVARIM,XX
ALVA,XX
ALTINO,XX
ALTINA,XX
AMIN,XX
AMO,XX
AMORA,XX
ANDREA,XX
ANEAS,XX
ANDRIOLO,XX
ANDRIGHETTI,IT
ANDRIAZZI,IT
ANDREZA,XX
ANDREUCCI,XX
ANDREOLLA,XX
ANDREOLI,XX
ANDREO,XX
ANDREGHETTO,IT
ANDREAZI,XX
ANDRADES,XX
AMORE,XX
ANDOLFATTO,XX
ANDES,XX
ANDERSEN,XX
ANASTASIA,XX
ANANIAS,XX
ANAIA,XX
ANACLETO,XX
ANABUKI,XX
AMUD,XX
AMPARO,XX
AMOROSO,XX
BAYA,XX
BAZAN,XX
BUNN,XX
BORSIO,XX
BORSALLI,XX
BORRA,XX
BOROWSKI,PL
BOROMELO,XX
BORNHOFEN,XX
BORNATTO,XX
BORN,XX
BORMEVET,FR
BORJA,XX
BORIONI,IT
BORIO,XX
BORIN,XX
BORHER,XX
BORGUESAO,XX
BORGO,XX
BORGNETH,XX
BORGLI,XX
BORGHI,XX
BORGHETTI,IT
BORGA,XX
BORELLI,IT
BORELLA,IT
BORDONI,IT
BORDIN,XX
BORDIM,XX
BORSI,XX
BORTMAN,XX
BOERNER,XX
BORTOLETE,XX
BOUZA,XX
BOURSCHEIDT,XX
BOUMANN,DE
BOTTURA,XX
BOTTON,XX
BOTTO,IT
BOTTI,IT
BOTTER,XX
BOTTENTUIT,XX
BOTTECCHIA,IT
BOTH,XX
BOTAN,XX
BOSSONE,XX
BOSSI,XX
BOSSANEL,XX
BOSON,XX
BOSIGER,XX
BOSCHI,XX
BOSCATO,XX
BOSCARINO,XX
BOSCA,XX
BOS,XX
BORTOLOTTO,IT
BORTOLOTO,XX
BORTOLIN,XX
BORDA,XX
BOOSTEL,XX
BONUMA,JP
BONUCCELLI,IT
BONAFE,XX
BONADIO,XX
BONADEO,XX
BON,XX
BOMMAN,XX
BOMBARDI,XX
BOLZANI,XX
BOLWERK,XX
BOLSONI,IT
BOLSONARO,XX
BOLORINI,IT
BOLLIGER,XX
BOLIGIAN,XX
BOLGENHAGEN,XX
BOLDA,XX
BOL,XX
BOKU,XX
BOING,XX
BOIA,XX
BOHUSCH,XX
BOHNERT,XX
BOHLKE,XX
BOGOSSIAN,XX
BOGARIM,XX
BOF,XX
BONALDO,XX
BONAMICHI,XX
BONANTE,XX
BONFANTI,XX
BONTEMPO,XX
BONSUCESSO,XX
BONSANTO,XX
BONIZZI,IT
BONITESE,XX
BONISSON,XX
BONISSI,XX
BONIOLO,XX
BONIN,XX
BONHEUR,XX
BONFIN,XX
BONFADINI,IT
BONASSOLI,XX
BONETTI,IT
BONET,FR
BONES,XX
BONELLI,IT
BONECKER,XX
BONDUKI,XX
BONCZYNSKI,XX
BONAVITA,XX
BONAVIGO,XX
BONAVIDES,XX
BONATTI,XX
BOUZADA,XX
BOVE,XX
BOYADJIAN,XX
BROGIO,XX
BUARQUE,XX
BRYKALSKI,XX
BRUZZEGUEZ,IT
BRUSTER,XX
BRUST,XX
BRUSCHI,XX
BRUSAMARELLO,IT
BRUNORO,XX
BRUNHOLI,XX
BRUNER,XX
BRUNELLI,IT
BRUNCA,XX
BRUMMELL,XX
BRUINI,IT
BRUIN,XX
BRUGNOLO,XX
BRUCH,XX
BROWN,XX
BROTTO,IT
BROSSMANN,DE
BRONZERI,XX
BRONZEADO,XX
BRONZE,XX
BROMBILLA,XX
BROLLO,ES
BUBAR,XX
BUBLITZ,XX
BUCCOLO,XX
BUHLMANN,DE
BUNGART,XX
BUNDCHEN,XX
BUNA,XX
BULSING,XX
BULLA,XX
BULHAO,XX
BULE,XX
BULCAO,XX
BUKIEWICZ,PL
BUJOKAS,XX
BUIM,XX
BUHATEM,XX
BUCH,XX
BUGLIA,IT
BUGALHO,XX
BUFULIN,XX
BUFFON,XX
BUESS,XX
BUDZIAK,XX
BUDNY,XX
BUCKINGHAM,XX
BUCIOLI,XX
BUCHNER,XX
BUCHHNO,XX
BROGNARO,XX
BRODAY,XX
BOZOLI,XX
BROD,XX
BRAUNSTEIN,DE
BRAUM,XX
BRAULE,XX
BRATZ,XX
BRASAO,XX
BRAQUEHAIS,XX
BRANQUINHO,XX
BRANJAO,XX
BRANDI,XX
BRANDES,XX
BRANDELERO,XX
BRANDALISE,XX
BRAND,XX
BRANCHES,XX
BRANCA,XX
BRAMBILLA,XX
BRAIT,XX
BRAIDO,XX
BRAGHINI,IT
BRAGANHOLO,XX
BRAGAGNOLO,XX
BRADACZ,XX
BRACCI,XX
BRACALE,XX
BOZZA,IT
BRAYN,XX
BREA,XX
BREANCINI,IT
BRIOZO,XX
BROCKER,XX
BROCCO,XX
BROCCHI,XX
BROCCA,XX
BRIZUENA,XX
BRIZOLLA,XX
BRIZANTE,XX
BRIVIO,XX
BRITZKE,XX
BRISOLLA,XX
BRISOLA,XX
BRIOSCHI,XX
BREITBACH,DE
BRIONES,XX
BRIGGS,XX
BRIAO,XX
BREWER,XX
BREUS,XX
BRETERNITZ,XX
BRESSANIN,XX
BRESCIANI,XX
BRENTANO,XX
BREMER,XX
BRELAZ,XX
BOETTGE,XX
BOENTE,XX
BAZANA,XX
BENKENDORF,XX
BENJAMIM,XX
BENISHEVA,XX
BENINI,IT
BENICIO,XX
BENGUIGUI,XX
BENFEITAS,XX
BENFATTI,XX
BENEVOLO,XX
BENEVENTE,XX
BENEMANN,DE
BENEDICTO,XX
BENEDET,FR
BENDO,XX
BENDELAQUE,XX
BEND,XX
BENARROSH,XX
BENAQUIO,XX
BENAC,XX
BELY,XX
BELUZO,XX
BELTRAMINI,IT
BELTRAMIM,XX
BELTRAM,XX
BELONI,IT
BELOCHIO,XX
BENJAMIN,XX
BENLOLO,XX
BOEMO,XX
BENNEMANN,DE
BERNHARD,FR
BERNARDIS,XX
BERNARDINA,XX
BERNABO,XX
BERMUDEZ,ES
BERMUDES,XX
BERLITZ,XX
BERLINI,IT
BERLENDIS,XX
BERLANDA,XX
BERGAMINI,DE
BERGAMIM,DE
BERGAMASCHI,DE
BEREZOVSKY,XX
BERENSZTEJN,XX
BEREJUCK,XX
BERCOT,FR
BERBEL,XX
BENZECRY,XX
BENVENUTI,XX
BENTINHO,XX
BENTIN,XX
BENTHIEN,XX
BENON,XX
BENNET,FR
BELMUDES,XX
BELMONT,FR
BELMAR,XX
BELLY,XX
BEHR,XX
BEHLING,XX
BEGNINI,IT
BEGGIORA,XX
BEDUSCHI,XX
BEDRAN,XX
BEDNASKI,XX
BEDIN,XX
BEDIM,XX
BEDERODE,XX
BEDENDO,XX
BEDAQUI,XX
BEDA,XX
BECKMANN,DE
BECKLER,XX
BECKERT,XX
BECKERATH,XX
BECHTOLD,XX
BECHARA,JP
BECEVELI,XX
BAZZI,IT
BAZOTTI,IT
BAZILIO,XX
BAZARIM,XX
BAZANELLA,IT
BEHRENSDORF,XX
BEIER,FR
BEIL,XX
BELEGOTI,XX
BELLUCCI,XX
BELLOC,XX
BELLINI,IT
BELLINELLO,IT
BELLINATI,XX
BELINGER,DE
BELGRANO,XX
BELGA,XX
BELFORT,FR
BELEZA,XX
BELETI,XX
BELEBONI,IT
BEIRAL,XX
BELATO,XX
BELART,XX
BELANCON,XX
BELAN,XX
BELAIDI,XX
BEKHIT,XX
BEJDER,XX
BEJA,XX
BEIRIZ,XX
BEIRE,XX
BEIRAO,XX
BERNINI,IT
BERNSMANN,DE
BERSCH,XX
BIGUIDEDE,XX
BITZKI,XX
BITTE,XX
BITTAR,XX
BITELLI,IT
BISSOLI,XX
BISSOL,XX
BISSI,XX
BISCONSIN,XX
BISCHOFF,DE
BISCAIA,XX
BIRNBAUM,DE
BIRCK,XX
BIONDI,XX
BIO,XX
BINOTI,XX
BINO,XX
BINET,FR
BINDER,XX
BINDA,XX
BINATTO,XX
BILLI,XX
BILIBIO,XX
BILHEU,FR
BILESSIMO,XX
BILEK,XX
BIULCHI,XX
BIZARRO,XX
BIZIAK,XX
BO,XX
BOEHS,XX
BOECHEL,XX
BODNAR,XX
BOCORNY,XX
BOCHECO,XX
BOCCOMINO,XX
BOCARDE,XX
BOCAGE,XX
BOCADO,XX
BOBERMIN,XX
BOAES,XX
BLUME,XX
BLACKMAN,XX
BLOS,XX
BLOOMFIELD,XX
BLOISE,XX
BLOCK,XX
BLOCH,XX
BLENGINI,IT
BLEIL,XX
BLANK,XX
BLANDO,XX
BLANC,XX
BLACKMON,XX
BILCATI,XX
BIGOLIN,XX
BERSSANETTE,XX
BIGNAMI,XX
BETTONI,IT
BETTINI,IT
BETTARELLO,IT
BETAT,XX
BET,FR
BESTEIRO,XX
BESIGHINI,IT
BESEKE,XX
BESCHORNER,XX
BESADA,XX
BERWANGER,XX
BERTUOL,XX
BERTUNES,XX
BERTULINO,XX
BERTOQUI,XX
BERTOLIN,XX
BERTOLI,XX
BERTOLDO,XX
BERTOLASSE,XX
BERTOLANI,XX
BERTOLACCINI,IT
BERTOL,XX
BERTELLI,IT
BERTAZO,XX
BERTAO,XX
BEUTER,XX
BEUX,FR
BEVILACQUA,XX
BIAZOLI,XX
BIGIO,XX
BIGARELI,XX
BIFFI,XX
BIFANO,XX
BIERRENBACH,DE
BIERHALS,XX
BIENE,XX
BIELUCZYK,UA
BIELENKI,XX
BICHO,XX
BICCA,XX
BIAZATTI,XX
BEWIAHN,XX
BIAVATI,XX
BIASOTTO,IT
BIASI,XX
BIANECKI,XX
BIANCHETTI,IT
BIANCH,XX
BIANCARDI,XX
BIAGGI,XX
BIAGE,XX
BEZ,ES
BEYERSTEDT,XX
EGGER,XX
EGGERS,XX
EGIMA,XX
KLINGL,XX
KLIEWER,XX
KLIEMANN,DE
KLEY,XX
KLEN,XX
KLEMENCHUK,XX
KLEINLEIN,XX
KLEINE,XX
KLEIMAN,XX
KLEEBANK,XX
KLAVER,XX
KLAUTAU,XX
KLAFKE,XX
KITNER,DE
KITANI,XX
KITAGAWA,JP
KIST,XX
KISSNER,XX
KISSMANN,DE
KISI,XX
KISE,XX
KISCHLAT,XX
KIRSCHNER,XX
KIRSCH,XX
KIRCHNER,XX
KIRCHHOF,XX
KLINGENFUSS,XX
KLINOVSKI,PL
KAMEI,XX
KLOC,XX
KODAIRA,XX
KOCK,XX
KOCIAN,XX
KOCHHANN,XX
KOCHE,XX
KOCH,XX
KOBE,XX
KNUPP,XX
KNOPP,XX
KNOPF,XX
KNOLL,XX
KNOELLER,XX
KNOB,XX
KNIHS,XX
KNEIPP,XX
KNABEM,XX
KLUPPEL,XX
KLUGE,XX
KLUG,XX
KLOTZ,XX
KLOSTER,XX
KLOSS,XX
KLOSOVSKI,PL
KLOPSCH,XX
KLOH,XX
KILL,XX
KIHARA,JP
KIESSLING,XX
KIESSLER,XX
KAUER,DE
KAUAM,XX
KATZER,XX
KATO,XX
KATEIVAS,XX
KATAOKA,JP
KASTRUP,XX
KARVAT,XX
KARSAKLIAN,XX
KARRAZ,XX
KAROLY,XX
KARKOW,XX
KARKOUS,XX
KAPPLER,XX
KAPPES,XX
KAPPER,XX
KAPCZINSKI,PL
KANNO,XX
KANGUSSU,XX
KANEZAKI,JP
KANEKO,XX
KAMIO,XX
KAMINSKI,PL
KAMIMURA,JP
KAMIKAWACHI,XX
KAUFMAN,XX
KAWAGUCHI,JP
KAWAHARA,JP
KHALIL,XX
KIERSZENBAUM,DE
KIERECZ,XX
KIEL,XX
KIEFER,XX
KICHEL,XX
KIBINO,XX
KIAPUCHINSKI,PL
KHOURY,XX
KHERANI,XX
KHENAIFES,XX
KHECHEH,XX
KESSLER,XX
KAWAMURA,JP
KESKE,XX
KERSTEN,XX
KERINSKA,XX
KERBER,XX
KENNE,XX
KEHL,XX
KECHINSKI,PL
KAYA,XX
KAY,XX
KAWATA,XX
KAWASHITA,XX
KOELER,XX
KOERICH,XX
KOESTER,XX
KUNDRAT,XX
LAASS,XX
KWIATKOWSKI,PL
KWECKO,XX
KWASINSKI,PL
KWANG,XX
KWAN,XX
KVITKO,XX
KUZE,XX
KUX,XX
KUWAHARA,JP
KUSS,XX
KURZ,XX
KURRLE,XX
KUROKAWA,JP
KURKA,XX
KURIYAMA,JP
KURIQUI,XX
KURIKI,XX
KURIBAYASHI,JP
KURIAKI,JP
KURBAN,XX
KURANAGA,JP
KUPPENS,XX
KUPERCHMIT,XX
KUNTZE,XX
LABANCA,XX
LABRADA,XX
LABRUJO,XX
LAHAS,XX
LAMEU,FR
LAMEIRAO,XX
LAMBERTS,XX
LAMBERT,XX
LAMBACK,XX
LAMB,XX
LAMAZIERE,XX
LAMARCA,XX
LAMAR,XX
LALLA,XX
LAHSEN,XX
LAHAM,XX
LABUTO,XX
LAGROTTA,XX
LAGRANHA,XX
LAGOS,XX
LAGOA,XX
LAFIN,XX
LAFERTE,XX
LAEBER,XX
LACOMBE,XX
LACHTERMACHER,DE
LACAVA,XX
LACATIVA,XX
KUNKEL,XX
KUNDE,XX
KOGACHI,XX
KUMAR,XX
KOSCHIER,FR
KOSCHECK,XX
KOSBIAU,XX
KORMANN,DE
KORINFSKY,XX
KORELL,XX
KOPILER,XX
KONTA,XX
KONS,XX
KONIG,XX
KOMNISKI,XX
KOMENO,XX
KOMATSU,JP
KOLTERMANN,DE
KOLT,XX
KOLOGESKI,XX
KOLLING,XX
KOLBERG,DE
KOKETSU,XX
KOIKE,XX
KOIFMAN,XX
KOHN,XX
KOHATSU,JP
KOGUT,XX
KOGLIN,XX
KOSCIANSKI,XX
KOTHE,XX
KOVAGS,XX
KRUPP,XX
KUMAIRA,XX
KULLMANN,DE
KULESZA,XX
KULAIF,XX
KUIPERS,XX
KUDO,XX
KUCHENBECKER,XX
KUBRUSLY,XX
KUBO,XX
KSIASZCZYK,UA
KRUSE,XX
KRUG,XX
KOVALJSKI,XX
KROPF,XX
KREUTZFELD,DE
KRAUSPENHAR,XX
KRAUSE,XX
KRATOCHWILL,XX
KRAJEVSKI,PL
KRAINSKI,PL
KRAEMER,XX
KOZAKEVICIUS,XX
KOYAMA,JP
KOX,XX
KAMI,XX
KAMCHEN,XX
LAMPERT,XX
IOP,XX
INUMARU,JP
INTROINE,XX
INOCENTES,XX
INOCENCIO,XX
INNECCO,XX
INHAQUITES,XX
INES,XX
INCERTI,XX
INAJOSA,XX
INADA,XX
IMHOF,XX
IMBUZEIRO,XX
IMAKAWA,JP
IKUMA,JP
IKINO,XX
IKESHOJI,XX
IKARI,XX
IJICHI,XX
IIMA,XX
IHJAZ,XX
IHARA,JP
IGNATIOS,XX
IGNA,XX
IGLECIAS,XX
IGAYARA,XX
IOCCA,XX
IORIO,XX
KAMBARA,XX
IPOLITO,XX
IUSEM,XX
IUNG,XX
ITRIA,XX
ITAPA,XX
ITALIANO,XX
ITABORAHY,XX
ISOLAN,XX
ISOBE,XX
ISIDORO,XX
ISIDIO,XX
ISHIZUKA,JP
ISHIKAWA,JP
ISHIGAI,XX
ISHIDA,JP
ISHAK,XX
ISEKI,XX
ISCHABER,XX
ISBARROLA,XX
IRMAO,XX
IRIGARAY,XX
IRENE,XX
IRAMINA,XX
IRALA,XX
IQUEDA,XX
IPUCHIMA,JP
IGARASHI,JP
IFRAN,XX
IENSEN,XX
IENICHAKI,JP
HOYER,XX
HOWES,XX
HOUAISS,XX
HOSOKAWA,JP
HOSKIN,XX
HOSHINO,XX
HOSDA,XX
HOSANNAH,XX
HORWACZ,XX
HORTEGAL,XX
HORT,XX
HORST,XX
HOROVITS,XX
HORNA,XX
HORN,DE
HORBACH,DE
HOPPE,XX
HOPNER,XX
HONESKO,XX
HONDA,XX
HONAISER,XX
HONAIN,XX
HOMEROD,XX
HOMENA,XX
HOMEM,XX
HOYLER,XX
HREISEMNOU,XX
HRYNIEWICZ,PL
HUNGRIA,XX
IDE,XX
IBITURUNA,XX
IBARRA,XX
IBANEZ,ES
IARA,XX
IANNONI,IT
IANNINI,IT
HYARIC,XX
HUZIWARA,XX
HUPPES,XX
HUNING,XX
HUNDERTMARCK,XX
HSU,XX
HUMBERTO,XX
HULLER,DE
HUHOLD,XX
HUGO,XX
HUFF,XX
HUDSON,XX
HUBNER,XX
HUBLER,XX
HUBERT,XX
HUBAIDE,XX
HUAPAYA,XX
IVANOSKI,XX
IVO,XX
IWABUCHI,JP
JOHNSON,XX
JURGINA,XX
JURASKI,XX
JUNIO,XX
JUNGES,XX
JUNGER,XX
JUNES,XX
JUNCKES,XX
JULIEN,XX
JULIATTO,XX
JULIANO,XX
JUKEMURA,JP
JUIZ,XX
JUEN,XX
JUBRAN,XX
JUBE,XX
JUAREZ,ES
JOVER,XX
JOUCOSKI,XX
JOTA,XX
JOSUE,XX
JOSINO,XX
JORNADA,XX
JORDINO,XX
JOPPI,XX
JOPPERT,XX
JURITI,XX
JURUBEBA,XX
JUSTA,XX
KAFURI,XX
KAMADA,XX
KALISKI,XX
KALIL,XX
KAKITANI,XX
KAKINOHANA,XX
KAKIMOTO,JP
KAKEHASI,XX
KAISER,XX
KAIMOTI,XX
KAIESKI,XX
KAI,XX
KAFFLER,XX
JUSTEN,XX
KADRE,XX
KADDOUM,XX
KABUTAKAPUA,XX
KABOUDI,XX
KAARI,XX
JUZINSKAS,XX
JUVINO,XX
JUVENCIO,XX
JUTZET,FR
JUSTINIANO,XX
JUSTI,XX
JONSSON,XX
JOHANN,XX
IWAKAWA,JP
JOCA,XX
JANDIROBA,XX
JAMMAL,XX
JAMES,XX
JAHEL,XX
JAHARA,JP
JAGUAR,XX
JAEGGER,XX
JAEGGE,XX
JACOUB,XX
JACOMO,XX
JACOMINO,XX
JACOBSEN,XX
JACOBINA,XX
JACKSON,XX
JACCOUD,XX
JABOUR,XX
JABER,XX
JABALI,XX
IZUIBEJERES,XX
IZEL,XX
IZAWA,JP
IZAR,XX
IZAIAS,XX
IZAGUIRRES,XX
IWAKIRI,XX
JANDREY,XX
JANINI,IT
JANK,XX
JEPSEN,XX
JOBIM,XX
JOBA,XX
JO,XX
JINYUN,XX
JIMENEZ,ES
JEZUZ,XX
JEZINI,IT
JESUZ,XX
JERUSALEM,XX
JERONYMO,XX
JEREISSATI,XX
JENSEN,XX
JANSSEN,XX
JENNINGS,XX
JENNE,XX
JELITA,XX
JELEZNHAK,XX
JAZBIK,XX
JAYME,XX
JARCEM,XX
JAPUR,XX
JAPPE,XX
JAPIASSU,XX
JANTORNO,XX
LAMOUR,XX
LAMPERTI,XX
HOLTZ,XX
MANFIO,XX
MANERA,XX
MANENTI,XX
MANDU,XX
MANATTA,XX
MANATA,XX
MANAIA,XX
MAMUD,XX
MAMONE,XX
MAMONA,XX
MAMEDIO,XX
MAMANN,DE
MAMANI,XX
MALVAR,XX
MALVA,XX
MALULY,XX
MALTY,XX
MALTONI,IT
MALINOVSKI,PL
MALHAO,XX
MALFUSSI,XX
MALFACINI,IT
MALETTA,IT
MALDANER,XX
MALCHER,XX
MALASZKIEWICZ,PL
MANES,XX
MANFREDINI,IT
MACABEU,FR
MANFRINI,IT
MAQUINE,XX
MAPELLI,IT
MAOSKI,XX
MANZONI,IT
MANZOLLI,XX
MANZOLILLO,ES
MANZOCHI,XX
MANZO,XX
MANZI,XX
MANZ,XX
MANTOVANELI,XX
MANTILLA,XX
MANTELLI,IT
MANTA,XX
MANSOR,XX
MANSOLDO,XX
MANSANO,XX
MANNO,XX
MANNARINO,XX
MANN,DE
MANICA,XX
MANHICA,XX
MANGUALDE,XX
MANGEON,XX
MANGELA,XX
MALASPINA,XX
MALANSKI,XX
MALAN,XX
MALAGUTI,XX
MAGGESSY,XX
MAGDESIAN,XX
MAGDALENO,XX
MAGANHI,XX
MAFIOLETTI,IT
MAFFIOLETTI,IT
MAFEI,XX
MAEHLER,XX
MAEHARA,JP
MADY,XX
MADURO,XX
MADUREIRO,XX
MADRID,XX
MACULO,XX
MACOLA,XX
MACKEDANZ,XX
MACKE,XX
MACIENTE,XX
MACHULIS,XX
MACHARETH,XX
MACERA,XX
MACARINI,IT
MACALINI,IT
MACALAO,XX
MACACINI,IT
MAGGI,XX
MAGGINI,IT
MAGNEZI,XX
MAISSIAT,XX
MALAFAIA,XX
MALACRIDA,XX
MAKUXI,XX
MAKSOUD,XX
MAKRAY,XX
MAKOWIECKI,XX
MAKHOUL,XX
MAKARA,XX
MAJACUNDE,XX
MAIURINO,XX
MAISSNER,XX
MAIORINO,XX
MAGOSSI,XX
MAIOLINO,XX
MAIOLINI,IT
MAINIERI,IT
MAIEVES,XX
MAIERA,XX
MAIELLO,IT
MAIBORODA,XX
MAI,XX
MAHFOUD,XX
MAGRIN,XX
MAGRI,XX
MARACABA,XX
MARAFON,XX
MARANDOLA,XX
MARQUEZ,ES
MARTINO,XX
MARTININGUI,XX
MARTINHO,XX
MARTINHAO,XX
MARTINGO,XX
MARTINELLO,IT
MARTINELLE,XX
MARTINELI,XX
MARTINA,XX
MARTILDES,XX
MARTIGNONI,IT
MARTHA,XX
MARTELO,XX
MARTELLOTE,XX
MARTELLO,IT
MARTA,XX
MARSOLA,XX
MARSICO,XX
MARSHALL,XX
MARRUCHE,XX
MARROQUIM,XX
MARRASCHI,XX
MARRANGHELLO,IT
MARRACCINI,IT
MARQUIORI,XX
MARTINY,XX
MARTIOLI,XX
MARTIRE,XX
MASCARELLO,IT
MASSARO,XX
MASSAPINA,XX
MASSAMBANI,XX
MASSAFERA,XX
MASILI,XX
MASETTO,IT
MASELLO,IT
MASCHIO,XX
MASCENA,XX
MASCARO,XX
MASCARENAS,XX
MARZARI,XX
MARTORELLI,IT
MARZALL,XX
MARY,XX
MARWELL,XX
MARVANOVA,XX
MARUYAMA,JP
MARUOKA,JP
MARUO,XX
MARUJO,XX
MARTYRES,XX
MARTYNETZ,XX
MARTUCHELI,XX
MARQUINI,IT
MARQUET,FR
MARANGA,XX
MARQUE,XX
MARCOLIN,XX
MARCOLAN,XX
MARCILESE,XX
MARCIAO,XX
MARCIANO,XX
MARCIAL,XX
MARCHITO,XX
MARCHIORI,XX
MARCHEZINI,IT
MARCHESIN,XX
MARCHAND,XX
MARCELOS,XX
MARCELINA,XX
MARCARINI,IT
MARCA,XX
MARAZINI,IT
MARAVIESKI,XX
MARAVALHAS,XX
MARASSI,XX
MARASINI,IT
MARASCHIN,XX
MARAO,XX
MARANO,XX
MARANI,XX
MARANHO,XX
MARCOLLA,XX
MARCOMINI,IT
MARCUZZI,IT
MARIO,XX
MAROUN,XX
MAROUELLI,IT
MAROTA,XX
MAROJA,XX
MARODIN,XX
MAROCHI,XX
MARMENTINI,IT
MARMELLO,IT
MARKUS,XX
MARISCO,XX
MARIOTO,XX
MARINATO,XX
MARDEGAN,XX
MARICEVICH,XX
MARIATH,XX
MARIALVA,XX
MARGOTTI,IT
MARGONI,IT
MARGARITES,XX
MARGARIDA,XX
MARFIL,XX
MARES,XX
MARECOS,XX
MARDINI,IT
MACABU,XX
MACA,XX
ABAD,XX
LESTE,XX
LEROY,XX
LERMONTOV,XX
LERMES,XX
LERMEN,XX
LERCO,XX
LERBAK,XX
LERBACH,DE
LEPKOSKI,XX
LEPETITGALAND,XX
LEONEL,XX
LEOCADIO,XX
LEOBACK,XX
LEO,XX
LENZ,XX
LENK,XX
LENFERS,XX
LENCINA,XX
LEMME,XX
LEMKE,XX
LELES,XX
LEIVA,XX
LEISTER,XX
LEIROS,XX
LEIMIG,XX
LEIBOVICH,XX
LESSAK,XX
LESTINGE,XX
MAAG,XX
LETIERI,IT
LINCOLN,XX
LIMP,XX
LIMAVERDE,XX
LIMAO,XX
LIMANA,XX
LIGUORI,XX
LIGNANI,XX
LIGIERO,XX
LIGEIRO,XX
LIGABUE,XX
LIEBL,XX
LIEBERENZ,XX
LICURGO,XX
LICURCI,XX
LICORIO,XX
LICASSALI,XX
LIBRALON,XX
LIARTE,XX
LIAO,XX
LHAMBY,XX
LEZIER,FR
LEWER,XX
LEVY,XX
LEVCOVITZ,XX
LETTNIN,XX
LEHNHARD,FR
LEGUIZAMON,XX
LEFEVRE,XX
LEDO,XX
LARROYED,XX
LAROVERE,XX
LAROSA,XX
LAROQUE,XX
LARICCHIA,IT
LARI,XX
LARES,XX
LARENAS,XX
LARANJEIRAS,XX
LARANGEIRA,XX
LAPROVITA,XX
LAPENDA,XX
LANZARIN,XX
LANZARA,XX
LANIUS,XX
LANINI,IT
LANGSDORFF,XX
LANGSCH,XX
LANGER,XX
LANGA,XX
LANDFELDT,DE
LANDERDAHL,XX
LAND,XX
LANCASTRE,XX
LANARO,XX
LARRUBIA,XX
LARSEN,XX
LARSON,XX
LAWSON,XX
LEDIC,XX
LEDES,XX
LECIO,XX
LECHIV,XX
LEBRE,XX
LEBLER,XX
LEADEBAL,XX
LAZZERI,IT
LAZZAROTTI,IT
LAZZARINI,IT
LAXE,XX
LAVINAS,XX
LASMAR,XX
LAVARDA,XX
LAVALL,XX
LAUTERT,XX
LAURO,XX
LAURENCIO,XX
LAUERMANN,DE
LAUDARES,XX
LAUAR,XX
LATORRACA,XX
LATAVANHA,XX
LASSE,XX
LINDEMANN,DE
LINDEN,XX
LINDENBERG,DE
LOTUFO,XX
LUCILIO,XX
LUCIETTI,IT
LUCHINI,IT
LUCHESI,XX
LUCERO,XX
LUCE,XX
LUCCIA,XX
LUCCHESI,XX
LUCATELLI,IT
LUBIANA,XX
LUBE,XX
LUBANCO,XX
LOY,XX
LOW,XX
LOVIS,XX
LOVATTO,XX
LOVATO,XX
LOUVISSE,XX
LOUSA,XX
LOURO,XX
LOURINHO,XX
LOURENCONE,XX
LOURENCON,XX
LOURENCATO,XX
LOURA,XX
LUCINI,IT
LUDGERO,XX
LUDOVICO,XX
LUSO,XX
LYONS,XX
LYNCH,XX
LYCURGO,XX
LUZZARDI,IT
LUZORIO,XX
LUZES,XX
LUVIZARO,XX
LUVIELMO,XX
LUTTERBACH,DE
LUTHER,XX
LUSTRE,XX
LUNKES,XX
LUDWIG,XX
LUNGAREZE,XX
LUNEDO,XX
LUNARDI,XX
LUMBRERAS,XX
LULA,XX
LUIZE,XX
LUIZARI,XX
LUIGI,XX
LUI,XX
LUGON,XX
LUGO,XX
LOULA,XX
LOTTI,IT
LINDENMEYER,DE
LOTTERMANN,DE
LOEBEL,XX
LOCIO,XX
LOCH,XX
LOCARNO,XX
LOBREGAT,XX
LO,XX
LLARENA,XX
LIZIDATTI,XX
LIZ,XX
LIXA,XX
LIVRAMENTO,XX
LITHOLDO,XX
LISZBINSKI,PL
LISKA,XX
LIRO,XX
LIONELLO,IT
LINTOMEN,XX
LINK,XX
LINHEIRA,XX
LINHATTI,XX
LINGERFELT,XX
LINEIRA,XX
LINDQUIST,XX
LINDNER,XX
LINDGREN,XX
LOEBENS,XX
LOEBLIN,XX
LOES,XX
LORDARO,XX
LOTTA,XX
LOTH,XX
LOSSO,XX
LOSCIO,XX
LORO,XX
LORETO,XX
LORENZONI,IT
LORENCI,XX
LOREDO,XX
LORDELO,XX
LORDELLO,IT
LORDAO,XX
LOFF,XX
LOPEZ,ES
LONGHI,XX
LONGA,XX
LOMPARTE,XX
LOMONACO,XX
LOMEU,FR
LOMELINO,XX
LOMANTO,XX
LOLI,XX
LOJA,XX
LOGRADO,XX
HOLZMANN,DE
HOLLSBACK,XX
EGLER,XX
FOSCHI,XX
FOSCH,XX
FORZANI,XX
FORTE,XX
FORNELOS,XX
FORNACIARI,XX
FORMIGOSA,XX
FORMIGHERI,XX
FORMAGINI,IT
FORMA,XX
FORLINI,IT
FORLIN,XX
FORGIARINI,IT
FORESTI,XX
FORERO,XX
FORCACINI,IT
FOOK,XX
FONTINELLE,XX
FONTINELES,XX
FONTINEL,XX
FONTE,XX
FONTANINI,IT
FONTAINHA,XX
FONCESA,XX
FOLLADOR,XX
FOLIGNO,XX
FOSCHETTI,IT
FOSSATI,XX
FIEL,XX
FOUREAUX,FR
FRANGULLYS,XX
FRANGIPANI,XX
FRANGELLA,IT
FRANCOLINO,XX
FRANCOIA,XX
FRANCISCONI,IT
FRANCISCHINI,IT
FRANCISCHETTO,IT
FRANCISCA,XX
FRANCINO,XX
FRANCINI,IT
FRANCHINI,IT
FRANCEZ,ES
FRANCESCHI,XX
FRANCES,XX
FRANCATO,XX
FRAJUCA,XX
FRAINER,XX
FRAILE,XX
FRAGOZO,XX
FRAGOMENI,XX
FRAGAS,XX
FRADIQUE,XX
FRACAROLLI,XX
FOUTO,XX
FOLHADELLA,IT
FOLES,XX
FOLDA,XX
FOIS,FR
FIORENZA,XX
FIORELLI,IT
FIORAVANTI,XX
FIORANTE,XX
FINTELMAN,XX
FINOTTI,IT
FINOKIET,FR
FINOCHIO,XX
FINCO,XX
FINARDI,XX
FIM,XX
FILMIANO,XX
FILLMANN,DE
FILLIPPI,XX
FILIPPOZZI,IT
FILIPPIN,XX
FILARETTI,IT
FILARDI,XX
FILADELFO,XX
FIGUEIROA,XX
FIGUEIRAS,XX
FIGOLI,XX
FIGHERA,XX
FIGALO,XX
FIENGA,XX
FIORENZANO,XX
FIORESI,XX
FIORIN,XX
FLISTER,XX
FOGLIARINI,IT
FOGASSO,XX
FOGASSA,XX
FLUZER,XX
FLOZINO,XX
FLORIT,XX
FLORINDO,XX
FLORAMBEL,XX
FLORA,XX
FLOERING,XX
FLIT,XX
FLEXA,XX
FIORINO,XX
FLEURY,XX
FLAMIA,XX
FLAIN,XX
FITTIPALDI,XX
FISCHBORN,XX
FIRST,XX
FIRMIANO,XX
FIRMENTO,XX
FIREMAN,XX
FIOROTTE,XX
FIORIO,XX
FRANQUEIRA,XX
FRANTZ,XX
FRANZ,XX
FURRIER,FR
GAJO,XX
GAJADHAR,XX
GAIOSO,XX
GAION,XX
GAINO,XX
GAICK,XX
GAGLIARDI,XX
GAETI,XX
GADONSKI,XX
GACHET,FR
GABY,XX
GABRIG,XX
GABLER,XX
GABI,XX
GABARDO,XX
FUZISHIMA,JP
FUZER,XX
FUZARO,XX
FUZA,XX
FUTER,XX
FUSINATO,XX
FUSCALDI,XX
FURUKAVA,XX
FURUCHO,XX
FURTUNATO,XX
GALAFASSI,XX
GALANTIER,FR
GALAO,XX
GALLIANI,XX
GALVES,XX
GALVEAS,XX
GALVANI,XX
GALVAN,XX
GALRAO,XX
GALON,XX
GALO,XX
GALMASSI,XX
GALLUZZO,IT
GALLUCCI,XX
GALLORO,XX
GALLERT,XX
GALARCA,XX
GALLE,XX
GALINO,XX
GALHO,XX
GALHARDI,XX
GALETTO,IT
GALEGO,XX
GALEANO,XX
GALDIANO,XX
GALDENCIO,XX
GALAXE,XX
GALARDO,XX
FURTOZO,XX
FURQUIM,XX
FRANZEN,XX
FURLANETTO,IT
FRISCH,XX
FRIGOTTO,IT
FRIESTINO,XX
FRID,XX
FRICK,XX
FRIACA,XX
FRESU,XX
FRENKEL,XX
FREIXO,XX
FREIRAS,XX
FREIESLEBEN,XX
FREIBERG,DE
FREESZ,XX
FREDRYCH,XX
FREDO,XX
FRECHEIRAS,XX
FRAXE,XX
FRATTI,XX
FRATE,XX
FRASSATO,XX
FRARE,XX
FRANZOSI,XX
FRANZONI,IT
FRANZON,XX
FRANZOI,XX
FRISCHEISEN,XX
FRISO,XX
FRIZOTTI,IT
FUHRMANN,DE
FURIATI,XX
FURIA,XX
FUNO,XX
FUNKE,XX
FUNFGELT,XX
FUNES,XX
FUNCHAL,XX
FULLANA,XX
FULGENCIO,XX
FUKUSHIMA,JP
FUJIKI,JP
FUHR,XX
FRIZZO,IT
FUCHS,XX
FRUTUOSO,XX
FRUGES,XX
FRUGERI,XX
FRUET,FR
FROZ,XX
FRONTELMO,XX
FROMER,XX
FROHLICH,XX
FROELICH,XX
FROEHLICH,XX
FIELDS,XX
FIDELES,XX
GAMBARRA,XX
EVORA,XX
EVANGELINELIS,XX
EURICH,XX
EUFRASIO,XX
ETCHEPARE,XX
ESTUQUI,XX
ESTUMANO,XX
ESTRELLA,IT
ESTRADA,XX
ESTIVALETE,XX
ESTIVALET,FR
ESTELINO,XX
ESTACIO,XX
ESSER,XX
ESPOSTI,XX
ESPINOZA,XX
ESPIGAO,XX
ESPIG,XX
ESPERANCA,XX
ESPEJO,XX
ESPADA,XX
ESMERO,XX
ESMANHOTTO,IT
ESKENAZI,XX
ESCUDERO,XX
ESCUDEIRO,XX
EVERTON,XX
EWERTON,XX
FIDALGO,XX
FABA,XX
FAE,XX
FADDOUL,XX
FACO,XX
FACIOLI,XX
FACIOLA,XX
FACIO,XX
FACINNI,XX
FACINA,XX
FACIE,XX
FACHINI,IT
FACHINELLI,IT
FACHAS,XX
FACCION,XX
FACCINI,IT
FACCI,XX
FACCHINI,IT
FACAS,XX
FACA,XX
FABRI,XX
FABRE,XX
FABIO,XX
FABINO,XX
FABIAO,XX
FABIANOVICZ,PL
FABBRI,XX
ESCOUTO,XX
ESCOSSIA,XX
ESCOLASTICO,XX
ESCOLA,XX
EMILIANO,XX
ELUZ,XX
ELSNER,XX
ELSENBACH,DE
ELPIDIO,XX
ELOY,XX
ELOSTA,XX
ELON,XX
ELMESCANY,XX
ELL,XX
ELIZALDE,XX
ELISEU,FR
ELINO,XX
ELIDIO,XX
ELICKER,XX
ELIA,XX
ELHKE,XX
ELECTO,XX
EIZERIK,XX
EISENBERG,DE
EILERS,XX
EIDT,XX
EICKOFF,XX
EICHLER,XX
EHNERT,XX
EMILIO,XX
EMMANUEL,XX
EMMERICK,XX
EPIPHANIO,XX
ESCANHOELA,XX
ERUDILHO,XX
ERSINZON,XX
ERQUECIA,XX
ERNANDES,XX
ERMINDOLFO,XX
ERIG,XX
ERHARDT,DE
ERDMANN,DE
ERCILIO,XX
EQUEY,XX
EPIFANEO,XX
EMURA,JP
EPELMAN,XX
ENTRINGE,XX
ENNES,XX
ENGSTER,XX
ENGRACIO,XX
ENGELKE,XX
ENGELBERT,XX
ENEDINO,XX
ENEAS,XX
ENDSON,XX
ENDO,XX
FAGA,XX
FAGAN,XX
FAGHERAZZI,IT
FEHLBERG,DE
FENILI,XX
FENELON,XX
FELTRIN,XX
FELTEN,XX
FELPOLDI,XX
FELLINI,IT
FELIZOLA,XX
FELIZARDO,XX
FELISBINO,XX
FELIS,XX
FELIPPETTO,IT
FELIPPA,XX
FELINTO,XX
FELINI,IT
FELICIDADE,XX
FELHBERG,DE
FELEX,XX
FELDMAN,XX
FELCKILCKER,XX
FELBERG,DE
FEITEN,XX
FEIL,XX
FEIJOO,XX
FEIJAO,XX
FEIDEN,XX
FERBER,XX
FERES,XX
FERIGOLO,XX
FERREIRO,XX
FIALCOSKI,XX
FEY,XX
FEUGA,XX
FEUERHARMEL,XX
FETTER,XX
FERRUGEM,XX
FERRONATO,XX
FERRON,XX
FERRIGNO,XX
FERRETTO,IT
FERRERI,XX
FERRATO,XX
FERLA,XX
FERRAREZZI,IT
FERRAREZI,XX
FERRAREZE,XX
FERRAMENTA,XX
FERRACIOLI,XX
FERRACINI,IT
FERON,XX
FERNANDO,XX
FERNANDE,XX
FERMIANO,XX
FERLIM,XX
FEICHAS,XX
FEGHALI,XX
FAIAD,XX
FEDERIGHI,XX
FARINA,XX
FARFAN,XX
FARES,XX
FARDIN,XX
FARAUM,XX
FARANI,XX
FARAJ,XX
FANTUZZI,IT
FANTA,XX
FANHA,XX
FANGER,XX
FANGEL,XX
FAMILIAR,XX
FALQUETTO,IT
FALQUETO,XX
FALLOT,FR
FALLETI,XX
FALLET,FR
FALLEIROS,XX
FALEIRO,XX
FALCONE,XX
FALCI,XX
FALABELLA,IT
FAKHOURI,XX
FAILLACE,XX
FARINAS,XX
FARINATTI,XX
FARINELLI,IT
FAVARETO,XX
FEDECHEN,XX
FAZZION,IT
FAZIO,XX
FAVRETTO,IT
FAVORETO,XX
FAVETTI,IT
FAVERSANI,XX
FAVERAO,XX
FAVE,XX
FAVARIN,XX
FAVARETTO,IT
FAVALI,XX
FARINHA,XX
FAUSTO,XX
FAULHABER,XX
FAULA,XX
FAUCZ,XX
FATTORI,XX
FATIMA,XX
FARVES,XX
FARSURA,XX
FARO,XX
FARIZELLI,IT
FARINON,XX
GALVINO,XX
GAMBARTI,XX
HOLLNAGEL,XX
GUTH,XX
GUSHIKEN,XX
GUNTHER,XX
GUMIEIRO,XX
GULES,XX
GUIZZO,IT
GUIZARDI,XX
GUIYOTOKU,XX
GUITTI,XX
GUIRRA,XX
GUIRAU,XX
GUIRARDI,XX
GUIRADO,XX
GUIOTTI,IT
GUIOTI,XX
GUIMARAENS,XX
GUILHON,XX
GUIDUCCI,XX
GUIDORENI,XX
GUIDONI,IT
GUIDOLIN,XX
GUGLIERI,IT
GUGLIELMO,XX
GUGISCH,XX
GUESSI,XX
GUESSER,XX
GUTEMBERG,DE
GUTIERRE,XX
GRESS,XX
GUTIERRES,XX
HAMMEL,XX
HAMANO,XX
HAMAMURA,JP
HALMENSCHLAGER,XX
HALIK,XX
HALAL,XX
HAJI,XX
HAILER,XX
HAIDEM,XX
HAHN,XX
HAGENBECK,XX
HAGEN,XX
HAGEMANN,DE
HAGE,XX
HAESER,XX
HADERCHPEK,XX
HACKBART,XX
HACHIYA,XX
HACHEM,XX
HABEYCHE,XX
HAAS,XX
HAAG,XX
GUZZO,IT
GUZMAN,XX
GUZ,XX
GUERTLER,XX
GUERRERO,XX
GUERO,XX
GUERIN,XX
GROSSMANN,DE
GROSSE,XX
GROSS,XX
GROSNER,XX
GRONER,XX
GROLA,XX
GRODERS,XX
GRITTI,XX
GRISOLIA,XX
GRISOLI,XX
GRISI,XX
GRIPPA,XX
GRIPE,XX
GRINSPUN,XX
GRINNAN,XX
GRINMAN,XX
GRINITS,XX
GRIMAUTH,XX
GRIM,XX
GRILO,XX
GRIGOLETTO,IT
GRIGIO,XX
GRIEBELER,XX
GRIBOSKI,XX
GREVE,XX
GROTA,XX
GRUBANO,XX
GRUBERTT,XX
GUARDA,XX
GUEPFRIH,XX
GUELFI,XX
GUELBERT,XX
GUEDINE,XX
GUEDELHA,XX
GUARIZI,XX
GUARIZ,XX
GUARITA,XX
GUARISCO,XX
GUARIM,XX
GUARIEIRO,XX
GUARATE,XX
GRUBISIC,XX
GUANAES,XX
GUALIUME,XX
GUAITOLINI,IT
GUAHYBA,XX
GRYNSZPAN,XX
GRUTZMANN,DE
GRUTZMACHER,DE
GRUNEICH,XX
GRUMM,XX
GRUGEL,XX
GRUDZIN,XX
HAMMERL,XX
HANA,XX
HANAN,XX
HENRY,XX
HIGA,XX
HIDD,XX
HID,XX
HICKMANN,DE
HEXSEL,XX
HESSEL,XX
HESS,XX
HERSZENHAUT,XX
HERSCOVICI,XX
HERRIOT,FR
HERRANZ,XX
HERRAIZ,XX
HERNANDES,XX
HERNALSTEENS,XX
HERMSDORFF,XX
HERMOGENES,XX
HERMANO,XX
HERKRATH,XX
HERING,XX
HERGESELL,XX
HERENIO,XX
HEREDIA,XX
HERDY,XX
HERBERT,XX
HENTZ,XX
HIGINO,XX
HIGUCHI,JP
HILARIO,XX
HITOTUZI,XX
HOLEVA,XX
HOLDSCHIP,XX
HOISER,XX
HOHL,XX
HOFFMAN,DE
HOERHAN,XX
HOELZ,XX
HODGSON,XX
HOBUSS,XX
HOBMEIR,XX
HO,XX
HISTER,XX
HILDEBRANDT,XX
HISATOMI,XX
HIRTZ,XX
HIRSCHBRUCH,XX
HIRDES,XX
HIRAKURI,XX
HIPOLITO,XX
HIODO,XX
HINNAH,XX
HILLESHEIM,DE
HILLEBRAND,XX
HILGUERA,XX
HENTSCHKE,XX
HENRIKSEN,XX
HANAUER,DE
HENNEBERG,DE
HATCHWELL,XX
HATADANI,XX
HASUNUMA,JP
HASTENREITER,XX
HASSLER,XX
HASSEGAWA,JP
HASENKAMP,DE
HASEN,XX
HASEGAWA,JP
HASCHE,XX
HARZHEIM,DE
HARTWIG,DE
HARTOG,DE
HARTKE,DE
HARO,XX
HARNAM,XX
HARDT,DE
HARDMAN,XX
HARDEN,XX
HARB,XX
HARA,JP
HANSEM,XX
HANNISDAL,XX
HANNESCH,XX
HANI,XX
HATEM,XX
HAUBRICK,XX
HAUER,DE
HEINEN,XX
HENKE,XX
HENGE,XX
HENEINE,XX
HENDGES,XX
HELMER,XX
HELLMANN,DE
HELLBERGER,DE
HELIOTERIO,XX
HELER,XX
HELENA,XX
HEINZ,XX
HEIMBURGER,XX
HAURADOU,XX
HEILIG,XX
HEGENDORNE,XX
HEDLUND,XX
HECKO,XX
HECKERT,XX
HECK,XX
HAYASHIDA,JP
HAYAKAWA,JP
HAWAT,XX
HAUSEN,XX
HAUSCHILD,XX
GRESSLER,XX
GREMIAO,XX
GAMBINI,IT
GERALDINE,XX
GERA,XX
GEORGE,XX
GENUNCIO,XX
GENTILE,XX
GENIOLI,XX
GEMENTE,XX
GEMELLI,IT
GEMAQUE,XX
GELBCKE,XX
GEFFER,XX
GEBRIM,XX
GEBER,XX
GEANBASTIANI,XX
GAZZOLA,IT
GAZEL,XX
GAZALLE,XX
GAYESKI,XX
GAYER,XX
GAYA,XX
GAVIOLI,XX
GAVI,XX
GAVAZZA,IT
GAUZISKI,XX
GAUZE,XX
GAUTIER,FR
GERALDES,XX
GERBER,XX
GREJANIN,XX
GEREMIA,XX
GIACOMELLO,IT
GIACOMASSI,XX
GIACOBBO,XX
GIABARDO,XX
GHIRELLI,IT
GHETTI,IT
GHELMAN,XX
GHELFI,XX
GHELARDI,XX
GHAZALE,XX
GHARIB,XX
GHANI,XX
GEWANDSZNAJDER,XX
GETELINA,XX
GETASSI,XX
GESTEIRA,XX
GERVAZONI,IT
GERVASONI,IT
GERVASIO,XX
GERTRUDES,XX
GEROLIMICH,XX
GERLIN,XX
GERHEIM,DE
GERHARDT,DE
GEREVINI,IT
GAUTERIO,XX
GAUJAC,XX
GAUER,DE
GAUDENCIO,XX
GARIBE,XX
GARIANI,XX
GARGANO,XX
GARDES,XX
GARCIAS,XX
GARCETE,XX
GARCET,FR
GARBUIO,XX
GARBINI,IT
GARBIN,XX
GARBIM,XX
GARBI,XX
GARBELOTTI,IT
GARBAZZA,IT
GARBACIO,XX
GANZER,XX
GANTUS,XX
GANTOIS,FR
GANME,XX
GANDOLPHO,XX
GANDOLFO,XX
GANDINI,IT
GANDARA,XX
GAMO,XX
GAMENHA,XX
GARIGLIO,XX
GARITTA,XX
GARLIPP,XX
GASPARINI,IT
GAUCHE,XX
GAUCH,XX
GATINHO,XX
GASTALDO,XX
GASTAL,XX
GASSEN,XX
GASS,XX
GASQUES,XX
GASPARRI,XX
GASPAROTTO,IT
GASPARONI,IT
GASPARIM,XX
GARNIER,FR
GASPARETO,XX
GASPARETE,XX
GASCO,XX
GARSKE,XX
GARROS,XX
GARROCHO,XX
GARRO,XX
GARRETO,XX
GARONZI,XX
GARON,XX
GAROFALO,XX
GIACOMET,FR
GIACOMIN,XX
GIANASI,XX
GORETE,XX
GRAMANI,XX
GRAMACHO,XX
GRALLE,XX
GRAIA,XX
GRAHL,XX
GRAEBIN,XX
GRADIN,XX
GRADILONE,XX
GRADELLA,IT
GRACIOLLI,XX
GRACINDO,XX
GOZZO,IT
GOZZI,IT
GOZA,XX
GOVINATSKI,XX
GOVEDISE,XX
GOUGH,XX
GOUGET,FR
GOUDINHO,XX
GOUDART,XX
GOTZKE,XX
GOTTARDI,XX
GOTARDELO,XX
GOSENHEIMER,XX
GORTZ,XX
GRAMLING,XX
GRAMOSA,XX
GRAMOZA,XX
GRAUDO,XX
GREGORINI,IT
GREGIANINI,IT
GREFF,XX
GRECIA,XX
GREBOGI,XX
GRAZIOLLA,XX
GRAZINOLI,XX
GRAZIATO,XX
GRAVINA,XX
GRAVE,XX
GRAVA,XX
GRATIVOL,XX
GRANADO,XX
GRASSO,XX
GRASSIA,XX
GRASSER,XX
GRASEL,XX
GRAPIUNA,XX
GRANVILLE,FR
GRANJEIRO,XX
GRANGEIRO,XX
GRANEMANN,DE
GRANDOLPHO,XX
GRANATA,XX
GORSANI,XX
GORDON,XX
GIANOTTI,IT
GORDIN,XX
GNECCO,XX
GIVISIEZ,ES
GIVIGI,XX
GIUSTINA,XX
GIULI,XX
GIROTTO,IT
GIRON,XX
GIRAUDO,XX
GIRARD,FR
GIOVENARDI,XX
GIOVANNI,XX
GIOVANI,XX
GIORGIS,XX
GINZBARG,XX
GINDRI,XX
GIMENES,XX
GILVAZ,XX
GILLO,ES
GIFONI,IT
GIFFONI,IT
GIBAUT,XX
GIASSI,XX
GIARETTA,IT
GIARETA,XX
GIANTOMASSO,XX
GNO,XX
GNOATTO,XX
GOBBATO,XX
GOLDSCHMIDT,XX
GORDILHO,XX
GOPFERT,XX
GONZALIS,XX
GONTSCHAROW,XX
GONRING,XX
GONDINHO,XX
GONDAR,XX
GOLTZ,XX
GOLLNER,XX
GOLINELHI,XX
GOLFETTI,IT
GOLDMAN,XX
GOBBI,XX
GOLDBACH,DE
GOLD,XX
GOKE,XX
GOIN,XX
GOIANA,XX
GOIABEIRA,XX
GOETZE,XX
GOETTERT,XX
GOEPFERT,XX
GODIM,XX
GOBIRA,XX
ZYTKUEWISZ,XX
